{"channel_title":"SamSmithWorldVEVO","description":"Stream, Download and Listen to Pray feat. Logic now: http://samsmith.world/LogicPrayIDThey never knew my struggleRose above the rubbleRather live inside their bubble Than go through the troubleOf having their double double vision correctedThey just neglect it andI’ve been thinking latelyWill the Devil take me?Or will God protect me?I know I ain’t perfectBut you should respect meThey don’t want me happyThey don’t wanna let me liveI’m young and I’m foolishI make bad decisionsI block out the newsTurn my back on religionDon’t have no degreeI’m somewhat naïveI have made it this far on my ownBut lately that shit ain’t been getting me higherI lift up my head and the world is on fireThere’s dread in my heartAnd fear in my bonesI just don’t know what to sayMaybe I’ll prayPrayMaybe I’ll prayI have never believed in you, noBut I’m gonna prayI am meI’m a manI’m a sinnerBut understandAren’t we all?So when it comes to passing judgementsI don’t think that you’re the one to make the callHeaven want to cast me out for being me I know theres others like me there to break the fall I know you hater Motherfuckers just can’t relate atIf I’m the first one to the line that’s fineI’ll take it allBut Logic he gon’ let ‘em knowI ain’t perfectBut I’m worth itI’m aliveI deserve itI’ve been praying I ain’t playingI don’t think you hear the words that I’m sayingI don’t think you know the weight on my shouldersThat gets heavier as I get olderCalling anybodyCalling anybodyCan you hear me?I pray that you hear meI pray that you hear meMaybe I’ll prayPrayMaybe I’ll prayI’ve never believed in you, noBut I’m gonnaWon’t you call me?Can we have a one on one please?Let’s talk about freedomEveryone prays in the endEveryone prays in the endOh, won’t you call me?Can we have a one on one please?Let’s talk about freedomEveryone prays in the endEveryone prays in the endOh, I’m gonnaPrayI’m gonnaPrayI’m gonnaPrayPray for a glimmer of hopeMaybe I’ll prayPrayMaybe I’ll prayI’ve never believed in you, noBut I’m gonna prayFollow Sam Smith:http://samsmithworld.comhttp://facebook.com/samsmithworldhttp://instagram.com/samsmithworldhttp://twitter.com/samsmithworldMusic video by Sam Smith performing Pray. © 2018 Universal Music Operations Limitedhttp://vevo.ly/uLE08l","id":"8h--kFui1JA","latest_date":"18.08.06","latest_dislikes":"9294","latest_likes":"359012","latest_views":"20934803","title":"Sam Smith - Pray (Official Video) ft. Logic","trending_days":[{"date":"18.10.05","dislikes":"1133","likes":"72641","views":"641944"},{"date":"18.11.05","dislikes":"3725","likes":"148686","views":"2174315"},{"date":"18.12.05","dislikes":"4470","likes":"184871","views":"3117295"},{"date":"18.13.05","dislikes":"4933","likes":"209148","views":"3974218"},{"date":"18.15.05","dislikes":"5767","likes":"235414","views":"5303674"},{"date":"18.16.05","dislikes":"6077","likes":"246832","views":"6126929"},{"date":"18.17.05","dislikes":"6353","likes":"260150","views":"7151575"},{"date":"18.18.05","dislikes":"6608","likes":"270086","views":"8013710"},{"date":"18.19.05","dislikes":"6818","likes":"278963","views":"8857904"},{"date":"18.20.05","dislikes":"7033","likes":"287162","views":"9632961"},{"date":"18.21.05","dislikes":"7227","likes":"293760","views":"10338736"},{"date":"18.22.05","dislikes":"7438","likes":"300278","views":"11094599"},{"date":"18.23.05","dislikes":"7637","likes":"306384","views":"11889250"},{"date":"18.24.05","dislikes":"7796","likes":"312123","views":"12687051"},{"date":"18.25.05","dislikes":"7963","likes":"316898","views":"13449799"},{"date":"18.26.05","dislikes":"8111","likes":"321979","views":"14261184"},{"date":"18.27.05","dislikes":"8215","likes":"325603","views":"14799596"},{"date":"18.28.05","dislikes":"8325","likes":"329005","views":"15323251"},{"date":"18.29.05","dislikes":"8425","likes":"332345","views":"15929709"},{"date":"18.30.05","dislikes":"8552","likes":"335666","views":"16538689"},{"date":"18.31.05","dislikes":"8724","likes":"340361","views":"17424422"},{"date":"18.01.06","dislikes":"8766","likes":"341663","views":"17687467"},{"date":"18.02.06","dislikes":"8859","likes":"344234","views":"18142370"},{"date":"18.03.06","dislikes":"8945","likes":"346879","views":"18603707"},{"date":"18.04.06","dislikes":"9039","likes":"349364","views":"19035197"},{"date":"18.05.06","dislikes":"9114","likes":"351824","views":"19522248"},{"date":"18.06.06","dislikes":"9182","likes":"355237","views":"20170806"},{"date":"18.07.06","dislikes":"9215","likes":"356934","views":"20517705"},{"date":"18.08.06","dislikes":"9294","likes":"359012","views":"20934803"}]}
{"channel_title":"BostonDynamics","id":"vjSohj-Iclc","latest_date":"18.08.06","latest_dislikes":"3123","latest_likes":"86419","latest_views":"6731401","title":"Getting some air, Atlas?","trending_days":[{"date":"18.12.05","dislikes":"1013","likes":"47709","views":"2809121"},{"date":"18.13.05","dislikes":"2108","likes":"66880","views":"4624285"},{"date":"18.15.05","dislikes":"2666","likes":"76461","views":"5650991"},{"date":"18.15.05","dislikes":"2666","likes":"76461","views":"5650991"},{"date":"18.16.05","dislikes":"2816","likes":"78765","views":"5936113"},{"date":"18.17.05","dislikes":"2858","likes":"79824","views":"6046988"},{"date":"18.18.05","dislikes":"2890","likes":"80722","views":"6131730"},{"date":"18.19.05","dislikes":"2916","likes":"81422","views":"6192873"},{"date":"18.20.05","dislikes":"2940","likes":"81988","views":"6248792"},{"date":"18.21.05","dislikes":"2961","likes":"82436","views":"6306752"},{"date":"18.22.05","dislikes":"2971","likes":"82726","views":"6352479"},{"date":"18.23.05","dislikes":"2980","likes":"82980","views":"6383031"},{"date":"18.24.05","dislikes":"2991","likes":"83242","views":"6405488"},{"date":"18.25.05","dislikes":"3004","likes":"83600","views":"6428728"},{"date":"18.26.05","dislikes":"3018","likes":"83933","views":"6454230"},{"date":"18.27.05","dislikes":"3026","likes":"84177","views":"6472514"},{"date":"18.28.05","dislikes":"3033","likes":"84440","views":"6506028"},{"date":"18.29.05","dislikes":"3044","likes":"84623","views":"6531110"},{"date":"18.30.05","dislikes":"3047","likes":"84803","views":"6547710"},{"date":"18.31.05","dislikes":"3063","likes":"85156","views":"6598390"},{"date":"18.01.06","dislikes":"3067","likes":"85246","views":"6609445"},{"date":"18.02.06","dislikes":"3073","likes":"85394","views":"6634826"},{"date":"18.03.06","dislikes":"3088","likes":"85624","views":"6655503"},{"date":"18.04.06","dislikes":"3098","likes":"85863","views":"6672166"},{"date":"18.05.06","dislikes":"3102","likes":"86003","views":"6688253"},{"date":"18.06.06","dislikes":"3108","likes":"86159","views":"6707496"},{"date":"18.07.06","dislikes":"3112","likes":"86278","views":"6718414"},{"date":"18.08.06","dislikes":"3123","likes":"86419","views":"6731401"}]}
{"channel_title":"Charlie Puth","description":"Voicenotes Available Now: https://Atlantic.lnk.to/VoicenotesIDExclusive Voicenotes Merchandise Bundles Available Here: http://smarturl.it/VoiceNotesD2CYTFollow Charlie:http://www.charlieputh.com http://www.twitter.com/charlieputh http://www.facebook.com/charlieputh http://www.instagram.com/charlieputhhttps://soundcloud.com/charlieputh","id":"iILJvqrAQ_w","latest_date":"18.09.06","latest_dislikes":"2842","latest_likes":"123054","latest_views":"10565823","title":"Charlie Puth - BOY [Official Audio]","trending_days":[{"date":"18.12.05","dislikes":"616","likes":"55917","views":"981789"},{"date":"18.13.05","dislikes":"1000","likes":"70385","views":"1576237"},{"date":"18.15.05","dislikes":"1321","likes":"81085","views":"2124177"},{"date":"18.15.05","dislikes":"1321","likes":"81085","views":"2124177"},{"date":"18.16.05","dislikes":"1409","likes":"84758","views":"2492498"},{"date":"18.17.05","dislikes":"1519","likes":"88748","views":"2940284"},{"date":"18.18.05","dislikes":"1615","likes":"92335","views":"3341502"},{"date":"18.19.05","dislikes":"1715","likes":"95497","views":"3720006"},{"date":"18.20.05","dislikes":"1808","likes":"98555","views":"4120719"},{"date":"18.21.05","dislikes":"1890","likes":"101222","views":"4517478"},{"date":"18.22.05","dislikes":"1977","likes":"103436","views":"4932236"},{"date":"18.23.05","dislikes":"2039","likes":"105346","views":"5355078"},{"date":"18.24.05","dislikes":"2116","likes":"107144","views":"5811174"},{"date":"18.25.05","dislikes":"2191","likes":"108932","views":"6259661"},{"date":"18.26.05","dislikes":"2249","likes":"110545","views":"6730344"},{"date":"18.27.05","dislikes":"2291","likes":"111620","views":"6998150"},{"date":"18.28.05","dislikes":"2331","likes":"112713","views":"7279521"},{"date":"18.29.05","dislikes":"2375","likes":"113793","views":"7609772"},{"date":"18.30.05","dislikes":"2431","likes":"114868","views":"7933848"},{"date":"18.31.05","dislikes":"2513","likes":"116469","views":"8441561"},{"date":"18.01.06","dislikes":"2529","likes":"116913","views":"8582972"},{"date":"18.02.06","dislikes":"2564","likes":"117682","views":"8828147"},{"date":"18.03.06","dislikes":"2597","likes":"118601","views":"9085180"},{"date":"18.04.06","dislikes":"2641","likes":"119395","views":"9316804"},{"date":"18.05.06","dislikes":"2677","likes":"120118","views":"9562869"},{"date":"18.06.06","dislikes":"2737","likes":"121094","views":"9915555"},{"date":"18.07.06","dislikes":"2762","likes":"121749","views":"10118545"},{"date":"18.08.06","dislikes":"2805","likes":"122438","views":"10364125"},{"date":"18.09.06","dislikes":"2842","likes":"123054","views":"10565823"}]}
{"channel_title":"nigahiga","description":"Play Fortnite for FREE here: https://pixly.go2cloud.org/SHcpThanks to Epic Games for sponsoring this video  Order my book how to write good http://higatv.com/ryan-higas-how-to-write-good-pre-order-links/Just Launched New Official Storehttps://www.gianthugs.com/collections/ryanHigaTV Channelhttp://www.youtube.com/higatvTwitterhttp://www.twitter.com/therealryanhigaFacebookhttp://www.facebook.com/higatvWebsitehttp://www.higatv.comInstagramhttp://www.instagram.com/notryanhigaSend us mail or whatever you want here!PO Box 232355Las Vegas, NV 89105","id":"UfKmSfgFxi8","latest_date":"18.09.06","latest_dislikes":"16115","latest_likes":"551373","latest_views":"15346180","title":"FORTNITE The Movie (Official Fake Trailer)","trending_days":[{"date":"18.13.05","dislikes":"7536","likes":"316570","views":"5338017"},{"date":"18.15.05","dislikes":"10966","likes":"408385","views":"8289563"},{"date":"18.15.05","dislikes":"10966","likes":"408385","views":"8289563"},{"date":"18.16.05","dislikes":"11920","likes":"435048","views":"9353689"},{"date":"18.17.05","dislikes":"13024","likes":"465953","views":"10430142"},{"date":"18.18.05","dislikes":"13902","likes":"491016","views":"11390039"},{"date":"18.19.05","dislikes":"14290","likes":"501886","views":"11929821"},{"date":"18.20.05","dislikes":"14608","likes":"510442","views":"12425286"},{"date":"18.21.05","dislikes":"14833","likes":"517225","views":"12795179"},{"date":"18.22.05","dislikes":"14986","likes":"521222","views":"13022503"},{"date":"18.23.05","dislikes":"15064","likes":"523515","views":"13160640"},{"date":"18.24.05","dislikes":"15138","likes":"525703","views":"13304672"},{"date":"18.25.05","dislikes":"15197","likes":"527366","views":"13424384"},{"date":"18.26.05","dislikes":"15277","likes":"529412","views":"13602597"},{"date":"18.27.05","dislikes":"15357","likes":"531382","views":"13777964"},{"date":"18.28.05","dislikes":"15424","likes":"533040","views":"13931195"},{"date":"18.29.05","dislikes":"15482","likes":"534452","views":"14056749"},{"date":"18.30.05","dislikes":"15532","likes":"535806","views":"14174607"},{"date":"18.31.05","dislikes":"15643","likes":"538201","views":"14356102"},{"date":"18.01.06","dislikes":"15671","likes":"538895","views":"14426295"},{"date":"18.02.06","dislikes":"15720","likes":"540409","views":"14542487"},{"date":"18.03.06","dislikes":"15789","likes":"542352","views":"14681993"},{"date":"18.04.06","dislikes":"15876","likes":"544906","views":"14834674"},{"date":"18.05.06","dislikes":"15939","likes":"546466","views":"14934571"},{"date":"18.06.06","dislikes":"15993","likes":"548255","views":"15056193"},{"date":"18.07.06","dislikes":"16032","likes":"549048","views":"15128450"},{"date":"18.08.06","dislikes":"16070","likes":"550124","views":"15228152"},{"date":"18.09.06","dislikes":"16115","likes":"551373","views":"15346180"}]}
{"channel_title":"Lucas and Marcus","description":"BEST MOM EVER! TIX ON SALE NOW!! https://www.dobretour.com/WE POST TUESDAY,THURSDAY, & SUNDAY!TURN OUR POST NOTIFICATIONS ON FOR A SHOUTOUT!SUBSCRIBE TO THE DOBRE VLOG CHANNEL! https://www.youtube.com/channel/UCC3OGYxHwV8pB5yLobw9KdASUBSCRIBE TO THE LUCAS AND MARCUS CHANNEL!https://www.youtube.com/user/TwiNboTzVids Lucas's Social Media  Instagram: https://www.instagram.com/lucas_dobre/Twitter: https://twitter.com/dobrelucasFacebook: https://www.facebook.com/dobrelucas/Snapchat: lucas_dobreMusical.ly: DobreTwins Marcus's Social Media  Instagram: https://www.instagram.com/marcusdobreTwitter: https://twitter.com/dobremarcusFacebook: https://www.facebook.com/marcusdobre/Snapchat: marcusdobre1Musical.ly: DobretwinsFollow the Dobre Brothers: Instagram: https://www.instagram.com/dobrebrothers/BIZ - dobrebrothersmgmt@gmail.com THANKS FOR WATCHING!WE MADE OUR MOM CRY...HER DREAM CAME TRUE!https://www.youtube.com/user/TwiNboTzVids","id":"j4KvrAUjn6c","latest_date":"18.11.06","latest_dislikes":"20892","latest_likes":"163325","latest_views":"10381263","title":"WE MADE OUR MOM CRY...HER DREAM CAME TRUE!","trending_days":[{"date":"18.14.05","dislikes":"4696","likes":"54280","views":"2131702"},{"date":"18.15.05","dislikes":"12160","likes":"77378","views":"3906727"},{"date":"18.15.05","dislikes":"12160","likes":"77378","views":"3906727"},{"date":"18.16.05","dislikes":"14792","likes":"90451","views":"4862649"},{"date":"18.17.05","dislikes":"16170","likes":"101461","views":"5665445"},{"date":"18.18.05","dislikes":"17131","likes":"110373","views":"6290796"},{"date":"18.19.05","dislikes":"17787","likes":"116508","views":"6773604"},{"date":"18.20.05","dislikes":"18323","likes":"121673","views":"7204004"},{"date":"18.21.05","dislikes":"18633","likes":"125317","views":"7512530"},{"date":"18.22.05","dislikes":"18901","likes":"128377","views":"7740671"},{"date":"18.23.05","dislikes":"19082","likes":"130906","views":"7935926"},{"date":"18.24.05","dislikes":"19203","likes":"133189","views":"8111785"},{"date":"18.25.05","dislikes":"19324","likes":"135425","views":"8269671"},{"date":"18.26.05","dislikes":"19469","likes":"137831","views":"8447036"},{"date":"18.27.05","dislikes":"19559","likes":"139338","views":"8566954"},{"date":"18.28.05","dislikes":"19645","likes":"140940","views":"8696486"},{"date":"18.29.05","dislikes":"19706","likes":"142441","views":"8813246"},{"date":"18.30.05","dislikes":"19784","likes":"143957","views":"8919607"},{"date":"18.31.05","dislikes":"19887","likes":"146110","views":"9081270"},{"date":"18.01.06","dislikes":"19925","likes":"146847","views":"9146279"},{"date":"18.02.06","dislikes":"19980","likes":"148140","views":"9246304"},{"date":"18.03.06","dislikes":"20048","likes":"149538","views":"9353414"},{"date":"18.04.06","dislikes":"20123","likes":"151029","views":"9469242"},{"date":"18.05.06","dislikes":"20232","likes":"152552","views":"9581434"},{"date":"18.06.06","dislikes":"20398","likes":"154861","views":"9741685"},{"date":"18.07.06","dislikes":"20494","likes":"156308","views":"9855179"},{"date":"18.08.06","dislikes":"20617","likes":"158478","views":"10000226"},{"date":"18.09.06","dislikes":"20717","likes":"160160","views":"10133947"},{"date":"18.10.06","dislikes":"20861","likes":"162696","views":"10330588"},{"date":"18.11.06","dislikes":"20892","likes":"163325","views":"10381263"}]}
{"channel_title":"grav3yardgirl","description":"I will never be able to say Thank You enough... Thank you for being my family.➡ CLICK HERE -  http://bit.ly/GiveAGatorItsWings➡ SUBSCRIBE TO MY 2ND CHANNEL!: http://bit.ly/2hsXpQd➡ ADD ME ON SNAPCHAT: BM885_ _ _ _ _ _ _ _ _ _ _ _ _ _ _ _ _ _ _ _ _ _ _ _ _ _ _ _ _ _ _ _ _ _♡ GRAV3YARD CURL COLLECTION: http://bit.ly/Grav3yardCurl♡ Entire Set - http://bit.ly/Grav3yardCurlSet♡ Gator Hairdryer: http://bit.ly/GatorHairdryer♡ Gator Flat Iron: http://bit.ly/GatorFlatIron♡ Gator Clipless Curler: http://bit.ly/GatorCliplessCurler♡ INSTAGRAM: http://bit.ly/1wdGBwS  ♡ TWITTER: http://twitter.com/grav3yardgirl♡ FACEBOOK: http://bit.ly/2ktztLnyou might enjoy these other videos?EDIBLE JELLO GLASSES: http://bit.ly/EdibleJelloGlasses$500 Designer Mystery Box: http://bit.ly/LuxuryMysteryBox$900 Ebay 90s Mystery Box: http://bit.ly/90sMysteryBoxLucky Bag 2018: http://bit.ly/LuckyBag2018Grav3yardgirlMaking a MINIATURE Happy Meal: http://bit.ly/MiniatureHappyMealWUBBLE BUBBLE BALL: http://bit.ly/WubbleBubbleGrav3yardgirlSNO CONE SLIME DIY: http://bit.ly/SnoConeSlimeFishbowl Slime DIY: http://bit.ly/FishbowlSlime♡ EVERYTIME YOU SUBSCRIBE, A GATOR GETS HIS WINGS! ♡FTC- I am not being paid by any of the mentioned companies or designers to make this video. The views in this video are strictly my own and I am not affiliated with any of these companies.","id":"QBL8IRJ5yHU","latest_date":"18.11.06","latest_dislikes":"13441","latest_likes":"306473","latest_views":"3811648","title":"Why I'm So Scared (being myself and crying too much)","trending_days":[{"date":"18.15.05","dislikes":"3124","likes":"188652","views":"1469627"},{"date":"18.15.05","dislikes":"3124","likes":"188652","views":"1469627"},{"date":"18.16.05","dislikes":"9214","likes":"264364","views":"2806454"},{"date":"18.17.05","dislikes":"11291","likes":"280422","views":"3169706"},{"date":"18.18.05","dislikes":"11974","likes":"286754","views":"3305195"},{"date":"18.19.05","dislikes":"12379","likes":"290270","views":"3388949"},{"date":"18.20.05","dislikes":"12717","likes":"293022","views":"3457778"},{"date":"18.21.05","dislikes":"12900","likes":"295306","views":"3519164"},{"date":"18.22.05","dislikes":"13066","likes":"297520","views":"3575061"},{"date":"18.23.05","dislikes":"13205","likes":"298978","views":"3613618"},{"date":"18.24.05","dislikes":"13241","likes":"299820","views":"3634804"},{"date":"18.25.05","dislikes":"13261","likes":"300548","views":"3651236"},{"date":"18.26.05","dislikes":"13289","likes":"301104","views":"3667610"},{"date":"18.27.05","dislikes":"13304","likes":"301570","views":"3680381"},{"date":"18.28.05","dislikes":"13322","likes":"302029","views":"3692671"},{"date":"18.29.05","dislikes":"13334","likes":"302494","views":"3705692"},{"date":"18.30.05","dislikes":"13342","likes":"302901","views":"3716941"},{"date":"18.31.05","dislikes":"13361","likes":"303544","views":"3732851"},{"date":"18.01.06","dislikes":"13366","likes":"303724","views":"3738502"},{"date":"18.02.06","dislikes":"13374","likes":"303985","views":"3745787"},{"date":"18.03.06","dislikes":"13380","likes":"304297","views":"3753521"},{"date":"18.04.06","dislikes":"13391","likes":"304578","views":"3761374"},{"date":"18.05.06","dislikes":"13400","likes":"304874","views":"3768814"},{"date":"18.06.06","dislikes":"13413","likes":"305283","views":"3778277"},{"date":"18.07.06","dislikes":"13422","likes":"305555","views":"3786901"},{"date":"18.08.06","dislikes":"13425","likes":"305850","views":"3794496"},{"date":"18.09.06","dislikes":"13430","likes":"306037","views":"3799790"},{"date":"18.10.06","dislikes":"13439","likes":"306382","views":"3808877"},{"date":"18.11.06","dislikes":"13441","likes":"306473","views":"3811648"}]}
{"channel_title":"Complex","description":"YoungBoy Never Broke Again goes Sneaker Shopping with Complex's Joe La Puma at Stadium Goods in New York City and talks about wearing Air Jordans growing up, never wearing the same outfit twice, and wanting to start his own sneaker brand.NOTE: This episode was shot on February, 22, 2018.Subscribe to Complex on YouTube: https://goo.gl/43ac5wCheck out more of Complex here:http://www.complex.comhttps://twitter.com/Complexhttps://www.facebook.com/complexhttp://instagram.com/complexhttps://plus.google.com/+complex/COMPLEX is a community of creators and curators, armed with the Internet, committed to surfacing and sharing the voices and conversations that define our new America. Our videos exemplify convergence culture, exploring topics that include music, sneakers, style, sports and pop culture through original shows and Complex News segments. Featuring your favorite celebrities, authoritative commentary, and a unique voice, our videos make culture pop.","id":"t4pRQ0jn23Q","latest_date":"18.11.06","latest_dislikes":"5707","latest_likes":"116674","latest_views":"4654027","title":"YoungBoy Never Broke Again Goes Sneaker Shopping With Complex","trending_days":[{"date":"18.15.05","dislikes":"2380","likes":"49709","views":"1199587"},{"date":"18.15.05","dislikes":"2380","likes":"49709","views":"1199587"},{"date":"18.16.05","dislikes":"3945","likes":"81040","views":"2340496"},{"date":"18.17.05","dislikes":"4572","likes":"95722","views":"3023455"},{"date":"18.18.05","dislikes":"4864","likes":"101891","views":"3380372"},{"date":"18.19.05","dislikes":"5027","likes":"104844","views":"3600038"},{"date":"18.20.05","dislikes":"5184","likes":"107073","views":"3787250"},{"date":"18.21.05","dislikes":"5285","likes":"108371","views":"3901044"},{"date":"18.22.05","dislikes":"5377","likes":"109342","views":"3985156"},{"date":"18.23.05","dislikes":"5435","likes":"110082","views":"4049446"},{"date":"18.24.05","dislikes":"5461","likes":"110595","views":"4095960"},{"date":"18.25.05","dislikes":"5482","likes":"111116","views":"4141442"},{"date":"18.26.05","dislikes":"5505","likes":"111690","views":"4195355"},{"date":"18.27.05","dislikes":"5527","likes":"112220","views":"4244664"},{"date":"18.28.05","dislikes":"5554","likes":"112702","views":"4285373"},{"date":"18.29.05","dislikes":"5583","likes":"113142","views":"4326712"},{"date":"18.30.05","dislikes":"5599","likes":"113556","views":"4361175"},{"date":"18.31.05","dislikes":"5621","likes":"114097","views":"4406761"},{"date":"18.01.06","dislikes":"5628","likes":"114306","views":"4428206"},{"date":"18.02.06","dislikes":"5641","likes":"114669","views":"4455543"},{"date":"18.03.06","dislikes":"5650","likes":"115005","views":"4483725"},{"date":"18.04.06","dislikes":"5658","likes":"115293","views":"4506823"},{"date":"18.05.06","dislikes":"5662","likes":"115533","views":"4530467"},{"date":"18.06.06","dislikes":"5670","likes":"115781","views":"4557542"},{"date":"18.07.06","dislikes":"5676","likes":"115917","views":"4572696"},{"date":"18.08.06","dislikes":"5687","likes":"116096","views":"4594055"},{"date":"18.09.06","dislikes":"5691","likes":"116260","views":"4612583"},{"date":"18.10.06","dislikes":"5702","likes":"116581","views":"4643574"},{"date":"18.11.06","dislikes":"5707","likes":"116674","views":"4654027"}]}
{"channel_title":"杰威爾音樂 JVR Music","description":"詞：周杰倫、宋健彰（彈頭）  曲：周杰倫憂鬱型男的走心旋律  用英式搖滾宣洩情傷不愛我就拉倒      寒流來了  剛好剛好可以  把你手放外套把安全帽戴好不讓你在  愛情路上跌倒加速狂飆  你說不要愛的險你不想冒不想被套牢他的懷抱  真比我好？你幸福就好不愛我就拉倒離開之前不要愛的抱抱反正  我又不是沒有人要哥練的胸肌如果你還想靠好膽你就麥造寒流來了  剛好可以  把你手放外套把安全帽戴好  不要在愛情路上跌倒加速狂飆  你  你說不要愛的險你不想冒  不想被我給套牢反正我又不是沒有人要哥練的胸肌如果你還想靠算了  你幸福你幸福就好寒流來了  剛好剛好可以  把你手放外套把安全帽戴好不讓你在  愛情路上跌倒加速狂飆  你說不要愛的險你不想冒不想被套牢他的懷抱  真比我好？你幸福就好不愛我就拉倒離開之前不要愛的抱抱反正  我又不是沒有人要哥練的胸肌如果你還想靠好膽你就麥造你幸福就好不愛我就拉倒離開之前不要愛的抱抱反正  我又不是沒有人要哥練的胸肌如果你還想靠好膽你就麥造◆ 周杰倫 Jay Chou◆ ↬Instagram: https://www.instagram.com/jaychou↬Facebook: https://www.facebook.com/jay","id":"MAjY8mCTXWk","latest_date":"18.11.06","latest_dislikes":"10716","latest_likes":"140214","latest_views":"21957640","title":"周杰倫 Jay Chou【不愛我就拉倒 If You Don't Love Me, It's Fine】Official MV","trending_days":[{"date":"18.15.05","dislikes":"1042","likes":"40485","views":"916128"},{"date":"18.15.05","dislikes":"1042","likes":"40485","views":"916128"},{"date":"18.16.05","dislikes":"2926","likes":"72112","views":"3768004"},{"date":"18.17.05","dislikes":"4013","likes":"86391","views":"5461925"},{"date":"18.18.05","dislikes":"4821","likes":"94542","views":"6301562"},{"date":"18.19.05","dislikes":"5538","likes":"101666","views":"7301019"},{"date":"18.20.05","dislikes":"6265","likes":"107435","views":"8463788"},{"date":"18.21.05","dislikes":"6749","likes":"111105","views":"9395799"},{"date":"18.22.05","dislikes":"7159","likes":"114196","views":"10116519"},{"date":"18.23.05","dislikes":"7499","likes":"117115","views":"10819331"},{"date":"18.24.05","dislikes":"7806","likes":"119583","views":"12296547"},{"date":"18.25.05","dislikes":"8078","likes":"121758","views":"13206688"},{"date":"18.26.05","dislikes":"8450","likes":"124421","views":"14070303"},{"date":"18.27.05","dislikes":"8669","likes":"126086","views":"14632232"},{"date":"18.28.05","dislikes":"8868","likes":"127465","views":"15144751"},{"date":"18.29.05","dislikes":"9094","likes":"128922","views":"15723748"},{"date":"18.30.05","dislikes":"9306","likes":"130175","views":"16281826"},{"date":"18.31.05","dislikes":"9552","likes":"132009","views":"17259071"},{"date":"18.01.06","dislikes":"9631","likes":"132421","views":"17492084"},{"date":"18.02.06","dislikes":"9763","likes":"133471","views":"17937505"},{"date":"18.03.06","dislikes":"9904","likes":"134602","views":"18451559"},{"date":"18.04.06","dislikes":"10026","likes":"135430","views":"18934115"},{"date":"18.05.06","dislikes":"10131","likes":"136187","views":"19390255"},{"date":"18.06.06","dislikes":"10299","likes":"137324","views":"20101137"},{"date":"18.07.06","dislikes":"10368","likes":"137683","views":"20385514"},{"date":"18.08.06","dislikes":"10470","likes":"138334","views":"20785122"},{"date":"18.09.06","dislikes":"10565","likes":"138996","views":"21173273"},{"date":"18.10.06","dislikes":"10689","likes":"140065","views":"21846890"},{"date":"18.11.06","dislikes":"10716","likes":"140214","views":"21957640"}]}
{"channel_title":"Unbox Therapy","description":"Fortnite, PUBG, Far Cry 5? Which game would you play on this gaming PC setup?Visit SteelSeries.com and use discount code “Unbox15”(letters in discount code ARE case sensitive) to get an Unbox 24hr exclusive of 15% off Arctis Pro + GameDAC: http://steelseries.com/arctisproThe Chair - https://amzn.to/2Km7gC6The Monitor - https://amzn.to/2jWuQdkThe Gaming PC - https://www.xidax.com/(More info on gaming PC specs etc. in this video - https://youtu.be/Pvakr7s7qc0)Is this the ultimate gaming PC setup?_________________________________________WATCH SOME MORE VIDEOS...Get The OnePlus 6 EARLY!https://youtu.be/yCxwmH3psxg?list=PL7u4lWXQ3wfI_7PgX0C-VTiwLeu0S4v34Should You Buy The Samsung Galaxy S9?https://youtu.be/SIR67et5tcs?list=PL7u4lWXQ3wfI_7PgX0C-VTiwLeu0S4v34The True All-Screen Smartphone is Here...https://youtu.be/sYvH7Y16iUM?list=PL7u4lWXQ3wfI_7PgX0C-VTiwLeu0S4v34The TRUTH About Smartphones in 2018https://youtu.be/1kllbOrLfoo?list=PL7u4lWXQ3wfI_7PgX0C-VTiwLeu0S4v34World's Biggest Fortnite Gaming Setup!https://youtu.be/8x7UtZKwfHA?list=PL7u4lWXQ3wfI_7PgX0C-VTiwLeu0S4v34The Weirdest Phones In The World...https://youtu.be/o6T9mUq9Vgo?list=PL7u4lWXQ3wfI_7PgX0C-VTiwLeu0S4v34The Coolest Smartphone You'll Never Touch...https://youtu.be/5M3mKgLTn3Q?list=PL7u4lWXQ3wfI_7PgX0C-VTiwLeu0S4v34I'm Switching To The Samsung Galaxy S9https://youtu.be/8g-VjqONplA?list=PL7u4lWXQ3wfI_7PgX0C-VTiwLeu0S4v34The Most Expensive iPhone I've Ever Seen...https://youtu.be/JUi3psxB3QA?list=PL7u4lWXQ3wfI_7PgX0C-VTiwLeu0S4v34The Limited Smartphone You Never Knew Existed...https://youtu.be/SMLgNZYW3XE?list=PL7u4lWXQ3wfI_7PgX0C-VTiwLeu0S4v34The Almost All-Screen Smartphone...https://youtu.be/jAq9RV3k9Qc?list=PL7u4lWXQ3wfI_7PgX0C-VTiwLeu0S4v34TOP SECRET SMARTPHONE DELIVERYhttps://youtu.be/BNnFgT_CAEE?list=PL7u4lWXQ3wfI_7PgX0C-VTiwLeu0S4v34The iPhone X Home Button... Is This Real Life?https://youtu.be/Vz_EE5Ta9ZA?list=PL7u4lWXQ3wfI_7PgX0C-VTiwLeu0S4v34Fortnite on an INSANE $20,000 Gaming PChttps://youtu.be/Pvakr7s7qc0?list=PL7u4lWXQ3wfI_7PgX0C-VTiwLeu0S4v34The $200 Smartphone You NEED To Know About...https://youtu.be/uxLOfjaWRvw?list=PL7u4lWXQ3wfI_7PgX0C-VTiwLeu0S4v34This New Smartphone Is NOT What It Looks Like...https://youtu.be/r8vFZ0HAaz0?list=PL7u4lWXQ3wfI_7PgX0C-VTiwLeu0S4v34Is The Samsung Galaxy S9 Worth The Hype?https://youtu.be/g30Rhk82rmg?list=PL7u4lWXQ3wfI_7PgX0C-VTiwLeu0S4v343 Unique Gadgets You Wouldn't Expect To Existhttps://youtu.be/z5ydE6qQqZU?list=PL7u4lWXQ3wfI_7PgX0C-VTiwLeu0S4v34The Worst Gadget EVER On Unbox Therapy...https://youtu.be/ZOFoPTAqZlQ?list=PL7u4lWXQ3wfI_7PgX0C-VTiwLeu0S4v34The Worst Text You Could Ever Receive...https://youtu.be/HUE9mCN7sek?list=PL7u4lWXQ3wfI_7PgX0C-VTiwLeu0S4v34The Essential Phone Is Back!https://youtu.be/ZxOmJfCEgoc?list=PL7u4lWXQ3wfI_7PgX0C-VTiwLeu0S4v34What If You Could Get AirPods For Only $40? https://youtu.be/6N5V_7_n1uI?list=PL7u4lWXQ3wfI_7PgX0C-VTiwLeu0S4v34I Bought The Cheapest Smartphone on Amazon...https://youtu.be/YkGAg9WmYBs?list=PL7u4lWXQ3wfI_7PgX0C-VTiwLeu0S4v343 Unique Gadgets You Can Buy Right Nowhttps://youtu.be/Yzsf9SECcEo?list=PL7u4lWXQ3wfI_7PgX0C-VTiwLeu0S4v34DON'T Buy The Google Pixel Budshttps://youtu.be/lGkrhR2mfl8?list=PL7u4lWXQ3wfI_7PgX0C-VTiwLeu0S4v34How To Turn Any Android Phone Into An iPhone...https://youtu.be/14pYNywLqDs?list=PL7u4lWXQ3wfI_7PgX0C-VTiwLeu0S4v34Is The LG V30 The Most Underrated Smartphone?https://youtu.be/YsWIHhKmmvY?list=PL7u4lWXQ3wfI_7PgX0C-VTiwLeu0S4v34The Best Wireless Headphones You Can Buy Right Nowhttps://youtu.be/SXyObZahu-o?list=PL7u4lWXQ3wfI_7PgX0C-VTiwLeu0S4v34Unboxing The Samsung Galaxy S9 Clonehttps://youtu.be/1xgbmrsgrq4?list=PL7u4lWXQ3wfI_7PgX0C-VTiwLeu0S4v34It Has Double The Battery of iPhone Xhttps://youtu.be/8Np9Kk82-zA?list=PL7u4lWXQ3wfI_7PgX0C-VTiwLeu0S4v34The Mind Blowing 33 Million Pixel Display...https://youtu.be/OKAU1Xx59ho?list=PL7u4lWXQ3wfI_7PgX0C-VTiwLeu0S4v345 Cool Gadgets Under $10https://youtu.be/hNrSNrEVpkQ?list=PL7u4lWXQ3wfI_7PgX0C-VTiwLeu0S4v34Which Smartphone Do They ACTUALLY Use? --- MKBHD, Austin Evans, Linus + Morehttps://youtu.be/Hi2tjMLVpdQ?list=PL7u4lWXQ3wfI_7PgX0C-VTiwLeu0S4v34Unboxing The World's Smallest Phonehttps://youtu.be/SSzyGCjH88o?list=PL7u4lWXQ3wfI_7PgX0C-VTiwLeu0S4v34The Most RIDICULOUS MacBook Prohttps://youtu.be/46qTg3swoEo?list=PL7u4lWXQ3wfI_7PgX0C-VTiwLeu0S4v34A Message from Apple...https://youtu.be/UiaqBdzCcBA?list=PL7u4lWXQ3wfI_7PgX0C-VTiwLeu0S4v344 Unique iPhone Accessorieshttps://youtu.be/uZgnXJz_9DM?list=PL7u4lWXQ3wfI_7PgX0C-VTiwLeu0S4v34DON'T Buy The iPhone Xhttps://youtu.be/2fGXDFiFBhg?list=PL7u4lWXQ3wfI_7PgX0C-VTiwLeu0S4v34FOLLOW ME IN THESE PLACES FOR UPDATESTwitter - http://twitter.com/unboxtherapyFacebook - http://facebook.com/lewis.hilsentegerInstagram - http://instagram.com/unboxtherapyGoogle Plus - http://bit.ly/1auEeak","id":"r-3iathMo7o","latest_date":"18.11.06","latest_dislikes":"10925","latest_likes":"143678","latest_views":"6995168","title":"The ULTIMATE $30,000 Gaming PC Setup","trending_days":[{"date":"18.15.05","dislikes":"8028","likes":"103430","views":"4700460"},{"date":"18.15.05","dislikes":"8028","likes":"103430","views":"4700460"},{"date":"18.16.05","dislikes":"8624","likes":"110316","views":"5045164"},{"date":"18.17.05","dislikes":"8985","likes":"115097","views":"5317116"},{"date":"18.18.05","dislikes":"9230","likes":"117685","views":"5484378"},{"date":"18.19.05","dislikes":"9367","likes":"119573","views":"5607867"},{"date":"18.20.05","dislikes":"9549","likes":"121726","views":"5763328"},{"date":"18.21.05","dislikes":"9732","likes":"124524","views":"5928002"},{"date":"18.22.05","dislikes":"9872","likes":"126595","views":"6047605"},{"date":"18.23.05","dislikes":"9958","likes":"127934","views":"6124095"},{"date":"18.24.05","dislikes":"10014","likes":"128994","views":"6186232"},{"date":"18.25.05","dislikes":"10064","likes":"129906","views":"6237206"},{"date":"18.26.05","dislikes":"10137","likes":"130985","views":"6297958"},{"date":"18.27.05","dislikes":"10191","likes":"131848","views":"6344678"},{"date":"18.28.05","dislikes":"10233","likes":"132625","views":"6387722"},{"date":"18.29.05","dislikes":"10286","likes":"133425","views":"6431372"},{"date":"18.30.05","dislikes":"10346","likes":"134297","views":"6476889"},{"date":"18.31.05","dislikes":"10402","likes":"135614","views":"6541522"},{"date":"18.01.06","dislikes":"10423","likes":"135945","views":"6560623"},{"date":"18.02.06","dislikes":"10467","likes":"136492","views":"6592008"},{"date":"18.03.06","dislikes":"10516","likes":"137157","views":"6633632"},{"date":"18.04.06","dislikes":"10567","likes":"137988","views":"6680411"},{"date":"18.05.06","dislikes":"10656","likes":"139326","views":"6747824"},{"date":"18.06.06","dislikes":"10730","likes":"140680","views":"6822815"},{"date":"18.07.06","dislikes":"10782","likes":"141144","views":"6854618"},{"date":"18.08.06","dislikes":"10815","likes":"141752","views":"6889655"},{"date":"18.09.06","dislikes":"10846","likes":"142270","views":"6919560"},{"date":"18.10.06","dislikes":"10911","likes":"143452","views":"6980540"},{"date":"18.11.06","dislikes":"10925","likes":"143678","views":"6995168"}]}
{"channel_title":"Rooster Teeth","description":"Millie is invited to help out at a Sugar Pine 7 event and she takes it VERY SERIOUSLY. Join FIRST to watch episodes early: http://bit.ly/2uRn6OxAudio from Off Topic Podcast #100http://achievementhunter.roosterteeth.com/episode/off-topic-the-achievement-hunter-podcast-2017-100-geoh5h» Get your RTAA merch: http://bit.ly/2tRKzOf» Subscribe: http://bit.ly/13y3GumAnimated by: Johnathan FloydDirected by: Andrew LhotskyAbout Rooster Teeth Animated Adventures:The animated shenanigans of the Rooster Teeth staff. Audio taken from various Rooster Teeth podcasts.More Rooster Teeth:» Achievement Hunter: http://bit.ly/AHYTChannel » Let's Play: http://bit.ly/1BuRgl1 » Red vs. Blue: http://bit.ly/RvBChannelhttps://www.youtube.com/user/RoosterTeeth","id":"NBSAQenU2Bk","latest_date":"18.11.06","latest_dislikes":"173","latest_likes":"25434","latest_views":"751768","title":"Rooster Teeth Animated Adventures - Millie So Serious","trending_days":[{"date":"18.15.05","dislikes":"79","likes":"17920","views":"404162"},{"date":"18.15.05","dislikes":"79","likes":"17920","views":"404162"},{"date":"18.16.05","dislikes":"117","likes":"21310","views":"529654"},{"date":"18.17.05","dislikes":"144","likes":"22728","views":"590078"},{"date":"18.18.05","dislikes":"158","likes":"23354","views":"619429"},{"date":"18.19.05","dislikes":"159","likes":"23693","views":"635393"},{"date":"18.20.05","dislikes":"162","likes":"23945","views":"647051"},{"date":"18.21.05","dislikes":"164","likes":"24151","views":"657458"},{"date":"18.22.05","dislikes":"165","likes":"24464","views":"676426"},{"date":"18.23.05","dislikes":"168","likes":"24612","views":"686481"},{"date":"18.24.05","dislikes":"168","likes":"24697","views":"692194"},{"date":"18.25.05","dislikes":"171","likes":"24772","views":"697420"},{"date":"18.26.05","dislikes":"171","likes":"24832","views":"702326"},{"date":"18.27.05","dislikes":"171","likes":"24881","views":"705800"},{"date":"18.28.05","dislikes":"172","likes":"24920","views":"709217"},{"date":"18.29.05","dislikes":"172","likes":"25044","views":"717103"},{"date":"18.30.05","dislikes":"172","likes":"25109","views":"721272"},{"date":"18.31.05","dislikes":"172","likes":"25158","views":"726044"},{"date":"18.01.06","dislikes":"172","likes":"25176","views":"727759"},{"date":"18.02.06","dislikes":"172","likes":"25193","views":"729596"},{"date":"18.03.06","dislikes":"172","likes":"25213","views":"731476"},{"date":"18.04.06","dislikes":"172","likes":"25229","views":"733454"},{"date":"18.05.06","dislikes":"173","likes":"25303","views":"739487"},{"date":"18.06.06","dislikes":"173","likes":"25351","views":"743263"},{"date":"18.07.06","dislikes":"173","likes":"25372","views":"745139"},{"date":"18.08.06","dislikes":"173","likes":"25384","views":"746805"},{"date":"18.09.06","dislikes":"173","likes":"25397","views":"748282"},{"date":"18.10.06","dislikes":"173","likes":"25424","views":"750792"},{"date":"18.11.06","dislikes":"173","likes":"25434","views":"751768"}]}
