{"category_id":"28","end_day":"17.19.11","number_of_videos":10,"start_day":"17.13.11","total_views":10277077,"video_id":["YVcroDDi24s","DNwTXSrQ6AQ","kgaO45SyaO4","sz6lDZPPzK8","abCpY9oma3k","fRj34o4hN4I","RKwIhEVK_A8","TUnyAyENNEk","RYvyZbYvArE","ke3cEdrBbYA"]}
{"category_id":"10","end_day":"17.26.11","number_of_videos":14,"start_day":"17.20.11","total_views":20530925,"video_id":["aYbrpnpz3Kw","D3mrFEJgAlg","divggcQFXEw","9ceUa5HRvag","UceaB4D0jpo","JN7m5s_D0aI","0xqczZWP2So","alBfkoN3f48","Uhptv0VLp5M","DINCpvu2L_g","LgmxMuW6Fsc","qZkbH6Q8Oh4","kTlv5_Bs8aw","GhY2Tnil03I"]}
{"category_id":"24","end_day":"17.03.12","number_of_videos":34,"start_day":"17.27.11","total_views":13285874,"video_id":["vanibZ9VYqA","bMj52qjlLIU","O_LlJ1JKpus","nDnGQvgub9g","IoTtMTfeuS4","G0EdovtC0i4","x91l0xZ5PAg","iCs355gUgZE","0GSO-XPtPI0","iIYwVHW0gIM","wuShxdlQx30","D4I64-GCN-c","CE-7xWf5k5Y","AZp_54850a0","3VbHg5fqBYw","VUb5yWYww90","oZuUIu-iWAI","xY7sHfV5ReQ","_PW191szkro","pF8nafsroK0","KFkB66szOGs","j1FtIiKUK8Q","e7PhNKg90ZY","_HO6b5aqYCM","qFsGYP8eZDQ","eng7k3WZxX0","kohazg0V96k","suoWXycjKVw","PksTScxpODM","Ym7vJnDeaSs","uhb_pZM9UnM","BdsX-r3jzvc","AiEQ3L4o5jU","TjBMtr5kx88"]}
{"category_id":"24","end_day":"17.10.12","number_of_videos":22,"start_day":"17.04.12","total_views":33136067,"video_id":["mNibGi1ZTdE","Q__t2PmQ4vk","jFWUmQJjcJM","8e-5Cbi4DMg","Eyzjg0tcRHg","Ety-6-OiiL8","FA2LD8114Uw","3oueFpfVDyU","0mOUr56CSps","VxKBq4V_AlA","FlsCjmMhFmw","MBm5fGnpMGs","jK2Z_1dboR0","LWlQooXputs","qFEHH8hQTvA","4NHaQgjpEmo","CDYGrTjZoxw","2qiqk8t13o4","_PY9A3IvoxM","Z2PdzJssC4w","P3TqmBXPpPw","J2h8O97DotQ"]}
{"category_id":"22","end_day":"17.17.12","number_of_videos":38,"start_day":"17.11.12","total_views":9554556,"video_id":["ILXE_v46bKY","MxMpzzoy2E8","cwovLOtQFZI","6pohXiCLO6A","W7-WWufj-WQ","q-s1ydV8JGo","4l86AF9rge4","6_vWe5VEsa8","1ZR1Hm6tcyM","JfWA0kJqDl4","4bt-ZSvzQnU","yP6VGTtRgMI","VwXR-UUb0f8","-5INKKACBTQ","s_E7VhyiyY0","CdpHzRlzE8o","Ii_q6xXBnzY","0ppGoXUkJ0c","PoELMdRbKvs","2jAlf0ZeiQw","iB1Or7xgmfI","06FIcXpZiSU","uFu1KGI2wMI","jloZgkwmVKA","8ehVKNtZ1xM","fjyiTtxisqc","V-lqkesGADc","ad7L6RA1Kec","bAIIPeGjXCw","55t_PyKevig","cB9NK3ZvxJ8","AcUDTEgpQnc","HntMZxaDmlg","ty2uYwKA6Wc","gSfhiGmMslw","99wWZ9XvLD0","7Un7ff3BTwQ","R2-JOJ5B27k"]}
{"category_id":"10","end_day":"17.24.12","number_of_videos":28,"start_day":"17.18.12","total_views":16915948,"video_id":["husl_kwi4xs","1-3cLLfZWPA","Z5GC0KyUb50","KG-7yu2GNko","Nb18RPR8nJY","2TQEnRi-6sw","lDRX-mqkNIg","l_lblj8Cq0o","cKUUYHzbGgM","hocHLKRLM-s","rUHQP6S1vcc","kY_dLX3rmQM","ygcZlgBISkk","qMsEP_kURec","jU6K4Did_qM","WS7f5xpGYn8","atFJT7VOa44","CTTLh9jsoac","N89_ZTq4CJ0","B2S16RpsEJ0","moaQvHRsDMI","GLVhcxf31bc","ox7RsX1Ee34","9v4FKuU4rVE","emEI9qlQkDw","rZDcKI4kGtU","tcoKJd42zcE","rPbhgGxvS_8"]}
{"category_id":"22","end_day":"17.31.12","number_of_videos":52,"start_day":"17.25.12","total_views":8848609,"video_id":["4INULhbtqxw","pVX_1VpTOXw","U8H1usmAcVc","1McQAFGlmC4","nfRgs11eSdY","6hs5rLRj3ZE","IkpenEZHtJw","q46sYATU4gA","yWjuuFT2wfw","UIMT82pp-Fk","APhl57Bu3yo","AG5jzCXy0Wc","abMpo4VS2A4","sv_0kbkbK0k","TxApNWaZU_g","JXYwrORQ3zQ","wSyJKBQh4-U","i7EcyFNGgQA","ID3NF81xAW8","Rx_1WLpTrdk","C1XNSZ_Ko-Q","2WJ74EqRH-w","9QoZUpj9Hmo","VcyW2kRmnCY","8TYNUhlPGJg","02aZ2Ecn_Gs","UQX8XIEr3fU","9wg13Sp9N6U","bYdhTr5eMa8","SYNvFIxBOWA","k07fyffYXLk","s0HMaXNtoe0","hUGN7pegly4","-4s2V9rM2WU","zfnb5JKuisQ","Cwc4325TbyU","veFih7cxWSQ","xWHMrsag6Sg","c0LC2L-z7nM","Yaw8G8VAAJ8","qFugBDGxyX4","eYMlinx9MCU","vmsuO-fG9vo","4D03MCvb5Sc","YXiLFp1TMm0","VXInZ7nueds","ntVcrnPJSaM","TnpkZ2uT-K8","_-UKtfsQiGc","EQUtAYRVUkU","kJtkj6IIRSA","72T-BM_4w_c"]}
{"category_id":"10","end_day":"18.07.01","number_of_videos":12,"start_day":"18.01.01","total_views":12518084,"video_id":["wO4LwpRitPI","eylyro917zM","QySPhxlNDdU","Dj5WnXqVKho","EhURkhCxJIM","smtD5mrdcbs","4AQ_3PLG2Gw","ntkRqDitew4","lxZvnbnRFFk","ogZXmpfXxkc","gA-NDZb29I4","nmi1YwwH9B4"]}
{"category_id":"10","end_day":"18.14.01","number_of_videos":5,"start_day":"18.08.01","total_views":14844373,"video_id":["_828p54qMPs","RyHqPQNabvo","X9mKX-PCOFo","dfnCAmr569k","Mgfe5tIwOj0"]}
{"category_id":"24","end_day":"18.21.01","number_of_videos":28,"start_day":"18.15.01","total_views":8919780,"video_id":["HfQyOTKezCQ","tRX5kNsiKOY","i2h-L7AEYnE","k-OFjxZY2sw","v8nkar9Votg","ai2sX3OX_LE","Fuhc3S4FNfI","hgs5SYgk_kY","rbTL41yE_MU","L24n6mwhVX4","MdhpPJ_LX9w","dwfP_5whRZo","wSCNrcqjyWQ","cmlA76l7mVA","JVVmB5EPny8","xS0quEo4xJs","AhmIrC3Tfuc","L5IMaHO8kuw","giHcbqJfClM","MUYl8vVXFq0","3sK1Vce0AyU","qd0yLZ0qPtg","8_r5t8Q8Eks","pCytjX_juWE","nacmyrBq8Zs","plSA0HzmlJM","8GUGhFLxm5M","cXQalm2m4n0"]}
{"category_id":"24","end_day":"18.28.01","number_of_videos":32,"start_day":"18.22.01","total_views":7691188,"video_id":["rtgqFtqjoBI","dkNoyAdwvZY","IFL0sf2FyyI","00XOE8DxtaA","si6wiENJVC8","7-EFa9kdCzE","L7Y2spVMxEw","v3crySs0FHc","Zk4tAx89GCc","Izpv5iTe00o","wCQjXR4WIpQ","V-R-O79NSpA","LMUF-Qwe2fc","RttEIwOvn20","XEAmxXddX2U","dka_1JeRiNo","pMHDQN7pahA","h_E1lMSXLec","YmxmIAE1WIg","8fpd1ujwCZQ","BkIEefGPFyA","kYaV_WDXgAY","kT726mjKsbo","LfOoGpUKg8E","pYCmkonx_XA","Q81Q9_a2ztE","uMIjHlmXeV8","CXJcIVenxcU","_FGDV9ea24Y","8Dyqd20xasU","jfmLRcG39uA","C7c2F1hjxZo"]}
{"category_id":"22","end_day":"18.04.02","number_of_videos":45,"start_day":"18.29.01","total_views":7284340,"video_id":["iqEKTOz9X44","bu4kQOdhz-s","pjhj3kTeHBc","8fs-caGbWxk","5ZCRzdJ-wmE","mpC7mzveKX8","RZGQuXpWyE0","zJUgRCz8yp4","H-tE3999_Tg","eIRFhoe1vsk","PcIF_Z-IQgk","FsN7XmJZP5I","HHwPDJ8TSFM","cgSXD_J05UI","5yapwkS9f8s","uwNrxqHTefQ","Q0QibnW1aTk","r2euEr_w98w","tW0mRRnWfy4","2eHxj4WyIhI","OQ_er0r8NiM","Olwew32sUrA","zcjKJ7FHDLM","lLc9acev4PY","K_uk-1XKrRU","ldvW2KmVj-Y","owOOP0wLO2I","GJuP5VhxBsw","7G1eW4oNkZM","tsUYeTxeySE","ouZMEcYPeYs","zh-iapUWLX8","qEvaN2gSqTw","3mvhtruyowk","Hv-HVvLLSMk","Wj4vD5NwyuE","KBKTZEdomag","RkJv4qiQ9DA","ZnemlGa3nWw","PK4J4wo46H4","g3F98wq5Luw","nWDKZSn1QmE","b1gfIZ2Pg7Q","lVFCXDWKn_g","i1TvEMBLqOk"]}
{"category_id":"24","end_day":"18.11.02","number_of_videos":31,"start_day":"18.05.02","total_views":24871502,"video_id":["Nel8OnlYJgc","pVxOVlm_lE8","3jVLMSbkdyE","CCO6PANBWxk","voIx0RMiaUY","caaXWfZrBeM","8brYvhEg5Aw","QS8bma7LRX4","NooW_RbfdWI","gmez4RPYJ-I","cVPXJemlG4s","lcIot67HTvg","g4QlkRuvEOo","Mt2ynYnH3Rw","4kAhdw__ohc","ZQF8ZQ3yiUE","ck65eYTCAsY","MYOFx96PITo","q91GIwzcVuc","weSmtesMAEE","tdmsLjzVLmk","Y2Rg4T6rLkg","SWzANJUcC-4","bVWc7Uvko9k","LHR_qHT-NgI","J8wMalhtmyQ","4d6pzpmL1Qs","zP334W9XTS8","-6XSy638V4A","JB4Vgzj65rI","AzlzAFLc6M0"]}
{"category_id":"10","end_day":"18.18.02","number_of_videos":14,"start_day":"18.12.02","total_views":17544903,"video_id":["hcUQyU-zccc","7R1N-8SoqcM","sr8fjIXygWU","M86Wgryxdm8","MSM0TO9RI4E","H7PjLcOWRck","sWrK-UOteIo","wfWIs2gFTAM","iTC8z70lCZQ","yjKb5wGFURc","VwAnsAUYnw4","QQ_3S-IQm38","7_c3mmvF02o","jzD_yyEcp0M"]}
{"category_id":"24","end_day":"18.25.02","number_of_videos":28,"start_day":"18.19.02","total_views":10992584,"video_id":["XTJ5QL-mi8E","3JDEvQAWWDg","saoDZe0TcSw","TSHpGCvikq8","3594C0yr2H4","DlaYeoT-aX4","14FH3jpKUcw","Xw8CkVGku0k","wneISUxCNn8","6szXi9G1w3I","m37DLj7dem8","9IRtGwcenrQ","kfz249amyMg","x2wHPHaXrYc","TKHnNc5zXTE","7orJXJGtmco","rnCXAiS0KSk","mmIX39X2PHU","vXTyj_ZEw_U","Nt9N-DV1Ccs","yJcgBWIdkug","g71JDKjUbdA","y-O_TG-nXic","H2FAMrtc0s0","ipkrFCmEDa0","0aKx0STYc7g","31jwFQcq7Ak","Xpq46dzJwsA"]}
{"category_id":"10","end_day":"18.04.03","number_of_videos":12,"start_day":"18.26.02","total_views":10309172,"video_id":["ZGEoqPpJQLE","6ZK3_fWCHWg","yPBKRbLamOQ","4tRm3c7p3XE","L5DH6azSG-Q","_axRcptazRI","T3hXC5yNZOc","njDG5BxzeMM","LPTlvQ1Zet0","bZtzYuzcRxo","jXrn9Wdmcp0","XR7Ev14vUh8"]}
{"category_id":"22","end_day":"18.11.03","number_of_videos":28,"start_day":"18.05.03","total_views":10669208,"video_id":["f7PpBByxdvc","lknP5qI9FZE","mur0QdwvHgg","HjHHbdiAolY","Zlb0CU6rwls","aFAKR0Sg9vA","Mm8gWSCjC30","zGR0s_TaoGk","uU9rgz8jGqk","0RZyvtwkyfA","KCKqmk2kNZk","gEhws5a5lG0","RghX43tU1ds","1UmJxbL8lFg","1ZdqXuwKji0","x4cNL7arJeE","aEFCUtv0DF0","ou2IHYy5UCY","ixvJMOrX58o","pqN5iwvrwec","7cgzKafvAQI","zpQ219YwpH4","XbOzCa8BRa4","l-z8kJo10qA","XcA5X8xYdv8","9e5o9sSi0dg","jr5XoyTeN48","m__DzutX6BU"]}
{"category_id":"10","end_day":"18.18.03","number_of_videos":11,"start_day":"18.12.03","total_views":24213173,"video_id":["cTTbO6zZosE","Mzv2eNialm8","YTOhrNrJ9AA","tCXGJQYZ9JA","06wtq4jGlIg","e-DlioFoBcM","uuMzm5aRGAg","Ip7eVuFxiEE","bgHeKNBdumA","APr67z17Rxw","fwfjsDsMuz8"]}
{"category_id":"10","end_day":"18.25.03","number_of_videos":9,"start_day":"18.19.03","total_views":10668596,"video_id":["fGqdIPer-ms","7rhUCtnDGL0","5JuiLQBykvA","TvBFwipMcRc","EepRWMFMx1o","xKod0FU_MRU","gNTIOZ3jJJo","au2n7VVGv_c","5CfdA1Yoquk"]}
{"category_id":"25","end_day":"18.01.04","number_of_videos":57,"start_day":"18.26.03","total_views":30466022,"video_id":["nKk-H_bjVn4","p6aFmXm0A7I","I-Wchb8YQy4","X_RgHMOFVeg","VaXPAsLYKnk","xEg4nfT3_w8","SIVwcP5ki4k","IX-CgSFtB7g","Ss4ep2ktzEU","uShJ_llFAhA","YDKEIs8dBhU","yCFtjQJKC4k","TNt361mktDA","FN5RtNOSIKQ","txT8THEFAN4","XdXKvQwumlg","ZsRNcWPSXRU","X8NgeTmCskU","1pKJiouu604","GJ-Rmzvxo2I","vIpORZem0mo","WFCqGp1APqU","8exp1_FgZ8A","iYkErH0MkwI","XcDcWtZwytY","YSGFy5rbrcE","Ht_NeGSJIXM","mKXcy_e9BDg","CM_1yYQr-xs","v2E9r59WDIw","KSbln142U2g","qyjezrfSWXw","rxWQu1_NzmE","Lw9b0ChG3m4","0Tj89v5QTcI","Unn7FSXzRR8","kO82mw2RUAo","cRhILewUuX4","oO5g06Go9cE","5A1hp3_GEYw","hl_tnQDgzxw","1BSJrAJJaJc","__6O_MUHCrE","Oja2ZlGc6AE","shuWGhERTKA","e5TbYF7jZ7M","hk_O_Wl6It0","NtoKwWtA098","M9d2DebRYzk","nK9xwwyVNkE","NyC4jD0B2wc","vNlxg7o6aNU","eyGW3WLJtws","LsEb9Wx8Y8k","Patgz1ACLxY","ESQDu8VWlKU","gnMHtwNSWoI"]}
{"category_id":"24","end_day":"18.08.04","number_of_videos":24,"start_day":"18.02.04","total_views":9252349,"video_id":["0ImCUnvas8M","OtbjfuXC7Ik","Sct3u8MKFtE","uCPqw4lJ42Y","r1iSfATqG70","EJ1oPuGxUvQ","wNVPhSOHwaw","iFR5QYx4Mgc","SzbAP0johD8","4SvHFCLYmw4","5GkyMgy5fng","bz92NdJdC08","hFrgP1-PhVg","lYE3-nKYmBs","w0MPldijZQc","Kqd3dOG81SM","zTSAXEwfz7k","twicv88I2vw","OSr07WIKr1Y","SLZQACn-Uls","tGGpHnlNUeU","VpwE5mrbnHk","JA82nJfjrOI","qE41T2xMchE"]}
{"category_id":"10","end_day":"18.15.04","number_of_videos":6,"start_day":"18.09.04","total_views":14672959,"video_id":["jBGeIEE4IME","R5Cn5usaP-A","DPxL7dO5XPc","EaA0KUTXT3o","9TUBf6l7FBg","SsdTRPTtZc8"]}
{"category_id":"10","end_day":"18.22.04","number_of_videos":11,"start_day":"18.16.04","total_views":23824365,"video_id":["z5WrgDzNIZ0","UCdMwyIy3ks","ZhrDuugsQps","0e9JgyzCIBc","MgvrkdxG2cc","R9CbCjHnsME","25P1zL0TtFA","5gvHIgCDQOU","ffxKSjUwKdU","qb46GTmxpj4","YywJykbEllU"]}
{"category_id":"24","end_day":"18.29.04","number_of_videos":26,"start_day":"18.23.04","total_views":34568740,"video_id":["qCn0wYNxKHw","pkG0qJOEpBo","BAEuibWmW_8","dt_lnd2D-uk","09a1WlTX1wc","tHmAPWOo2jY","RrNLHlzB-R4","u9Mv98Gr5pY","AK9S-ILSLy4","tXstX9r4JzA","qHCeXH2FivE","KGlodKqDaKY","ki50frfrWdU","8HmjcbNPHjs","gZH0ub0E1ts","r7433TTsQm4","7C78F5OgYwQ","pw7mAwxarGk","adyzLK6djh8","Ud0lL0KQcxk","zHrtdfTObUE","g_LecZ9yQHU","HGq1qyfyXdg","9W_QHZDnwak","0FC33QRBO8o","4A98ek7Uc0U"]}
{"category_id":"10","end_day":"18.06.05","number_of_videos":12,"start_day":"18.30.04","total_views":18446696,"video_id":["IAuzNXGmkL4","t6U7oN4ktHI","Rfo93Tr3zZQ","fa2Ehw5v7Ws","EdM8n_3iTb4","aWzfLSrpp9s","X7-X950d3gM","c3qhvyDvjrg","DkeiKbqa02g","EjNv9h7tSOs","CX11yw6YL1w","Wpm07-BGJnE"]}
{"category_id":"10","end_day":"18.13.05","number_of_videos":9,"start_day":"18.07.05","total_views":19703896,"video_id":["VYOjWnS4cMY","v9FaEdPX0QI","0R7Nd1gdupc","l-maIYmY74M","zk1UZgf0u1Y","S4eAEWDqdkY","ZHnSPxiOt2E","GIBoCojjB70","JrDnSEhrFQw"]}
{"category_id":"10","end_day":"18.20.05","number_of_videos":20,"start_day":"18.14.05","total_views":36546063,"video_id":["oeU_dU3mV4Q","cW1BgcsvBmc","NEoVjmfYlJ8","rI0jmoNoxII","71Es-8FfATo","Y6upO2h8fkU","szG_qP-329o","vTbKvykJUKA","_rTDS33pgck","_kO3bR7q7pk","4Ea85k16kpU","a-GQDCtt1Vk","W_2DJmNGEU8","2sBgjbVS2KA","AOLwGajsTNM","vZQedtpPHxE","lsH2M6OcS_g","p9AhQpsee9s","7C2z4GqqS5E","4sR0_7hiGWU"]}
{"category_id":"10","end_day":"18.27.05","number_of_videos":16,"start_day":"18.21.05","total_views":17922138,"video_id":["e7nLJVEHtZE","QgOXIEhHU1Y","9o_Ql1Losvo","3Wxkas163e0","pN5zi4-LBck","HfRZ67HSDdA","4gb0gu8vVHo","wYUA1ABhT8o","xjCcECbeRUE","yfZO_XUzuPA","9QIaIsNTYxo","ES-Y7Lyc9lU","voG07pt-KYI","CSkmtmXvufs","MwIEC12Xoz0","lEv87F3jan4"]}
{"category_id":"10","end_day":"18.03.06","number_of_videos":19,"start_day":"18.28.05","total_views":34607103,"video_id":["UC6USOV4ewc","_5XYXyYEij8","XE6OOteLPIE","77KU17WfDaM","Iq7E7Ht_jNo","E5yFcdPAGv0","A5mDCn7kEKI","_l0vnAGGCK4","aJOTlE1K90k","_vzdwaKBxtw","EKhZTtwZHAY","8xs5aoJTMwQ","8NXnuO8zzFw","6BhfloxmteA","lblF3R-fyeA","8JnfIa84TnU","8pj5WcA_MnM","IHv_6HP65VQ","ywEpa5vJ2cs"]}
{"category_id":"24","end_day":"18.10.06","number_of_videos":29,"start_day":"18.04.06","total_views":10850232,"video_id":["qwQ_vry72AE","7iQH-StMI2s","WpGef30l6m8","VcaHtLNmU5M","jLxPJlb-QNo","dctXBA7hg0s","l4scHFdr1VU","6pDT63TlJso","hhC0liPfu88","WhsbiF9SKAQ","ylCBCq76Lso","AaV9C2ynmb8","crBDtMKqUDc","UnPsmJUuh0I","_DcjNyz-mHI","Mmj4KCcgQqM","ls9tGBdH_qs","5--dyIvqwLU","SDQcW3u9rDY","_K8fyyroQCY","hozGS7wtYFE","g4Hbz2jLxvQ","oTkv1jJ7fkQ","QZ8dtfBVwgM","RhNHVv3BIls","T8U65ttANdw","vGDDF9z8p0M","oKXv-1QJz-8","Cey8eyqsya0"]}
{"category_id":"23","end_day":"18.17.06","number_of_videos":10,"start_day":"18.11.06","total_views":7307574,"video_id":["i63jWjoAWHE","r6gQiHf4I6Y","aiXLneuDYqY","hFU82xxkh-s","d-_ickj4azw","26fVOrDKFpo","z8CQ2WzxOlc","irdtmdo8-HM","fwTSrNojLGE","tX7p7NtNVDE"]}
