{"channel_name":"Трум Трум","end_date":"18.14.06","start_date":"17.14.11","total_views":142863505,"video_stats":[{"video_id":"U_4BLnJuR3g","views":2109573},{"video_id":"PCF92nYXtuo","views":1305253},{"video_id":"JaSuE_uNrpI","views":991922},{"video_id":"S8N3NwZTuTY","views":1311977},{"video_id":"RdzceZTug6E","views":842329},{"video_id":"aFNcY-Fm-n4","views":1037103},{"video_id":"_P1BqXXZ97U","views":1747903},{"video_id":"hDnfMS35ODY","views":1585507},{"video_id":"cHcdlRXKD-4","views":1015274},{"video_id":"99iAzHFmsd8","views":1329852},{"video_id":"5boPNCAIn_M","views":1864420},{"video_id":"rokatx0H74g","views":1650700},{"video_id":"abBCgYAf-M4","views":1838528},{"video_id":"hO-CB7UMBco","views":2176812},{"video_id":"OIAH5RQWdiU","views":1370222},{"video_id":"eSpkB7WMb2s","views":2019825},{"video_id":"_ChEdbR4tws","views":1254793},{"video_id":"4Jq_nSJhXwo","views":1720175},{"video_id":"LfTH5F9msLw","views":1123592},{"video_id":"XR3UUzRWtNk","views":1094367},{"video_id":"9DinK1cdxX4","views":1628475},{"video_id":"pnsg627koAA","views":2836791},{"video_id":"yK4-luXl0oQ","views":1389378},{"video_id":"10RM6EEL97A","views":1049816},{"video_id":"wQsa_0RmmOE","views":1318495},{"video_id":"7j5V3duL7kU","views":921236},{"video_id":"IJKN59AzsVo","views":802534},{"video_id":"1TmhIIn8pxs","views":1089594},{"video_id":"sRN2aLn5KjY","views":936215},{"video_id":"B8TCW1O_v4g","views":1340737},{"video_id":"ohG7X5FsaZU","views":1895232},{"video_id":"F3LOPCpk6DQ","views":1470567},{"video_id":"twzDpCCoYWA","views":767928},{"video_id":"qO_17Pq3oyQ","views":1486216},{"video_id":"oW3yLI6bCIM","views":1462784},{"video_id":"KsgMPFoAyLQ","views":1644096},{"video_id":"sJsg9M6xLg0","views":991448},{"video_id":"3xRX53iTQFM","views":939199},{"video_id":"fVoI8FHGrYM","views":1135013},{"video_id":"B_2U6qGWCvU","views":1254765},{"video_id":"C7r1GsdVTDk","views":1740458},{"video_id":"Nv7h5NN_YUE","views":782887},{"video_id":"UA8e_W3nt-E","views":1887731},{"video_id":"ZQguvlDRpAU","views":1761654},{"video_id":"g_l4xVcYC6k","views":1193061},{"video_id":"ziMIgFirn3o","views":1311321},{"video_id":"P6enFEL2uzs","views":1676286},{"video_id":"Sbsxzg8jHag","views":993453},{"video_id":"rLly-Tl2HbI","views":249993},{"video_id":"CaYkg7du0JY","views":887612},{"video_id":"NHUFRH3RLCM","views":1366277},{"video_id":"A-LD2pvCj_k","views":921381},{"video_id":"z91XvPrQdOc","views":963455},{"video_id":"x8SC1Vqi6j4","views":1086183},{"video_id":"iCbE_ye3mSo","views":1164607},{"video_id":"5R7Vhm-0EWo","views":1242026},{"video_id":"6WAxw_CuCyM","views":2453697},{"video_id":"yn-HMo4SEKU","views":1475150},{"video_id":"h6SrBjWMaqk","views":998535},{"video_id":"fFT0TBD0nDc","views":1441052},{"video_id":"eC7g0wbzeXo","views":1037357},{"video_id":"o4tsf8QwIMQ","views":2347215},{"video_id":"jJedzzDMBUY","views":1647286},{"video_id":"Fe_JhS91c4g","views":1392049},{"video_id":"u47YGQGj-uU","views":1023322},{"video_id":"iOzpjJM2vfw","views":1080919},{"video_id":"zSeqraQkYh4","views":1347170},{"video_id":"ehZpYT2GrxI","views":1141489},{"video_id":"yfJNFHxDHXU","views":136962},{"video_id":"3BCVaF_UMkI","views":1053592},{"video_id":"ZzYSQXzPF3I","views":1397969},{"video_id":"Za94qQVe318","views":1063735},{"video_id":"Pa0tWQjwyqQ","views":885527},{"video_id":"OfoKpBSXE3Y","views":1343529},{"video_id":"r-0iTCP683s","views":1102238},{"video_id":"39fcoPZ7Ct8","views":1188754},{"video_id":"4_yDY6SfgLI","views":975919},{"video_id":"GytEusXxYPw","views":940861},{"video_id":"Eflu9W38O2A","views":1352455},{"video_id":"BialFb8Yxw8","views":1199667},{"video_id":"iREDqKX1J9I","views":730544},{"video_id":"wzZbu7uSp1I","views":1116934},{"video_id":"Bmptlf3hRIs","views":1069091},{"video_id":"WhHvy_wLB80","views":1113881},{"video_id":"FnhhxsGpWgk","views":1430443},{"video_id":"7goPYQKhtkw","views":904586},{"video_id":"JZXWfiNTaMY","views":1046164},{"video_id":"kOBBTfQxFDg","views":1109949},{"video_id":"TMsyDINyKGI","views":1043061},{"video_id":"8ue1jU4lp8c","views":1178814},{"video_id":"lSaGNpXIcyk","views":1028120},{"video_id":"uFTviXJlqbs","views":1198028},{"video_id":"KZKoBpGBg-I","views":775271},{"video_id":"n8Ph_10Po_M","views":978250},{"video_id":"tYNEzIIwwJo","views":1418733},{"video_id":"GPS6xEeHuYE","views":716735},{"video_id":"M9zh2sYNlgY","views":1711937},{"video_id":"FqoC37ljlFc","views":945017},{"video_id":"w8F77M48TOY","views":1141280},{"video_id":"88bgSXXeOoU","views":607552},{"video_id":"xKz-84tlGPI","views":796938},{"video_id":"ul7K0C4dWoA","views":845305},{"video_id":"x3GKLiB2MX0","views":1329379},{"video_id":"0KTar525gcg","views":815352},{"video_id":"XxiKLsIbxHU","views":939537},{"video_id":"LvRp6kPv5Cc","views":720204},{"video_id":"9vhkZVamX60","views":1192151},{"video_id":"PCBa96vBDGQ","views":160764},{"video_id":"z1y5gVE70iY","views":1089389},{"video_id":"Zlq-BjC_ytg","views":791922},{"video_id":"C9Fz5kTjM58","views":906068},{"video_id":"i5CVrHu6_eA","views":1684104},{"video_id":"VAJ_9SSX2bw","views":1401508},{"video_id":"tSvGKCzdy50","views":893859},{"video_id":"oGZGggqhC14","views":1436862},{"video_id":"EHURbwABvLQ","views":578868},{"video_id":"hmMr9r1aT8g","views":1011425}]}
{"channel_name":"ibighit","end_date":"18.02.06","start_date":"17.17.11","total_views":122607855,"video_stats":[{"video_id":"ixxR3ZoqnF0","views":3483755},{"video_id":"kTlv5_Bs8aw","views":20565795},{"video_id":"8O_MwlZ2dEg","views":5275672},{"video_id":"kX0vO4vlJuU","views":7518990},{"video_id":"p8npDG2ulKQ","views":10666323},{"video_id":"2tDKp41nrw8","views":6416697},{"video_id":"7C2z4GqqS5E","views":62796390},{"video_id":"D_6QmL6rExk","views":5884233}]}
{"channel_name":"PewDiePie","end_date":"18.13.06","start_date":"17.09.12","total_views":112399915,"video_stats":[{"video_id":"w4AImq08j9o","views":6896028},{"video_id":"5ioOX-37Jko","views":1582168},{"video_id":"Ni9yip7Ev_w","views":1405827},{"video_id":"2EPi1R9oZIw","views":1931985},{"video_id":"AP1Scjdy_Kc","views":2026011},{"video_id":"U8LHgq3Jlnw","views":2382295},{"video_id":"JBp9w_W4neM","views":1643876},{"video_id":"CvyzBMTQa40","views":1688603},{"video_id":"s26JfwmlIKc","views":1850888},{"video_id":"EQ4NEBPU-Hw","views":1959696},{"video_id":"5atVDycaXWM","views":2504955},{"video_id":"PALcJ0HW1-I","views":5792100},{"video_id":"H34qrTkhFz0","views":2277099},{"video_id":"FA_c722AHF8","views":2005138},{"video_id":"RkvczNWh9ZM","views":3954942},{"video_id":"Omwb2cpKP_Y","views":1792690},{"video_id":"Vk8UEWHYfEg","views":1920497},{"video_id":"pHxlZ4dTXug","views":2924906},{"video_id":"yzshoDMBkqE","views":6975564},{"video_id":"4xTpw-05J0k","views":5538389},{"video_id":"Jz50eTT6y8g","views":2404042},{"video_id":"hmRt1GgCqxg","views":5275905},{"video_id":"9AemOdm8LrU","views":2932977},{"video_id":"vkA1rFrNLWs","views":1844067},{"video_id":"Ifpq10K6zhs","views":2341198},{"video_id":"jvO1GDJXOgo","views":4698989},{"video_id":"3N3c3ZX6hoM","views":1969090},{"video_id":"eS4rlDJ1aVQ","views":2989709},{"video_id":"njF1S4oQbgs","views":3122058},{"video_id":"tHmAPWOo2jY","views":767932},{"video_id":"sqFVrfinlYk","views":2250464},{"video_id":"Q6M255BZ0HU","views":2300347},{"video_id":"bF_naHpa-T4","views":5021728},{"video_id":"w5gbHSfbiK4","views":2718593},{"video_id":"uy6vFIxfsjg","views":2193466},{"video_id":"JUabUTqMgpM","views":3450826},{"video_id":"JcCNjk5aRMw","views":2067906},{"video_id":"iK7ROzfOW8k","views":2549922},{"video_id":"Q3L0gArhmaE","views":2447039}]}
{"channel_name":"Алексей Навальный","end_date":"18.14.06","start_date":"17.15.11","total_views":70955342,"video_stats":[{"video_id":"yTV6dGEOU5w","views":807276},{"video_id":"ENfbS-k5s-U","views":482357},{"video_id":"ilUFnUMlH_g","views":990809},{"video_id":"gAufSaa8S4o","views":851401},{"video_id":"5NS3IhAhiec","views":722758},{"video_id":"6dIjeUB51-s","views":1768404},{"video_id":"a2psViamdq8","views":767794},{"video_id":"a3BmyG4UO8I","views":1932371},{"video_id":"Cd0EbzegNH0","views":1366356},{"video_id":"dHGuT6sPCQI","views":1402759},{"video_id":"YsvxKL2jg5k","views":675865},{"video_id":"Tz50vEX0nwE","views":2405729},{"video_id":"PYjehPH3Y78","views":1334114},{"video_id":"tLF6X2ZOjIc","views":475765},{"video_id":"SUMFmOpFw7w","views":1628572},{"video_id":"fLhYofZ1SLk","views":1273434},{"video_id":"JrELLq_f8bM","views":942520},{"video_id":"Bta7Sxwd7os","views":1362425},{"video_id":"QPXYGlo26aY","views":1450440},{"video_id":"ZGmj4bf7UV4","views":943867},{"video_id":"zWG9hnnQnhk","views":767035},{"video_id":"RUakKvd0Uk8","views":922652},{"video_id":"kfcWRxdAPjI","views":515254},{"video_id":"TRFYMK-nNGU","views":832907},{"video_id":"RQZr2NgKPiU","views":2650527},{"video_id":"Jv0fp5KpKhs","views":964422},{"video_id":"eHllKhSyxPM","views":1112621},{"video_id":"V_a5R9rWS_Q","views":961601},{"video_id":"7_7UUESN4_g","views":1596547},{"video_id":"LNi3pA_m_FE","views":1020103},{"video_id":"rbRoZyuOijk","views":2098434},{"video_id":"33AdnAy1l3I","views":922601},{"video_id":"4zPXrkeCeX0","views":1503344},{"video_id":"J-Wt1-sy3z4","views":877074},{"video_id":"DJpxTMuYeTY","views":615854},{"video_id":"ntnyMlGASZc","views":1390592},{"video_id":"GHUHGBeFaHo","views":10656},{"video_id":"BplJQtpfero","views":2854640},{"video_id":"Fot7nIQqLgo","views":2110705},{"video_id":"WA0Ek8RT20s","views":3662409},{"video_id":"aTYTR4evX54","views":1469029},{"video_id":"sXVH0CaiiE0","views":1889199},{"video_id":"olfaClrGEzE","views":2137249},{"video_id":"BqD0umu1mRA","views":1264148},{"video_id":"hWKRaIISr_M","views":1440706},{"video_id":"_aIjg5wWC80","views":804789},{"video_id":"TWf7cjHkAmY","views":1487289},{"video_id":"BrxrNJbdnIs","views":850911},{"video_id":"jnjSquL9cW8","views":1954267},{"video_id":"JLMeEylCGyk","views":1474022},{"video_id":"emUezdwXhyY","views":792556},{"video_id":"2mXmqUCvgxo","views":836421},{"video_id":"-R887xAeN_M","views":362255},{"video_id":"zw0myilf4Zk","views":947917},{"video_id":"WuvzzhQhq80","views":766209},{"video_id":"bX53pLLT2_A","views":919323},{"video_id":"ZMmFI7hqcF4","views":584058}]}
{"channel_name":"Wylsacom","end_date":"18.12.06","start_date":"17.15.11","total_views":70907764,"video_stats":[{"video_id":"wjpcemcfYGU","views":886496},{"video_id":"gVtKRg3iMnI","views":228423},{"video_id":"TUnyAyENNEk","views":374442},{"video_id":"IbwW-mwHDUM","views":575382},{"video_id":"KJx2XoLvWRs","views":925751},{"video_id":"bTJPxqCNPQQ","views":712954},{"video_id":"CXsi3ZvnOiE","views":427827},{"video_id":"n2mtMZ05WIQ","views":539781},{"video_id":"QbU43z0RgkM","views":280867},{"video_id":"2Mm-mujpO9o","views":319194},{"video_id":"FmQQGjyJ22U","views":297330},{"video_id":"8iIVAu_yrew","views":592871},{"video_id":"r1yfkZdo0Bc","views":216001},{"video_id":"ZifG64LYnCA","views":818900},{"video_id":"aK4Dbr_2BwM","views":441438},{"video_id":"dDwzpG4BV9Y","views":786231},{"video_id":"2_JCrLW9aG8","views":612735},{"video_id":"4BltTurluAg","views":579443},{"video_id":"q1_VE9gdOcI","views":498255},{"video_id":"IVGfrkcqh4g","views":924885},{"video_id":"mhXVOkcjQ_c","views":368789},{"video_id":"2uD1qjxMmow","views":519987},{"video_id":"4kd3zIdZLxs","views":416964},{"video_id":"Pne2Vh9MQM0","views":850895},{"video_id":"XZ79OIsVpcs","views":912451},{"video_id":"6ps6jfGuZoM","views":686271},{"video_id":"oIeYAGZNXRU","views":430652},{"video_id":"0s_Zy6Zfstw","views":399392},{"video_id":"Kegx_leuwhI","views":339937},{"video_id":"xDsYRXSFyWw","views":797248},{"video_id":"uZF1IsjUNGk","views":678251},{"video_id":"A1nggYvxa4c","views":675371},{"video_id":"79txA4o7Ab8","views":283271},{"video_id":"VzGLMdxu_vk","views":829950},{"video_id":"5LRfgNQhXuY","views":1417938},{"video_id":"6qGoMjUvypQ","views":635961},{"video_id":"BBqCVEAcRhc","views":188143},{"video_id":"8veAYAymsPQ","views":721173},{"video_id":"-2ZlkbNMzjA","views":480513},{"video_id":"77IDvMyZcm8","views":264835},{"video_id":"l_Dqofg6xdc","views":369979},{"video_id":"JGsxZFKOj_g","views":951182},{"video_id":"0Z9cCdeywOE","views":710426},{"video_id":"mb1kS26CU4M","views":220062},{"video_id":"pvjVs-1Se_Q","views":334543},{"video_id":"05aDjApZzkQ","views":816153},{"video_id":"wFExgyjwogk","views":725271},{"video_id":"z9jXJHSnmbA","views":613563},{"video_id":"VZ4j6kXIKqw","views":1172194},{"video_id":"eTrnKMB-LKw","views":199301},{"video_id":"5G3XtGt1Z8o","views":873068},{"video_id":"AOvzIsUJ4Eo","views":1423682},{"video_id":"eQl7QcPEXsE","views":612598},{"video_id":"fn3DQ70rDGI","views":741620},{"video_id":"a0vgIRaFnZA","views":309032},{"video_id":"dZ6iW1zcCL0","views":957329},{"video_id":"tT5D9BbCTmQ","views":383107},{"video_id":"NC9RAOuSYes","views":394498},{"video_id":"bMAzK-2btxU","views":531202},{"video_id":"sq5pTporLIM","views":731375},{"video_id":"m2sV8yyNUgk","views":659723},{"video_id":"J2IrBbnHRyY","views":339266},{"video_id":"51wobJ4jOU4","views":2606405},{"video_id":"BrA8sgeh0JA","views":482990},{"video_id":"Z27vwffM_zg","views":685401},{"video_id":"NeygZ-flWVI","views":668679},{"video_id":"AqtKIR_Kbf8","views":541647},{"video_id":"fnl9sHGQUE0","views":560613},{"video_id":"ea73a4i8cBE","views":750927},{"video_id":"any3NlADx5o","views":696021},{"video_id":"hCb_PX6sKHQ","views":712753},{"video_id":"hg81yefDk6c","views":460416},{"video_id":"Z56DDsdz2C8","views":304345},{"video_id":"9GiEsAxUv4g","views":231243},{"video_id":"Qgm36HHDEk0","views":299398},{"video_id":"Af0gJn_8J60","views":421083},{"video_id":"CTIshKO7aYU","views":399564},{"video_id":"Le3VhUqfsmQ","views":298798},{"video_id":"ZUjTjHFebXE","views":447317},{"video_id":"Ya0y5zCpqow","views":293365},{"video_id":"tWVccb5xF1k","views":649726},{"video_id":"_X20SCYMcJY","views":339440},{"video_id":"03JVFCRlx5I","views":335223},{"video_id":"ynSeS5Wdw4I","views":963620},{"video_id":"uv5sb3-05CQ","views":132905},{"video_id":"vJJpnplTBeM","views":846721},{"video_id":"0cz4ryyfzzA","views":291608},{"video_id":"vUUCi-j-G7s","views":482998},{"video_id":"EppbI0Gqbdw","views":566127},{"video_id":"bdAfhuq_Kzw","views":804921},{"video_id":"AL72Serzo_8","views":797195},{"video_id":"noAemZViEH4","views":448934},{"video_id":"azF7DMAbbXA","views":317002},{"video_id":"4RD2R4E4ZAk","views":446676},{"video_id":"2SauESfseks","views":900276},{"video_id":"ziui8XoziT4","views":385019},{"video_id":"VVWpOrDLD9M","views":452621},{"video_id":"5tr48s8tnus","views":268069},{"video_id":"-1lNy8GhEjU","views":888373},{"video_id":"khGRKpAH44g","views":686298},{"video_id":"JjMuoTdbD6s","views":410213},{"video_id":"nuaLn3Ax6Yk","views":349877},{"video_id":"Hs_kYPvoR9k","views":434169},{"video_id":"dJfjuNrNx_o","views":234164},{"video_id":"Znq2dUzZN0Y","views":709300},{"video_id":"y-k5L5OO9fM","views":604107},{"video_id":"75r6kFsuafQ","views":562311},{"video_id":"jmb-nCyrflQ","views":886313},{"video_id":"RtJM3wpgmHg","views":553748},{"video_id":"arzHUpl3Iik","views":234596},{"video_id":"WXtBO8SoU_Q","views":930040},{"video_id":"Zxp4m4vfkrk","views":402212},{"video_id":"YeyXWPhXrs0","views":342993},{"video_id":"KoY6-iF1uno","views":373969},{"video_id":"BC3REBjJE2A","views":970100},{"video_id":"xePtB0JRO7g","views":514016},{"video_id":"R31bNLRazJw","views":1442543},{"video_id":"yxJQEIfsHEA","views":749494},{"video_id":"jo-19U_k0Qg","views":644685},{"video_id":"o10ttRfzS_Y","views":377390},{"video_id":"FrFZIn9E3kc","views":310435}]}
{"channel_name":"SlivkiShow","end_date":"18.12.06","start_date":"17.27.11","total_views":67133176,"video_stats":[{"video_id":"hrDcZkZp_pU","views":3614043},{"video_id":"Eyzjg0tcRHg","views":2323953},{"video_id":"7qckwhd_lfw","views":3569228},{"video_id":"UND5sIGTp0Q","views":2730649},{"video_id":"1wT8vEHYUnM","views":1799408},{"video_id":"3fBixCo4k6U","views":2182612},{"video_id":"ATpwsqInfL0","views":2456673},{"video_id":"l_PgzGcmDNk","views":2643665},{"video_id":"o6cM3ozT50c","views":3098202},{"video_id":"RbESB3qHWOw","views":2497719},{"video_id":"cP1FocQd4LQ","views":2106178},{"video_id":"kCsG7nAVXzM","views":2799042},{"video_id":"2BcWFiZripM","views":2623418},{"video_id":"LTvlDklQHbs","views":4724006},{"video_id":"0ImCUnvas8M","views":4095022},{"video_id":"HPaKuqsNuCo","views":4009919},{"video_id":"aaZ6MakieSY","views":3823219},{"video_id":"tL3100wVLFg","views":2735280},{"video_id":"d9bshi0kwBc","views":4339695},{"video_id":"7iSnnAWsY-o","views":2558048},{"video_id":"aEGIVsf04_c","views":3500270},{"video_id":"dhHFzGM0fDY","views":2902927}]}
{"channel_name":"Анатолий Шарий","end_date":"18.14.06","start_date":"17.14.11","total_views":61040656,"video_stats":[{"video_id":"3KdggIRWiR0","views":419835},{"video_id":"_WLZY6X2EgY","views":336940},{"video_id":"h-5bMYY5ikY","views":253127},{"video_id":"E056wbwWVx8","views":444637},{"video_id":"D61KGzTn3cE","views":189528},{"video_id":"Glzpht8WkRI","views":92563},{"video_id":"6oNqagXzTck","views":227786},{"video_id":"vFqWv-3BiXg","views":275377},{"video_id":"JLNhVH8wt6g","views":328424},{"video_id":"W5aoEcr5dmQ","views":266973},{"video_id":"KJPXKJUR0tQ","views":362249},{"video_id":"gz6YkIPNinU","views":237815},{"video_id":"wpsm_ihUUHY","views":321197},{"video_id":"nj8g5n4n4Yk","views":329886},{"video_id":"KLv9NF8_PQ8","views":265380},{"video_id":"4qQ0Kcs_Vio","views":338789},{"video_id":"K-F0PgHn9R0","views":328072},{"video_id":"NH1MtPxojo8","views":293146},{"video_id":"QwBUiuaJj0g","views":452059},{"video_id":"ZQytmS1I1SE","views":548161},{"video_id":"fvNgTl0nEiU","views":392795},{"video_id":"cjyteUXBZPk","views":305160},{"video_id":"UBWsMtoWA8E","views":423170},{"video_id":"nCCUZceMKVE","views":293131},{"video_id":"EsWoByJWmfg","views":208977},{"video_id":"NXFaXLjfQSw","views":343222},{"video_id":"YMZwGKFoIRM","views":420949},{"video_id":"jsEL8RMVTms","views":443515},{"video_id":"7GnBAw5C8B8","views":402037},{"video_id":"SASHJaBOzj0","views":255090},{"video_id":"ZFB_GTDNQ8U","views":345638},{"video_id":"udnnUVHR2xE","views":394976},{"video_id":"4r80hftCf6g","views":456446},{"video_id":"NvUPzZuBmjs","views":332515},{"video_id":"YC6wz8FxKDQ","views":383056},{"video_id":"ye1DY1PsH7o","views":384030},{"video_id":"JxMf4Uiys2M","views":356878},{"video_id":"yUtnbmIeWm0","views":337476},{"video_id":"1UK4P56jczw","views":342855},{"video_id":"yxNMZOlP5vs","views":188817},{"video_id":"OytAYEpUIns","views":379295},{"video_id":"l-rfZGh7F88","views":270517},{"video_id":"3xpmojxX1To","views":347685},{"video_id":"IqkXvDvf6p4","views":324487},{"video_id":"ZpP7pJjhfRY","views":214835},{"video_id":"XdabysLLbFs","views":156911},{"video_id":"pwGVN1BBmBA","views":237624},{"video_id":"9ERfTfEYIWE","views":334253},{"video_id":"qbfv7fehp0c","views":419831},{"video_id":"6HhXsTSoVFc","views":230874},{"video_id":"BdkWd8fnu0A","views":411447},{"video_id":"66K_dee6hUc","views":284564},{"video_id":"BwNFnkJ43zU","views":357028},{"video_id":"MnN2bNOalPU","views":459765},{"video_id":"RIGpR-0vMmw","views":419701},{"video_id":"z1u4-dZTm34","views":541557},{"video_id":"Uyv_rmR9bKQ","views":175965},{"video_id":"NjYAuT9eI7M","views":394018},{"video_id":"86rWVtVBvqU","views":409918},{"video_id":"EVJLkWQME7E","views":343209},{"video_id":"6yIPe19jN98","views":429521},{"video_id":"qWUNvldYAJA","views":300471},{"video_id":"OjdaJvTqhIo","views":550262},{"video_id":"NAIrJTr8BSU","views":324039},{"video_id":"Y3lBDzR6h8k","views":402590},{"video_id":"K1rL39U3o1M","views":301220},{"video_id":"NMdhhCz5dwQ","views":398313},{"video_id":"lgBFOx5zjI0","views":345657},{"video_id":"7DFI10ITYCo","views":327135},{"video_id":"SoLDAzy1eag","views":516631},{"video_id":"4JwHC48nvIs","views":429674},{"video_id":"9NpxKZUb3RM","views":503895},{"video_id":"8zNronYtScA","views":455994},{"video_id":"h_6eSeDZ_ck","views":306766},{"video_id":"zqZY_XfG2Uc","views":286352},{"video_id":"jQSi-o7-Ab8","views":477037},{"video_id":"t9fy9fQKVns","views":371373},{"video_id":"n340mvxMmUY","views":205070},{"video_id":"xaPM5WWsbRk","views":335836},{"video_id":"xwfJg39XqG8","views":216762},{"video_id":"VjKIayNGlPY","views":206808},{"video_id":"kuKIL9A8FWU","views":503769},{"video_id":"r753zIYLa8I","views":206637},{"video_id":"ayFxPMPSw9g","views":296606},{"video_id":"xiggPwMDKQM","views":578102},{"video_id":"RA5ZTp4uWV4","views":103104},{"video_id":"ziZtI9Er_u8","views":533247},{"video_id":"Qw9B5rL47l4","views":508681},{"video_id":"WMmNiihU7JI","views":268865},{"video_id":"z8ZY8ovDYb8","views":172968},{"video_id":"McP9lsFWiDA","views":451417},{"video_id":"cpNmU7jcTEQ","views":444490},{"video_id":"sbOIz6tDwkA","views":148923},{"video_id":"2CzBGNbE4C8","views":98390},{"video_id":"7-6gaNfhvD8","views":492719},{"video_id":"p3fpV1GdM-o","views":131258},{"video_id":"g8fldcW4QAE","views":194032},{"video_id":"Y2dEEh6zlNo","views":379106},{"video_id":"3DpxBmpmBvE","views":440320},{"video_id":"FUdX_Yg1_HM","views":224294},{"video_id":"w-Rn5PIldHs","views":394737},{"video_id":"jK68KgD4Cj4","views":153122},{"video_id":"Ap8Wvl50HDU","views":343880},{"video_id":"zEephdR9qkg","views":206372},{"video_id":"Lw5pc2cTRM8","views":339597},{"video_id":"tAHraSkMGQI","views":168451},{"video_id":"zr9KXQ7fyn0","views":720819},{"video_id":"6bF6zLOhrys","views":379795},{"video_id":"DtYp6I4Abpw","views":370245},{"video_id":"F9hZ2E9VMUU","views":568732},{"video_id":"PfgA5wL5918","views":251731},{"video_id":"wxpJeAhgUlw","views":271135},{"video_id":"sX4ybNrQBNM","views":166884},{"video_id":"blgTLG4aZig","views":429035},{"video_id":"4vyTwD6lGc8","views":281397},{"video_id":"oTSsIuit1WE","views":473999},{"video_id":"kCzpE8CMiLc","views":227684},{"video_id":"grdJ4EQ0W50","views":280809},{"video_id":"OqWHlsu32gc","views":531512},{"video_id":"ZGpwODv5yYc","views":632607},{"video_id":"XwHmluRZq1s","views":320834},{"video_id":"qD1R77uxwfk","views":901932},{"video_id":"332fQprBb_w","views":438574},{"video_id":"CaZhTof0fqI","views":501576},{"video_id":"8-Tg-oUgoOc","views":231299},{"video_id":"uKezML-ie7M","views":312167},{"video_id":"Ie7Nu3_shz4","views":372672},{"video_id":"RCvMLbV1AXw","views":185778},{"video_id":"KEcbCaHlNhw","views":433505},{"video_id":"ampa3rj2E_Y","views":203636},{"video_id":"8NEJAwLQWzw","views":312375},{"video_id":"Gq2IRwtUzjA","views":315336},{"video_id":"SNtsvAn7Vg8","views":445061},{"video_id":"aUu82cTvoSk","views":457762},{"video_id":"jepRGVP6TzQ","views":298661},{"video_id":"6CuyllOvjGY","views":190703},{"video_id":"o0S9F30Y-3Q","views":163543},{"video_id":"XaDwXP7DGTQ","views":337234},{"video_id":"rW12vEdLn4k","views":340484},{"video_id":"lpdscRwafeo","views":283799},{"video_id":"xc9bCfBkZ0A","views":408034},{"video_id":"OmHAFWNUmpA","views":335218},{"video_id":"rDpEH_uL5T4","views":274003},{"video_id":"qU0EgVCSvVc","views":145675},{"video_id":"yswmymavRY8","views":206010},{"video_id":"Y0eq88TPNzc","views":411108},{"video_id":"pKLLvHBGv5k","views":166037},{"video_id":"Sh2aQc6lrtU","views":393868},{"video_id":"7o6RTASnubI","views":127465},{"video_id":"FXZ-w5REBb8","views":303313},{"video_id":"Q6P0EtHVWlo","views":187715},{"video_id":"DS798QTCGfI","views":284157},{"video_id":"XhrLfoEkTVo","views":442914},{"video_id":"Mx2SwK9dKjQ","views":414403},{"video_id":"l-lry_6_eXU","views":176051},{"video_id":"VJWilnzws5o","views":233591},{"video_id":"2x9FaDZoASQ","views":419785},{"video_id":"omWXOgaGWb8","views":266025},{"video_id":"zGx9SIADxkM","views":182696},{"video_id":"xiB_iQ5RNq4","views":336616},{"video_id":"5YN1U3GD0Gc","views":372534},{"video_id":"AbL1__IZaeE","views":153411},{"video_id":"P5_8exHtmdg","views":677324},{"video_id":"Jmycoi4nRr0","views":556580},{"video_id":"GmpYnb7_VnE","views":245166},{"video_id":"0ajDznH1jdE","views":439991},{"video_id":"8NoLdPm7Al8","views":404002},{"video_id":"w9I5idyEwmY","views":363506},{"video_id":"zu7AEztn2b8","views":487816},{"video_id":"Kf524zd3EKY","views":442889},{"video_id":"11ceQq56YTc","views":558136},{"video_id":"nPf49b8sHO0","views":249509},{"video_id":"PgEFVH5u5SM","views":380902},{"video_id":"YLqpb66Z4Ns","views":289446},{"video_id":"GgOtgR2N1YE","views":478712},{"video_id":"py9TubuEAzs","views":353954},{"video_id":"FB3g5tnL4jw","views":250081},{"video_id":"RyaZrhQzwug","views":244168},{"video_id":"Hrbt-poX8Zc","views":233876}]}
{"channel_name":"вДудь","end_date":"18.08.06","start_date":"17.07.12","total_views":58033740,"video_stats":[{"video_id":"b9i0tWSuSac","views":2020152},{"video_id":"98pE29S5Gb4","views":2252911},{"video_id":"yP6VGTtRgMI","views":3127165},{"video_id":"qc7AZkWPynE","views":2947871},{"video_id":"Rx_1WLpTrdk","views":2376339},{"video_id":"x7Ilf1mAZCk","views":2488128},{"video_id":"S9y4R11gzPY","views":2501279},{"video_id":"zcjKJ7FHDLM","views":2667252},{"video_id":"_IPXiNIXuFI","views":3425715},{"video_id":"SPauxWv1Rnk","views":3089788},{"video_id":"CNJL4GsSrcc","views":3050434},{"video_id":"d-Dn2UFOM70","views":2853978},{"video_id":"ou2IHYy5UCY","views":2878726},{"video_id":"f0wv89CdksM","views":3732589},{"video_id":"YQRmaQ14-LA","views":3029821},{"video_id":"wNOUlTNHPMM","views":2766625},{"video_id":"yZIT6ZtsNxI","views":3289705},{"video_id":"2kJoQS5m2WU","views":2284157},{"video_id":"M8dcZpf05jE","views":1938036},{"video_id":"854JGIkfM2c","views":2303837},{"video_id":"4js1PKLfOeg","views":3009232}]}
{"channel_name":"Çukur","end_date":"18.12.06","start_date":"17.14.11","total_views":56947351,"video_stats":[{"video_id":"eJjKOD039nw","views":419872},{"video_id":"A5LFlKGs5wA","views":759627},{"video_id":"WPWSfsvqoUA","views":515216},{"video_id":"XOk7rIDYzUk","views":406790},{"video_id":"bvNkTFWsJoE","views":778533},{"video_id":"6S_7fS-cLik","views":511950},{"video_id":"_40pyQrmvZk","views":381991},{"video_id":"hlT9t9LaQ3g","views":823615},{"video_id":"vd6wDCs2LyA","views":263431},{"video_id":"fWFpN2jnBC8","views":284194},{"video_id":"1y17kE-Y1mo","views":766654},{"video_id":"FSzSopQEWfo","views":539057},{"video_id":"RSD6NHTr6XQ","views":553427},{"video_id":"4bt-ZSvzQnU","views":812975},{"video_id":"59AXNtpMm04","views":812253},{"video_id":"1Ut17wx9s_k","views":690302},{"video_id":"M-61u7Jz8LY","views":466761},{"video_id":"lZjxvVBgfk8","views":998076},{"video_id":"NTyDzaEKXs8","views":969128},{"video_id":"1PjBSKGvr5g","views":1012573},{"video_id":"sv_0kbkbK0k","views":421415},{"video_id":"oWxQBG9-AJs","views":901872},{"video_id":"l7VacL06GC8","views":1009378},{"video_id":"jF5U_TqhVQg","views":962567},{"video_id":"a3ZwjPFjovo","views":371155},{"video_id":"olouGtjIHoI","views":398563},{"video_id":"IZr4OMSHz58","views":1082333},{"video_id":"46nHzANv6bs","views":471198},{"video_id":"XO5hdh2qGlk","views":676545},{"video_id":"CjHexeS6BKs","views":297130},{"video_id":"19WQHjbN8rQ","views":686042},{"video_id":"5pdbxaqHVB8","views":747241},{"video_id":"2eHxj4WyIhI","views":364867},{"video_id":"nyv8XP1nD7E","views":1149001},{"video_id":"nA9pWE_uvrA","views":1134432},{"video_id":"2kEXHyflrrk","views":627497},{"video_id":"NRSC1WtZ678","views":1211267},{"video_id":"7BNm9SmVjPg","views":1125484},{"video_id":"xEoXJ0krbbA","views":1405601},{"video_id":"9xdW4em3FTI","views":1158767},{"video_id":"EtcI-JjeHPs","views":1492845},{"video_id":"szZfT8UAW2g","views":652225},{"video_id":"8HTs79iVd9A","views":871438},{"video_id":"dJY7OhTndb0","views":1078744},{"video_id":"KOK-aqPykb4","views":1047032},{"video_id":"GojAy2fSJuY","views":724579},{"video_id":"7V8MMpeJuzE","views":1378465},{"video_id":"V3AdoUXUJGA","views":1295223},{"video_id":"1UmJxbL8lFg","views":363316},{"video_id":"sxIVFbybk9A","views":1406164},{"video_id":"0LQU-AmdRcA","views":438137},{"video_id":"sCOKzwu9vvk","views":1188762},{"video_id":"ywgBBNR9OMo","views":377417},{"video_id":"_smRgeSYres","views":630716},{"video_id":"hGSIbCtDsNo","views":472574},{"video_id":"R-HRxzkL9H0","views":1092259},{"video_id":"5BZKBchoZ30","views":891248},{"video_id":"6FYXWS2AFcM","views":251693},{"video_id":"r9kBJeq_Ixs","views":1000331},{"video_id":"q9wIJTGN64A","views":452077},{"video_id":"reY5VNR4b-Y","views":435349},{"video_id":"n5HV8l8dvWY","views":1154412},{"video_id":"UEQOhGf21Zc","views":866743},{"video_id":"suyGgHflqaw","views":309927},{"video_id":"hen_Mt2ogLY","views":1086688},{"video_id":"etHvp3_1LnU","views":513451},{"video_id":"ZGFbwB0A_8I","views":310018},{"video_id":"Lq7on1teg70","views":1114749},{"video_id":"KR8vKBRIKS4","views":294590},{"video_id":"wNb275Ev8dQ","views":966050},{"video_id":"Th8rBDgarTM","views":289570},{"video_id":"ryigjjA0xUc","views":1275012},{"video_id":"nKzlBnaf8Q0","views":943142},{"video_id":"l-5OoZJVbcs","views":380547},{"video_id":"W4yOYsOW28M","views":213082},{"video_id":"L3uO_kyjMfE","views":332612},{"video_id":"jUBT1bWAFTc","views":387384}]}
{"channel_name":"SOBOLEV","end_date":"18.09.06","start_date":"17.21.11","total_views":55009042,"video_stats":[{"video_id":"3zWOXtCdYXM","views":1985078},{"video_id":"ysTCYTzHK_w","views":2815333},{"video_id":"kN7N6eBT0HA","views":1800710},{"video_id":"lKOERIyo1S8","views":2070327},{"video_id":"u9sH9pxmV88","views":2442067},{"video_id":"q46sYATU4gA","views":1824374},{"video_id":"IW-orY7vE4w","views":1504916},{"video_id":"c0LC2L-z7nM","views":2305184},{"video_id":"WzcOFPkL1yc","views":3203806},{"video_id":"15WomZWneRw","views":2464710},{"video_id":"RExteyzchbY","views":2468031},{"video_id":"5ZCRzdJ-wmE","views":3108010},{"video_id":"yybkL0SbWiE","views":1841057},{"video_id":"DKiwA1rSQ5c","views":1750866},{"video_id":"lHD4ke2fyS0","views":2566304},{"video_id":"ClpexINvLfY","views":4738335},{"video_id":"3ojUxjNgmBw","views":3042747},{"video_id":"Gg9-JQzxsD4","views":2588189},{"video_id":"ZKNzK3rkns0","views":2610768},{"video_id":"WxGKGy0asAw","views":2173007},{"video_id":"r_KiifyVe50","views":3488889},{"video_id":"58zTC1q6hKY","views":2216334}]}
{"channel_name":"Мастерская Настроения","end_date":"18.14.06","start_date":"17.15.11","total_views":52756950,"video_stats":[{"video_id":"bx3G_kbmEX0","views":373430},{"video_id":"wfitWgw5NtQ","views":264266},{"video_id":"VDQUPUycC1c","views":487283},{"video_id":"8O7Es-z7diw","views":968805},{"video_id":"N9An30Eiq7M","views":858209},{"video_id":"RCMdTOSduDw","views":1915490},{"video_id":"2v7skU3tzAY","views":493118},{"video_id":"YgcsWhLhKa4","views":299003},{"video_id":"wcxVOzM4NtY","views":382722},{"video_id":"0hWgwU43AtQ","views":328405},{"video_id":"18zyVQJyXWY","views":741310},{"video_id":"vUqy3VLIo_U","views":270193},{"video_id":"mmazJdeuKJo","views":804971},{"video_id":"r9rbzuZ1sVM","views":494750},{"video_id":"fVeRJHURmUc","views":260854},{"video_id":"Hnx5cbEBzIE","views":596548},{"video_id":"t0Y8F_UnGEY","views":344283},{"video_id":"gtJgP4sc_WA","views":321252},{"video_id":"12hVOxzsFxY","views":360772},{"video_id":"NzHcR8TuTDg","views":913728},{"video_id":"djrta1ON6pI","views":278062},{"video_id":"p6KZczFiiOI","views":286130},{"video_id":"MDE_9vm4pRI","views":1639028},{"video_id":"LMUF-Qwe2fc","views":636334},{"video_id":"SOOSo2t2cv4","views":613786},{"video_id":"bFjM2XrHaT4","views":345001},{"video_id":"ek0HZIvJeHA","views":717055},{"video_id":"JkdkzeWc1vo","views":568792},{"video_id":"1EO9XKZ3g_M","views":372677},{"video_id":"PiQxLXYolt0","views":546833},{"video_id":"lxTyyHzQTWA","views":197222},{"video_id":"UyKog7sryC0","views":246639},{"video_id":"JnP714Yi7pE","views":556659},{"video_id":"t0sNArQlY-4","views":516821},{"video_id":"wneISUxCNn8","views":786157},{"video_id":"g71JDKjUbdA","views":710735},{"video_id":"CHz5RJQAsXI","views":851206},{"video_id":"jsoLdLcd_rs","views":202449},{"video_id":"SSwWuDYOocs","views":724245},{"video_id":"roqlBb02LoI","views":256310},{"video_id":"QeaOI2st7T8","views":327067},{"video_id":"0bDbgH2lIk8","views":422988},{"video_id":"jsyr6h6nrJM","views":250503},{"video_id":"YB0_Hb1tepU","views":302548},{"video_id":"bWfMzZfNU_s","views":3988933},{"video_id":"_xSkeKtgpJg","views":359495},{"video_id":"qxLPn1fNYWM","views":635084},{"video_id":"zT0AG_kOqmw","views":245361},{"video_id":"hFrgP1-PhVg","views":1802267},{"video_id":"_X2Lj3O2Sv0","views":485711},{"video_id":"6Bpu0nMAaQs","views":474082},{"video_id":"rms3WpgEePw","views":776668},{"video_id":"P_tCzLWYhDU","views":2704999},{"video_id":"k8hRoY_LIKM","views":523760},{"video_id":"NmpEPQGjhOM","views":222770},{"video_id":"6BmdkYkfiX0","views":688253},{"video_id":"Mih95vMbYi0","views":840994},{"video_id":"e-WkA5oFw1E","views":964274},{"video_id":"3eijp5mQTnI","views":963367},{"video_id":"SkO-wL3yqeQ","views":1639608},{"video_id":"_9Gp1V-J8v4","views":934313},{"video_id":"gLik1jHui6Y","views":645730},{"video_id":"qgMnYXmo-K4","views":234837},{"video_id":"5jRtbHls0Ew","views":960949},{"video_id":"El413-ygnFs","views":285210},{"video_id":"c_XrtL96x0M","views":885885},{"video_id":"l4scHFdr1VU","views":1734079},{"video_id":"wIQsAkxTm7o","views":230965},{"video_id":"eee7XYRCf7I","views":1815264},{"video_id":"4EyxA3FoF5Y","views":3879453}]}
{"channel_name":"YouTube Spotlight","end_date":"17.08.12","start_date":"17.05.12","total_views":52756525,"video_stats":[{"video_id":"bCi6TzRoAHc","views":144795},{"video_id":"FlsCjmMhFmw","views":52611730}]}
{"channel_name":"oblomoff","end_date":"18.14.06","start_date":"17.15.11","total_views":44186313,"video_stats":[{"video_id":"_yfTrT0UkY8","views":616177},{"video_id":"CeUaopDSfFY","views":707987},{"video_id":"GNwG8ff-bMs","views":714698},{"video_id":"O_LlJ1JKpus","views":892888},{"video_id":"eng7k3WZxX0","views":912440},{"video_id":"XyQWDxFD3HM","views":977560},{"video_id":"1WQDxgLscUU","views":347287},{"video_id":"2qiqk8t13o4","views":766451},{"video_id":"Hc2niLReWRw","views":665884},{"video_id":"0RhTiXxTpwI","views":945679},{"video_id":"5plzdJouF-c","views":898564},{"video_id":"HEXfjEQDJYs","views":602605},{"video_id":"Heay3iqkQ00","views":650146},{"video_id":"kMXA9fxxQ-k","views":446725},{"video_id":"IyrGVAiJO-I","views":560320},{"video_id":"5UUgQ3efULk","views":736866},{"video_id":"fAg0oNMaoJw","views":921477},{"video_id":"UT35q2Q9E28","views":998812},{"video_id":"JVVmB5EPny8","views":686733},{"video_id":"XEAmxXddX2U","views":697895},{"video_id":"9KM-3fiN0-I","views":893736},{"video_id":"_wjho2YewDE","views":580242},{"video_id":"1t5Xnlvgcb4","views":605504},{"video_id":"lcIot67HTvg","views":841341},{"video_id":"J8wMalhtmyQ","views":580796},{"video_id":"poXFAfnq7wI","views":623450},{"video_id":"E2BxrZfivkQ","views":324309},{"video_id":"zae4CgnxxSw","views":510752},{"video_id":"_X2aPa0zfyg","views":492094},{"video_id":"YYCx6B-kLmM","views":317734},{"video_id":"-8D8AlD5P4E","views":393863},{"video_id":"yq-3jAFQH2k","views":526541},{"video_id":"49NbjH_IJA8","views":765961},{"video_id":"u4q2TlV1vqE","views":863493},{"video_id":"4UHrqx325Ok","views":64134},{"video_id":"du0cM_dBRiQ","views":598186},{"video_id":"udOiEd9aWKw","views":407278},{"video_id":"JN8jykQy2ac","views":266254},{"video_id":"k78JydHDdwc","views":728082},{"video_id":"qNPQdlalWYQ","views":615982},{"video_id":"qLimVw24Oaw","views":353954},{"video_id":"KEx7ldJAueA","views":397841},{"video_id":"KCguGBOPUx8","views":934183},{"video_id":"QkEiJ38hnsk","views":331179},{"video_id":"rziBzbDd-Xg","views":464602},{"video_id":"7BA9QIpJfT4","views":479720},{"video_id":"i7NOiQmZzYg","views":333568},{"video_id":"aMLJFgEobZc","views":387034},{"video_id":"G4vRXlG3l0s","views":784585},{"video_id":"IVISx_x4HtA","views":943510},{"video_id":"FPvjcEE47-g","views":680497},{"video_id":"JefCuWSU8mo","views":612172},{"video_id":"0YjJXc9R2HI","views":884420},{"video_id":"AK9S-ILSLy4","views":514084},{"video_id":"E-0sjGKilGk","views":870372},{"video_id":"Z2qDe0n_XBM","views":994455},{"video_id":"JFPjNQzvPSM","views":880631},{"video_id":"vOGpKNGaWp4","views":527355},{"video_id":"cWdCbfarG5w","views":972940},{"video_id":"kAhXAk2mh5s","views":593406},{"video_id":"qCBqf7jp9tA","views":460655},{"video_id":"nHRJxNx6Elk","views":404695},{"video_id":"vcb2VbzkU3M","views":926836},{"video_id":"qwQ_vry72AE","views":577202},{"video_id":"crBDtMKqUDc","views":401136},{"video_id":"RhNHVv3BIls","views":664979},{"video_id":"ldCOQnKIls0","views":609000},{"video_id":"YLv8bgx3ou8","views":866896},{"video_id":"WxJ4SfmUGgY","views":587480}]}
{"channel_name":"kamikadzedead","end_date":"18.09.06","start_date":"17.14.11","total_views":43935957,"video_stats":[{"video_id":"sI2Mpp9AWRg","views":210181},{"video_id":"6gzXYKBEWD0","views":197265},{"video_id":"oFd8-hRy9lg","views":265566},{"video_id":"STjlZUhdnXI","views":253168},{"video_id":"wUgTcRxG5vQ","views":192861},{"video_id":"R7TJ0DsWH-A","views":175171},{"video_id":"N-Fdm9hu8cM","views":238333},{"video_id":"1muP4U4bHPQ","views":185772},{"video_id":"BT-NGYphRvk","views":123749},{"video_id":"UpBKMV1u800","views":265568},{"video_id":"obFcvemDMuE","views":130496},{"video_id":"4mIkLqGpIbo","views":119022},{"video_id":"d4n4XGPtYxM","views":229504},{"video_id":"M5Gx0KBFJ7A","views":279518},{"video_id":"a73uBdvLBE0","views":172137},{"video_id":"tzFN5YC2H7w","views":224151},{"video_id":"0Xc5tLb2M2I","views":214529},{"video_id":"1IoMBytFT0M","views":256790},{"video_id":"S2vnepx3V1w","views":201620},{"video_id":"0BNmg4FtS7Y","views":203918},{"video_id":"nFXt_5Ifpe8","views":165090},{"video_id":"jSRFQC0LdmA","views":229034},{"video_id":"vwOidFlFyVU","views":149009},{"video_id":"1kh9P7BZQjY","views":167383},{"video_id":"jWvUNlyKkD4","views":169549},{"video_id":"gdGwyPlfAJQ","views":168269},{"video_id":"nzxJZfUIg5c","views":219307},{"video_id":"66ptvnPrtJc","views":217483},{"video_id":"qxKbujnaXx8","views":172515},{"video_id":"KAiByxiZauY","views":153320},{"video_id":"H-8l_InD7gg","views":225587},{"video_id":"qYt9YBjIxLA","views":379109},{"video_id":"011edQXzn8s","views":340753},{"video_id":"Y74C3Td0ZC0","views":196354},{"video_id":"ekkQ1l4KqGs","views":174700},{"video_id":"mb2UvjKR6mc","views":219280},{"video_id":"ZH7h0YLz8-k","views":248794},{"video_id":"htt-iV20O6o","views":303516},{"video_id":"XpSmkOkqlhU","views":142108},{"video_id":"ccquMzxqlFo","views":201050},{"video_id":"PqYA9aeKO7o","views":184809},{"video_id":"LDLWIe1mSZo","views":264674},{"video_id":"GOXVG6mr5ow","views":330336},{"video_id":"uiCfvRPzYws","views":318255},{"video_id":"Ij4f_aotuJY","views":209768},{"video_id":"waDzth6xok0","views":266944},{"video_id":"NqoGGyU7t8M","views":279543},{"video_id":"6IKvPX8JM0M","views":290786},{"video_id":"ToU5ch2iwu4","views":306191},{"video_id":"2_rhorv7aTg","views":323450},{"video_id":"MXus2II55oc","views":271474},{"video_id":"WqzTE4x3URI","views":162784},{"video_id":"Nn6pVziM4iE","views":250257},{"video_id":"icxR3jISs2o","views":373266},{"video_id":"PF86LeX-8M4","views":277864},{"video_id":"wap_GL-feaU","views":281178},{"video_id":"tkfo-tG-RYo","views":205215},{"video_id":"xlBRT5fbK6o","views":230253},{"video_id":"c6fZQ-Z6AZ4","views":278849},{"video_id":"hFD6oXhnBGU","views":259665},{"video_id":"YeUokwFN-88","views":233673},{"video_id":"JrZQWTf_EnM","views":226228},{"video_id":"R5_2WE6VVrM","views":221118},{"video_id":"4ivR7k84WGk","views":269621},{"video_id":"x4qg3iRhKy4","views":240085},{"video_id":"fFP54-Ue9-g","views":401701},{"video_id":"an0kxZyoWq4","views":255670},{"video_id":"watUt1_SrSA","views":394985},{"video_id":"dreSMcZqLqs","views":285183},{"video_id":"sbEQxzWfX7Y","views":466818},{"video_id":"jQTg5stfCJA","views":150184},{"video_id":"DwGEWA_Nekg","views":482833},{"video_id":"bG6LxU15bpU","views":405520},{"video_id":"URmVTo-Oa8c","views":325428},{"video_id":"8ObavNDi1H8","views":714580},{"video_id":"He8W9EV-ZT4","views":602401},{"video_id":"wNqYB2-AIbY","views":309679},{"video_id":"Y0748amWsQU","views":322752},{"video_id":"4JfBw2AbjMs","views":479988},{"video_id":"d2iX1oXP_9M","views":328114},{"video_id":"e1ZXsdccdzI","views":282091},{"video_id":"6HBBCU9nzr8","views":286501},{"video_id":"8Y8bmJKmFVo","views":1294757},{"video_id":"47aAxUKLeIE","views":1219622},{"video_id":"TXlD9ND4Ue0","views":651388},{"video_id":"gyWklYCMv7E","views":961379},{"video_id":"E0mQt00aBP0","views":480483},{"video_id":"enPiyxIsoEE","views":488709},{"video_id":"ItPjMcNpWoQ","views":345115},{"video_id":"51AS7VTAOvo","views":558236},{"video_id":"z-yE9NsuwSM","views":349957},{"video_id":"FTlG3jc8SBI","views":268117},{"video_id":"CWkCIaJVC1g","views":358996},{"video_id":"ymw9rNHAwhg","views":292867},{"video_id":"dWE4N_TICf0","views":439313},{"video_id":"L77Qx8Uv6mo","views":254655},{"video_id":"4sAbnxZE9mU","views":384289},{"video_id":"j7IQJQ2smB4","views":242367},{"video_id":"5_Am8sbabys","views":298186},{"video_id":"0GHaJEMFkiM","views":371102},{"video_id":"vHiwwFfPgMo","views":246897},{"video_id":"WnoZVJzUW08","views":285293},{"video_id":"Tkt6KdUol1g","views":328982},{"video_id":"T_tWmLVbx7o","views":198781},{"video_id":"Rb-TlwHTTBc","views":297229},{"video_id":"ErwF9kfmU8U","views":295038},{"video_id":"1dnLxgat5_s","views":386133},{"video_id":"3-m1_qFHa_I","views":350180},{"video_id":"xYlDtfmqEXo","views":419957},{"video_id":"xq1fJZb4q00","views":271089},{"video_id":"k2T99Y2xmKA","views":286763},{"video_id":"6IIUXW_XvWI","views":720202},{"video_id":"FYs8kqdjHUY","views":450321},{"video_id":"WXXjeKMuu8I","views":445942},{"video_id":"ory2HINnmFs","views":489206},{"video_id":"YtKpuTXb0OE","views":458863},{"video_id":"QrIChCQA8x4","views":611055},{"video_id":"o7pfAYomNVs","views":381196},{"video_id":"wXLqyfkZpvM","views":379850},{"video_id":"5hEh_aJeg58","views":353057},{"video_id":"_p2E4JCprI8","views":232616},{"video_id":"weFP9_Qv2S0","views":458858},{"video_id":"DfPdxt1w2sk","views":316511},{"video_id":"pCEzQ4P7AJ0","views":399929},{"video_id":"h7O1WOkFS5Y","views":409463},{"video_id":"HuX8OTYsQY4","views":317542},{"video_id":"icaVjFtld04","views":303815},{"video_id":"lZYsdsf75e8","views":296532},{"video_id":"YVge1Pmz0cA","views":298556},{"video_id":"oTgTRa7d0hQ","views":187731},{"video_id":"t_mTLcWlG9o","views":337632},{"video_id":"0CaCMOOnjnM","views":418413},{"video_id":"P7Isy8q6Ls8","views":230323},{"video_id":"Bbag2mQAt5Q","views":268065},{"video_id":"_VwMEJjodrk","views":236518},{"video_id":"K3W61uziJF8","views":279572},{"video_id":"NPN_uFBV888","views":382003},{"video_id":"gqE_uQH0NqE","views":214063}]}
{"channel_name":"Трум Трум СЕЛЕКТ","end_date":"18.14.06","start_date":"17.25.12","total_views":42038429,"video_stats":[{"video_id":"JBI61A1_Wpc","views":65520},{"video_id":"vlC7tL_C8zw","views":544973},{"video_id":"qzKNLDDZKYQ","views":623944},{"video_id":"CsAGu7JtXzM","views":136230},{"video_id":"M7UCPcQjvpU","views":241420},{"video_id":"qZXrPxFnELQ","views":852438},{"video_id":"lTZdbUFaPMw","views":361926},{"video_id":"f3370-mYNFs","views":465612},{"video_id":"yyXDXeSvhSU","views":997068},{"video_id":"ls3WLTyznyI","views":310038},{"video_id":"cZdauqc34PM","views":535416},{"video_id":"z2hBxSjv9cM","views":466534},{"video_id":"hZb9Xn5lgIg","views":272388},{"video_id":"A2Ygj71tQGE","views":340839},{"video_id":"o_TwJ1MlJ_I","views":260665},{"video_id":"HZIJ08UleYs","views":294028},{"video_id":"Hbo-gX5qPqE","views":483131},{"video_id":"NNcOdRvt7j0","views":620851},{"video_id":"-9OtRw4rv_4","views":244240},{"video_id":"7v5F2kO3h8I","views":421444},{"video_id":"xmxp1fbsJYA","views":36101},{"video_id":"QMoNZz1jK9Y","views":829001},{"video_id":"L4WkbeJRb5U","views":450746},{"video_id":"CGyyxxKN0ZE","views":197743},{"video_id":"mIOOTQGhBkk","views":698504},{"video_id":"Sb13NesZnng","views":270692},{"video_id":"_iPYwDbedLY","views":796339},{"video_id":"eGOG7Vc5gM8","views":499980},{"video_id":"Rz-_07I0yHA","views":703082},{"video_id":"CeQj36yvdDw","views":590697},{"video_id":"7FAp_GyIBfA","views":854819},{"video_id":"7WN4j5ABbWQ","views":621028},{"video_id":"x9OakFHtr6A","views":564151},{"video_id":"OZvbnFhDqRY","views":663314},{"video_id":"Rnw9Osji8FQ","views":380714},{"video_id":"kAC1nwja5po","views":818894},{"video_id":"6zyeDQ6sD7Y","views":565630},{"video_id":"yR3bbOTzTdk","views":461854},{"video_id":"c6GFeAzO4CU","views":690936},{"video_id":"lDI6VyjkZLw","views":428424},{"video_id":"K7go9Ca9PkM","views":588586},{"video_id":"Yi9GLBDaEQs","views":666258},{"video_id":"DSgp3hC04uQ","views":604477},{"video_id":"f6n6lnVRLAU","views":725142},{"video_id":"3o4giuMmwDw","views":538913},{"video_id":"dxTEwfmuVQw","views":471766},{"video_id":"TsLfEd8Y_Kw","views":631278},{"video_id":"22C7SPgDijY","views":655758},{"video_id":"oGOUcAGBNKI","views":804008},{"video_id":"XBYpmeNq77g","views":373786},{"video_id":"wf7DdjqdINE","views":786455},{"video_id":"xrCJK3zy7ag","views":589378},{"video_id":"GlSAs4dfak4","views":470514},{"video_id":"uGWZTaHYA48","views":377820},{"video_id":"QGC6qOVROGI","views":819080},{"video_id":"mdQiLbCqszc","views":775187},{"video_id":"HTmxIUBOC9Y","views":430555},{"video_id":"h0W2uOkNTSs","views":586875},{"video_id":"cOjv_mjPU2I","views":759955},{"video_id":"UBLMWST7ZFs","views":692344},{"video_id":"sx9Puv0i32k","views":481455},{"video_id":"6v-ClG1SL9I","views":576564},{"video_id":"BrPj5K6zRrs","views":854609},{"video_id":"5yoYZG01fMQ","views":392514},{"video_id":"VkZDUORPmaQ","views":759796},{"video_id":"jhk6KQvRzmE","views":508441},{"video_id":"fK8DM6cqrtQ","views":699525},{"video_id":"aoyT7kI-cCc","views":412110},{"video_id":"HEtyObs50zM","views":602810},{"video_id":"bobPD7Z4AoQ","views":513591},{"video_id":"vEA-zeMGG2g","views":845221},{"video_id":"SKEw2cPiXMU","views":951774},{"video_id":"dvHBWMeUGJA","views":385531},{"video_id":"MK8-MWn5u_E","views":450686},{"video_id":"gC4WnppCbv8","views":930405},{"video_id":"x5JNI4NHuhU","views":663908}]}
{"channel_name":"КЛИККЛАК","end_date":"18.13.06","start_date":"17.27.11","total_views":40909067,"video_stats":[{"video_id":"k6cx9Xh-ZtY","views":1724149},{"video_id":"10ZVYT2DdUY","views":982436},{"video_id":"FxkAGH6IoTQ","views":1702395},{"video_id":"kdlMFzRmBTY","views":1825556},{"video_id":"bQRINSTBSWA","views":149436},{"video_id":"wMSfpAMxM5M","views":1582163},{"video_id":"7uJn-5tOhC0","views":1749703},{"video_id":"Y3ZKmi2SO9U","views":1299687},{"video_id":"oi_pXmPLBf8","views":781414},{"video_id":"0zQIc1lRGq0","views":1799868},{"video_id":"Q9F5WxItm-U","views":876007},{"video_id":"MBUudl2rNIE","views":1346113},{"video_id":"Nvi2KNvIwvI","views":1400266},{"video_id":"zt_Vwjh_PdI","views":1270469},{"video_id":"KVSElmHEHHU","views":2152727},{"video_id":"iQyLSvxX_KQ","views":792321},{"video_id":"N91BOPs0pP8","views":486599},{"video_id":"Byj4xhXus7Y","views":2647310},{"video_id":"xnBRC2Wj4Sw","views":2182464},{"video_id":"_kmgtR48Dew","views":851379},{"video_id":"SIc-F6NhewA","views":2807466},{"video_id":"bW2EJbPqjBg","views":2624619},{"video_id":"2adg8juLy9Q","views":3256808},{"video_id":"teXTYdX-HgQ","views":134901},{"video_id":"SKPATA4Fk6E","views":2814003},{"video_id":"4V34EvrCJbU","views":762558},{"video_id":"aiXLneuDYqY","views":906250}]}
{"channel_name":"Alex Boyko","end_date":"18.14.06","start_date":"17.16.11","total_views":38145172,"video_stats":[{"video_id":"JFxxq4FW22g","views":368485},{"video_id":"bJoJSeiH0yg","views":536797},{"video_id":"6OFTc9gK9RQ","views":293745},{"video_id":"O1JsAUSPcek","views":215145},{"video_id":"rPYZoMogg18","views":492387},{"video_id":"Tzvp1zxEa-k","views":791121},{"video_id":"lT0jCpvRVi0","views":790806},{"video_id":"1kRnrOAqn5Y","views":562758},{"video_id":"x8_Mx2fAzvE","views":516133},{"video_id":"9B36NrpSsSE","views":729205},{"video_id":"h6Y0BO2pgvI","views":703011},{"video_id":"lMKVzS7cPrI","views":779715},{"video_id":"-5INKKACBTQ","views":840720},{"video_id":"YrR7on62KqQ","views":488037},{"video_id":"N1Kbr6AXQJI","views":588389},{"video_id":"RLv1J2VhauY","views":484486},{"video_id":"ylpnmHLvNnU","views":654287},{"video_id":"02aZ2Ecn_Gs","views":527772},{"video_id":"5EKglcR4oOE","views":370755},{"video_id":"YsLl7GqqFnY","views":292671},{"video_id":"OvAWCww0SDE","views":191010},{"video_id":"NuF22jaj--4","views":536754},{"video_id":"zd9e7oQ4mFM","views":312373},{"video_id":"dyZ-MUCMOWg","views":546540},{"video_id":"c8oz2G4O3tk","views":336897},{"video_id":"AkTyCBWQt1U","views":460441},{"video_id":"HHwPDJ8TSFM","views":777049},{"video_id":"oBaULUzzP2Y","views":355247},{"video_id":"ZTb9GXMDXF0","views":457864},{"video_id":"s7NLLyIFiyU","views":289693},{"video_id":"0RhCgu6RHhE","views":483241},{"video_id":"KrfLIwCDVqY","views":200615},{"video_id":"6T3NrN8y1f4","views":717318},{"video_id":"z275jZteXg4","views":382188},{"video_id":"aN2_gQF_iWY","views":398858},{"video_id":"CHX-MVprWHM","views":800497},{"video_id":"D3dOu2lP5MQ","views":328004},{"video_id":"TbkXOuUGoxg","views":106091},{"video_id":"HjHHbdiAolY","views":43656},{"video_id":"xNPUvny4Fzg","views":265382},{"video_id":"g4J4Jz-kfxI","views":618257},{"video_id":"lnIdM61xbnI","views":489305},{"video_id":"ENczzv2YOwE","views":759328},{"video_id":"_TnEgtzAuso","views":357378},{"video_id":"jj5GiB51VRU","views":598163},{"video_id":"ChUhzlqIO98","views":291108},{"video_id":"kvQ42Xb5sbM","views":540502},{"video_id":"8W2-ez1D64o","views":540694},{"video_id":"rWfsgjqQ6V0","views":424068},{"video_id":"7Cqeg0A1QTk","views":477338},{"video_id":"LsDr8aWQTQI","views":708671},{"video_id":"djtkOg5270I","views":651879},{"video_id":"4yX863O8URM","views":737933},{"video_id":"jxV99a03l3o","views":362019},{"video_id":"C1fnqhbNZyA","views":325892},{"video_id":"TdeK7-oti4s","views":406378},{"video_id":"Dy7lTVKbc6o","views":59496},{"video_id":"0NNr0jKekcE","views":593452},{"video_id":"GuZAOdovCKI","views":474986},{"video_id":"ezVeRSzUvus","views":756685},{"video_id":"Ms2vtOuer-s","views":46088},{"video_id":"ctJUWWGPWwg","views":536010},{"video_id":"nTpSlOxFDzk","views":980168},{"video_id":"vadPJihxJ_4","views":915950},{"video_id":"9jsQtH46-00","views":869593},{"video_id":"RfmXUKV1kio","views":894863},{"video_id":"9OcteRSuyVI","views":602242},{"video_id":"R3yH4qyfyNE","views":862275},{"video_id":"LZ1iyGHhriQ","views":789453},{"video_id":"7kZXQfVLAd8","views":517219},{"video_id":"MR4dRX93bXA","views":817032},{"video_id":"c4twUp2JApA","views":621800},{"video_id":"yq3p-7Ahwqk","views":502804}]}
{"channel_name":"AcademeG","end_date":"18.02.06","start_date":"17.18.11","total_views":36563767,"video_stats":[{"video_id":"2A3y8kLdm-s","views":669356},{"video_id":"XnrgLBkRgMI","views":680661},{"video_id":"9pVrEblA0pk","views":687141},{"video_id":"TTQpIHwjs8w","views":674895},{"video_id":"FGC53pVMeZM","views":754829},{"video_id":"RYTKBpDF8sA","views":850561},{"video_id":"sJCE4B9NeRM","views":633604},{"video_id":"SAbTNJpVKE4","views":230647},{"video_id":"yNrSeyrK17Y","views":967438},{"video_id":"0oY-tzTr74A","views":709885},{"video_id":"mgmKEk7Me-8","views":745093},{"video_id":"M0iCGrpY3oE","views":991126},{"video_id":"R9TGzOwaDdI","views":775349},{"video_id":"bDUpoIQ9_wc","views":832226},{"video_id":"FoSKRX6Rq_M","views":735591},{"video_id":"Sb8EnNIGK9A","views":924125},{"video_id":"m0rf9CTDDlM","views":647654},{"video_id":"kzg6PFa3V6s","views":616496},{"video_id":"KJXuZfgrOAs","views":1191744},{"video_id":"FxbscVTke5Y","views":2386394},{"video_id":"i4dv5Dayrpg","views":857040},{"video_id":"Q_9EMSo2xoE","views":874296},{"video_id":"nqMIMQP0uoE","views":964703},{"video_id":"s7TCUTZc1lU","views":617333},{"video_id":"3Ej3FzMzeD4","views":949556},{"video_id":"RVKV97rcgLI","views":961955},{"video_id":"ueu2Yqq3HLI","views":639215},{"video_id":"5JpCR7qJHqI","views":608369},{"video_id":"3ckKtfSAgPQ","views":2011980},{"video_id":"zy6bINj50qs","views":627786},{"video_id":"pmz7fTAwBYE","views":780078},{"video_id":"FN5zWNdfCwY","views":754482},{"video_id":"R32uyBdVdN8","views":874035},{"video_id":"GGViEm4in9E","views":756509},{"video_id":"xlxeP9ok5zs","views":784286},{"video_id":"CwOykNsGM20","views":705522},{"video_id":"dYtAYf7mw0Y","views":652583},{"video_id":"fh4CGPOhguY","views":678599},{"video_id":"WFwakcZk6Gc","views":606225},{"video_id":"j61KsIWs6Pc","views":714876},{"video_id":"wEFAS5AucWQ","views":551270},{"video_id":"2LM0METJufw","views":700257},{"video_id":"nCIzlpFYdDI","views":1311983},{"video_id":"g5hqlIafiF8","views":876014}]}
{"channel_name":"Kylie Jenner","end_date":"18.06.02","start_date":"18.06.02","total_views":35832484,"video_stats":[{"video_id":"BhIEIO0vaBE","views":35832484}]}
{"channel_name":"Россия 24","end_date":"18.14.06","start_date":"17.14.11","total_views":35076544,"video_stats":[{"video_id":"jielZn5fzWo","views":157093},{"video_id":"G_M_Jk_McTY","views":162497},{"video_id":"e1-s7keE0qQ","views":242403},{"video_id":"3iedYPUtHxE","views":121087},{"video_id":"uvGF8Z1IgfY","views":131239},{"video_id":"rhRPr7oQI-Q","views":179167},{"video_id":"LJfIV7m5JAg","views":116128},{"video_id":"bvszR3n8f-k","views":136959},{"video_id":"dczQntLA1L4","views":128841},{"video_id":"Ja8sm19k0e0","views":140800},{"video_id":"x4XS_U3hk2A","views":165165},{"video_id":"rD8ELZE41OA","views":248340},{"video_id":"KnZYQBYYefk","views":124703},{"video_id":"qT_gRQw5h84","views":153435},{"video_id":"SHgyoN8IeLo","views":151057},{"video_id":"n6Mpk9Wjg00","views":133968},{"video_id":"DpbquWV6jrs","views":282943},{"video_id":"7sHqVmbIX14","views":201423},{"video_id":"ck7dbuIEt4o","views":223338},{"video_id":"bURhIgvlZmo","views":214100},{"video_id":"bfy0bTKk8KA","views":168534},{"video_id":"CbFiJ39sSs0","views":166297},{"video_id":"2xIvfnINNiA","views":102871},{"video_id":"gTTA0RkFXBQ","views":142121},{"video_id":"seTptWfEjAI","views":132407},{"video_id":"dWQyz6CuEFA","views":202031},{"video_id":"anLftsRRgw4","views":191209},{"video_id":"nfv0MKuTEQw","views":243691},{"video_id":"qpd7kV2sruY","views":145853},{"video_id":"rWMiGzR4JQ4","views":131748},{"video_id":"CydJSMQ7KAU","views":184985},{"video_id":"3rJq6wD0hKY","views":188360},{"video_id":"GNHMQf_B1m8","views":104583},{"video_id":"7573OYzADic","views":178932},{"video_id":"UMXtRpLRQoc","views":169071},{"video_id":"5AGdOk5pCXw","views":161208},{"video_id":"UZ8jaFhNWBc","views":190008},{"video_id":"gWB4TedNg7g","views":156860},{"video_id":"7zIMyMehxSs","views":178579},{"video_id":"qlVAlCHnx5o","views":190505},{"video_id":"tkqT8UWW5vw","views":210848},{"video_id":"v-EDHLYNGU4","views":173911},{"video_id":"2Qux4eaIH2E","views":218096},{"video_id":"ArIxdvv2OYQ","views":152108},{"video_id":"ooR2JJkd_oI","views":210771},{"video_id":"6E1E8x4m5Vs","views":179563},{"video_id":"aRm4traIHz4","views":157624},{"video_id":"50Gz6xGPGk4","views":132162},{"video_id":"0AzGTbtmG7A","views":126747},{"video_id":"X1ZaPImB6z8","views":250613},{"video_id":"sgUY3Bl6Yz4","views":194143},{"video_id":"7JfkaY-PUIY","views":180948},{"video_id":"sIZoHpZyjgU","views":172442},{"video_id":"_dLweb6vrYM","views":138162},{"video_id":"xN0CKVeBX1Q","views":129514},{"video_id":"xlALlTpvzmo","views":210821},{"video_id":"Z4yeFlvzi88","views":170911},{"video_id":"_sRskhKiiE8","views":142253},{"video_id":"BDu8gmvnb1c","views":140999},{"video_id":"oCaw3Vxh6D8","views":177477},{"video_id":"OM3xNdXIxaw","views":222869},{"video_id":"m0iTzYgSx48","views":468022},{"video_id":"GhsvRKyu8Xs","views":273804},{"video_id":"CEdy9R0nXYg","views":228095},{"video_id":"TfBX4WUfURI","views":2768},{"video_id":"QN7AntBHI64","views":155886},{"video_id":"W9I_NJig7dQ","views":224089},{"video_id":"cr5N80VLHVE","views":150882},{"video_id":"CqG3FVnR868","views":229971},{"video_id":"MhasKaOG4fE","views":240102},{"video_id":"pOTruEpsrYw","views":156463},{"video_id":"kAhPWDAA4n8","views":1645392},{"video_id":"oDeI_qejNvA","views":205654},{"video_id":"6slFfemBnN8","views":501228},{"video_id":"wopKzAWXt8g","views":259211},{"video_id":"ffbgFmKEQyI","views":205729},{"video_id":"3kmwbqgwwi4","views":321934},{"video_id":"v1qyEWisvkQ","views":142552},{"video_id":"htSsqoAbQLE","views":199283},{"video_id":"1PGUTyHVEtw","views":187328},{"video_id":"usF2Nug35ug","views":280193},{"video_id":"KiCwIXNK9L0","views":253817},{"video_id":"AOWbBbnrW68","views":209764},{"video_id":"QtuGfGJNNr4","views":191819},{"video_id":"qRVXXGTQIYs","views":283794},{"video_id":"AQ1ARpSjRjg","views":233074},{"video_id":"Cm4lftnRKpY","views":268385},{"video_id":"osWOu0NbOPc","views":208974},{"video_id":"y7KztnGFYLY","views":216527},{"video_id":"dCyv3HQr7b8","views":233454},{"video_id":"oqCxoXZU9gI","views":174053},{"video_id":"TxQUwJhxjbY","views":258492},{"video_id":"zOz4aQ5Mx-c","views":291548},{"video_id":"eMFLCNSATI4","views":775231},{"video_id":"7V6eprr4amU","views":240689},{"video_id":"rP4RZtUsg30","views":241559},{"video_id":"7MSYan8QjXI","views":227122},{"video_id":"iABFEo_Fa1U","views":284150},{"video_id":"h5EA7sJXjMc","views":193596},{"video_id":"FPBMv6ORAp0","views":223116},{"video_id":"VXoaHzdRgHU","views":203220},{"video_id":"9nASyHt-nXA","views":213380},{"video_id":"cHMTsbm1uJo","views":140560},{"video_id":"CUXhufCrX3Y","views":351607},{"video_id":"3dETQoJCHGE","views":360598},{"video_id":"7Y596baVB1Q","views":320084},{"video_id":"oYdFxa5z2Jg","views":243521},{"video_id":"qESeebypJbE","views":300496},{"video_id":"vtLLhdFDqQQ","views":291408},{"video_id":"BN5C-JXIpzU","views":215191},{"video_id":"7zGJTZDBWwE","views":188110},{"video_id":"qWX8GTbhlAk","views":309422},{"video_id":"k4AGyzMeosc","views":164560},{"video_id":"dy3yZMyOFa8","views":214482},{"video_id":"c2UgUEdyMKg","views":201457},{"video_id":"_Oma1BKdqcQ","views":184146},{"video_id":"ZBcpeBaZPCM","views":221675},{"video_id":"vxRDvMcQFBs","views":516713},{"video_id":"iRWUqAz3-i4","views":308126},{"video_id":"z12uoUGgBVw","views":666030},{"video_id":"c2YBV-PtRnQ","views":58685},{"video_id":"bTVK3_6V7f0","views":2035480},{"video_id":"n3ePx54tzuY","views":294999},{"video_id":"o6elZG1vQAA","views":102968},{"video_id":"_un7TdpqQoo","views":277645},{"video_id":"SVpvOVn9r38","views":171754},{"video_id":"OB1hJ9krkpA","views":407950},{"video_id":"RxSANC98ahk","views":177209},{"video_id":"jvJ1hExtAu4","views":151238},{"video_id":"F_I5G442CmY","views":199329},{"video_id":"JgGJWGa_cQA","views":273938},{"video_id":"RKB8CJH4y7c","views":249477},{"video_id":"s0i06bnSep0","views":173321},{"video_id":"UyrY6grZbPM","views":171842},{"video_id":"RZR_zL5X2AM","views":161259},{"video_id":"sYFhAApvH-M","views":163138},{"video_id":"I6yuqNEyTWA","views":177217},{"video_id":"o-Ib0ntMCTk","views":245093},{"video_id":"3umHN0OEZUg","views":205182},{"video_id":"dJbQjleBKWs","views":182006},{"video_id":"CCrSyqr9GfM","views":79889},{"video_id":"Iyb_JRjqjNI","views":262680},{"video_id":"UHGFJDzR3i8","views":165969},{"video_id":"jUDkimbZY78","views":241325},{"video_id":"LH_1LRqf0QU","views":174690},{"video_id":"wXVC68QdmcY","views":222460},{"video_id":"MOqG-WRKkBg","views":179424},{"video_id":"MJmiRysJI60","views":371426},{"video_id":"71-6BxeAFqw","views":157047},{"video_id":"7E1np354AEc","views":201847}]}
