{"channel_title":"時事通信映像センター","description":"佐賀県神埼市の民家に墜落した陸上自衛隊のＡＨ６４Ｄ戦闘ヘリコプターが垂直に落下する様子を、近くにいた車のドライブレコーダーが捉えていたことが６日分かった。\\n　現場の南から撮影された映像では、東から西に飛行するヘリが突然、機首を下に向けてきりもみ回転するように落下。ヘリの急降下と同時に、機体の一部とみられる物体が落ちていく様子も映っていた。\\n　録画した佐賀城北自動車学校（佐賀市）によると、撮影場所は現場から約１．５キロメートル南の神埼市内の路上。時間調整のため停車していた送迎車のドライブレコーダーに、偶然映り込んでいたという。佐賀城北自動車学校提供。【時事通信映像センター】","id":"5ugKfHgsmYw","latest_date":"18.08.02","latest_dislikes":"250","latest_likes":"807","latest_views":"312569","title":"陸自ヘリ、垂直に落下＝路上の車が撮影","trending_days":[{"date":"18.07.02","dislikes":"189","likes":"591","views":"188085"},{"date":"18.07.02","dislikes":"189","likes":"591","views":"188085"},{"date":"18.07.02","dislikes":"189","likes":"591","views":"188085"},{"date":"18.07.02","dislikes":"189","likes":"591","views":"188085"},{"date":"18.08.02","dislikes":"250","likes":"807","views":"312569"},{"date":"18.08.02","dislikes":"250","likes":"807","views":"312569"},{"date":"18.08.02","dislikes":"250","likes":"807","views":"312569"},{"date":"18.08.02","dislikes":"250","likes":"807","views":"312569"}]}
{"channel_title":"nbsc006","id":"KqtWo-4A0LU","latest_date":"18.08.02","latest_dislikes":"886","latest_likes":"527","latest_views":"198340","title":"坂上忍 やくみつるに「大激怒！」バイキング 2018年2月6日 20180206","trending_days":[{"date":"18.07.02","dislikes":"339","likes":"189","views":"55465"},{"date":"18.07.02","dislikes":"339","likes":"189","views":"55465"},{"date":"18.07.02","dislikes":"339","likes":"189","views":"55465"},{"date":"18.07.02","dislikes":"339","likes":"189","views":"55465"},{"date":"18.08.02","dislikes":"886","likes":"527","views":"198340"},{"date":"18.08.02","dislikes":"886","likes":"527","views":"198340"},{"date":"18.08.02","dislikes":"886","likes":"527","views":"198340"},{"date":"18.08.02","dislikes":"886","likes":"527","views":"198340"}]}
{"channel_title":"K.P.N. M.Y","id":"gH92h6_0ICs","latest_date":"18.14.03","latest_dislikes":"167","latest_likes":"1322","latest_views":"292796","title":"IPPONグランプリ TKO 木下 最速の一本","trending_days":[{"date":"18.11.03","dislikes":"4","likes":"44","views":"4645"},{"date":"18.11.03","dislikes":"4","likes":"44","views":"4645"},{"date":"18.12.03","dislikes":"117","likes":"784","views":"155964"},{"date":"18.12.03","dislikes":"117","likes":"784","views":"155964"},{"date":"18.13.03","dislikes":"156","likes":"1155","views":"252740"},{"date":"18.14.03","dislikes":"167","likes":"1322","views":"292796"}]}
{"channel_title":"田村淳の地上波ではダメ! 絶対! Official","id":"q8bB6m-pG2o","latest_date":"18.28.03","latest_dislikes":"1424","latest_likes":"5270","latest_views":"1452742","title":"ダラケ！シーズン14 #01 2018年3月22日","trending_days":[{"date":"18.26.03","dislikes":"77","likes":"353","views":"73610"},{"date":"18.26.03","dislikes":"77","likes":"353","views":"73610"},{"date":"18.27.03","dislikes":"959","likes":"3909","views":"1003018"},{"date":"18.27.03","dislikes":"959","likes":"3909","views":"1003018"},{"date":"18.28.03","dislikes":"1424","likes":"5270","views":"1452742"},{"date":"18.28.03","dislikes":"1424","likes":"5270","views":"1452742"}]}
{"channel_title":"はじめしゃちょーの畑","description":"はじめしゃちょーの畑です。【Twitter】はじめしゃちょーの畑公式:https://twitter.com/hajimesyachoHTKはじめ：https://twitter.com/hajimesyachoだいちぃ：https://twitter.com/daaiicchhiたなっち：https://twitter.com/tanacchi_ryuやふへゐ先生：https://twitter.com/youheidegozaru------------------------------------------------------------------------------ 楽曲提供：Production Music by http://www.epidemicsound.com                     フリーBGM DOVA-SYNDROME by http://dova-s.jp/------------------------------------------------------------------------------","id":"9S08k0dqqA8","latest_date":"18.19.05","latest_dislikes":"5310","latest_likes":"23412","latest_views":"1588998","title":"【ケンカ寸前】家の前のヤンキー達がマジでうるせえ。","trending_days":[{"date":"18.18.05","dislikes":"2457","likes":"17974","views":"997845"},{"date":"18.18.05","dislikes":"2457","likes":"17974","views":"997845"},{"date":"18.19.05","dislikes":"5310","likes":"23412","views":"1588998"},{"date":"18.19.05","dislikes":"5310","likes":"23412","views":"1588998"},{"date":"18.19.05","dislikes":"5310","likes":"23412","views":"1588998"},{"date":"18.19.05","dislikes":"5310","likes":"23412","views":"1588998"}]}
{"channel_title":"東海オンエア","description":"撮影協力：白樺リゾート 池の平ホテル&リゾーツhttp://hotel.ikenotaira-resort.co.jp/チェックマン秋山ペイソンYouTube：https://www.youtube.com/channel/UC_HHWr2CYnFICGTeKV_PMFwTwitter：https://twitter.com/akiyamapeisonくわがたゆうきがっちゃんYouTube：https://www.youtube.com/channel/UClKZrzm5bKxLvTSenDDCJCwTwitter：https://twitter.com/nahanaha_smileどうも、東海オンエアです。ぜひチャンネル登録お願いします！サブチャンネル【東海オンエアの控え室】もぜひチャンネル登録してね！！！https://www.youtube.com/channel/UCynIYcsBwTrwBIecconPN2Aグッズ購入はこちらから！！https://goo.gl/YtauZWお仕事の依頼はこちらからhttps://www.uuum.co.jp/inquiry_promotionファンレターはこちらへ〒106-6137 東京都港区六本木 6-10-1 六本木ヒルズ森タワー 37階UUUM株式会社　東海オンエア宛【Twitterアカウント】てつや→https://twitter.com/TO_TETSUYAとしみつ→https://twitter.com/TO_TOSHIMITSUしばゆー→https://twitter.com/TOKAI_ONAIRりょう→https://twitter.com/TO_RYOOゆめまる→https://twitter.com/TO_yumemarucas虫眼鏡→https://twitter.com/TO_ZAWAKUN","id":"7SoPhzYdMFc","latest_date":"18.19.05","latest_dislikes":"511","latest_likes":"33061","latest_views":"1633864","title":"【疲れを溜めよう】２泊３日！寝たら即帰宅の旅！Part５","trending_days":[{"date":"18.18.05","dislikes":"358","likes":"27938","views":"1198576"},{"date":"18.18.05","dislikes":"358","likes":"27938","views":"1198576"},{"date":"18.19.05","dislikes":"511","likes":"33061","views":"1633864"},{"date":"18.19.05","dislikes":"511","likes":"33061","views":"1633864"},{"date":"18.19.05","dislikes":"511","likes":"33061","views":"1633864"},{"date":"18.19.05","dislikes":"511","likes":"33061","views":"1633864"}]}
{"channel_title":"兄者弟者","description":"【単発実況の再生リスト】https://www.youtube.com/playlist?list=PL1Z1KdfmKuebspGryhlKCj41kTNUVwOOs★最新投稿情報はツイッターで！《@Otojya》https://twitter.com/otojya▼2BRO.関連チャンネルリスト【兄者弟者チャンネルTOP】https://www.youtube.com/user/norunine【アニドラチャンネルTOP】https://www.youtube.com/channel/UCzSi25RJfQNtQzXNYQUAcNA【おついち TubeチャンネルTOP】https://www.youtube.com/user/afuramazda08262017/03/24 発売 Steam版「Red Death」","id":"mHhjxyvE2WA","latest_date":"18.19.05","latest_dislikes":"236","latest_likes":"4154","latest_views":"388892","title":"【単発実況】弟者の「Red Death」【2BRO.】","trending_days":[{"date":"18.18.05","dislikes":"186","likes":"3692","views":"318520"},{"date":"18.18.05","dislikes":"186","likes":"3692","views":"318520"},{"date":"18.19.05","dislikes":"236","likes":"4154","views":"388892"},{"date":"18.19.05","dislikes":"236","likes":"4154","views":"388892"},{"date":"18.19.05","dislikes":"236","likes":"4154","views":"388892"},{"date":"18.19.05","dislikes":"236","likes":"4154","views":"388892"}]}
{"channel_title":"【レペゼン地球】曲チャンネル","description":"僕たちのツイッターフォローしてね❤️下にリンクあるよ❤️-------------------------------------------------------作詞/DJ社長・DJふぉい作曲/DJ社長トラックメイク/BRAVE MV制作/DJ社長-------------------------------------------------------★週３ぐらいで動画アップ★—————————————『ゴミクズ ポンコツ DJ集団！』【レペゼン地球】【レペゼン地球公式チャンネル】➡︎https://www.youtube.com/channel/UC48rXa58MhXkX1Ey5rKZVzw【DJ社長の個人チャンネルも見てね！】https://www.youtube.com/channel/UC3eTZ5Yld6qufD6rtEiERdw【本業の『曲』チャンネル聞いてね！】➡︎https://www.youtube.com/channel/UCxMLTQETeHIB2WGuTOG5wJAそんな彼らはTwitter頑張ってるよ！フォローしてね！！【DJ社長】https://twitter.com/DJ_Shacho【DJふぉい】https://twitter.com/DJ_Foy_【DJ銀太】https://twitter.com/DJ_GINTA_NEW【ジェニファー】https://twitter.com/DJ_Jennifer_【DJまる】https://twitter.com/DJ_maru_【マネージャー脇】https://twitter.com/Repemane_waki","id":"z7t2jzmV_Zg","latest_date":"18.19.05","latest_dislikes":"789","latest_likes":"11295","latest_views":"296481","title":"【レペゼン地球】32thシングル『FF街』","trending_days":[{"date":"18.18.05","dislikes":"364","likes":"8362","views":"174483"},{"date":"18.18.05","dislikes":"364","likes":"8362","views":"174483"},{"date":"18.19.05","dislikes":"789","likes":"11295","views":"296481"},{"date":"18.19.05","dislikes":"789","likes":"11295","views":"296481"},{"date":"18.19.05","dislikes":"789","likes":"11295","views":"296481"},{"date":"18.19.05","dislikes":"789","likes":"11295","views":"296481"}]}
{"channel_title":"ロシアンブルー","description":"【芸能ネタを中心にホットなネタを日々お届け♪】こちらからチャンネル登録お願いします！！！https://www.youtube.com/channel/UCzbYf7ySIQ1BJ2BZ2wL-1yw?view_as=subscriber【おすすめの関連動画】西城秀樹へ菅義偉官房長官が送ったある言葉に涙が止まらない…記者会見での言葉に日本中から感動の声…https://www.youtube.com/watch?v=8Hvqt2TPFqU歌手の西城秀樹さんが死去(18/05/17)https://www.youtube.com/watch?v=qzr-hpBhCZA西城秀樹氏安らかに…闘病中の懸命な姿に国民涙！【misakiのげいのうにゅーす】https://www.youtube.com/watch?v=7y4UjeoyOMc【音楽引用元様】甘茶の音楽工房 http://amachamusic.chagasi.com/","id":"geOSYId6tac","latest_date":"18.20.05","latest_dislikes":"0","latest_likes":"0","latest_views":"271231","title":"西城秀樹の訃報を江原啓之が予言していた事実が発覚！１０年前の霊視で見えた内容とは？","trending_days":[{"date":"18.19.05","dislikes":"0","likes":"0","views":"191106"},{"date":"18.19.05","dislikes":"0","likes":"0","views":"191106"},{"date":"18.19.05","dislikes":"0","likes":"0","views":"191106"},{"date":"18.19.05","dislikes":"0","likes":"0","views":"191106"},{"date":"18.20.05","dislikes":"0","likes":"0","views":"271231"},{"date":"18.20.05","dislikes":"0","likes":"0","views":"271231"},{"date":"18.20.05","dislikes":"0","likes":"0","views":"271231"},{"date":"18.20.05","dislikes":"0","likes":"0","views":"271231"}]}
{"channel_title":"HikakinTV","description":"提供：TaoTronicsBluetoothイヤホン TT-BH026はこちらAmazon https://amzn.to/2wYtWq3Yahoo! https://store.shopping.yahoo.co.jp/sunvalley-brands-jp/tt-bh026.html楽天 https://item.rakuten.co.jp/sunvalleybrandsjapan/tt-bh026/AppBank Store https://goo.gl/ZoAwpXイヤホン・ヘッドホン専門店 e☆イヤホン http://www.e-earphone.jp/DELFONICS・Smith店舗一覧http://www.delfonics.com/shop/撮影協力ラウンドワンスタジアム ららぽーと新三郷店住所：埼玉県三郷市新三郷ららシティ3丁目1-1 ららぽーと新三郷 2階電話番号：048-950-7501==========================◆チャンネル登録はこちら↓http://www.youtube.com/user/hikakintv?sub_confirmation=1◆雑草MVhttps://www.youtube.com/watch?v=UyV9ud-akdw◆ツイッター↓https://twitter.com/hikakin◆インスタグラムhttps://instagram.com/hikakin/◆ヒカキンゲームズhttp://www.youtube.com/hikakingames◆ビートボックス動画のHIKAKINチャンネル↓http://www.youtube.com/HIKAKIN◆ラフな動画のHikakinBloghttp://www.youtube.com/hikakinblog◆ヒカキンLINEスタンプはこちらhttps://store.line.me/stickershop/product/1022677/ja◆ヒカキンLINE公式アカウント●友達登録はこちら↓http://line.naver.jp/ti/p/%40hikakin","id":"N69XEH1h1VY","latest_date":"18.28.05","latest_dislikes":"2595","latest_likes":"23805","latest_views":"1626437","title":"ユーチューバースポーツ王決定戦！運動神経が1番いいのは誰だ!?【ヒカキン vs ンダホ vs てつや】","trending_days":[{"date":"18.26.05","dislikes":"1060","likes":"13829","views":"621293"},{"date":"18.26.05","dislikes":"1060","likes":"13829","views":"621293"},{"date":"18.27.05","dislikes":"2298","likes":"21876","views":"1386482"},{"date":"18.27.05","dislikes":"2298","likes":"21876","views":"1386482"},{"date":"18.28.05","dislikes":"2595","likes":"23805","views":"1626437"},{"date":"18.28.05","dislikes":"2595","likes":"23805","views":"1626437"}]}
