{"category_id":"10","videos":[{"radio_likes_dislikes":1076.9121265377855,"video_id":"PMEkmiQP5bg","video_title":"G.C.F in Osaka","views":2335147},{"radio_likes_dislikes":823.6981132075472,"video_id":"aXs8jFCC5xo","video_title":"[Preview] 몬스타엑스(MONSTA X) - 'THE CONNECT'","views":200742},{"radio_likes_dislikes":764.8030303030303,"video_id":"zqaKryi6CVc","video_title":"想你想瘋了(Crazy For You) by 柯以敏 (Mindy Quah) – Covered by JUN","views":182632},{"radio_likes_dislikes":684.264802631579,"video_id":"K4Melso7MPU","video_title":"BTS (방탄소년단) '방탄회식' #2018BTSFESTA","views":2384801},{"radio_likes_dislikes":663.5,"video_id":"SdMbg2rqXts","video_title":"[MV] 용준형(YONG JUNHYUNG) - 소나기 (Feat. 10cm)","views":142067},{"radio_likes_dislikes":657.5172413793103,"video_id":"D5tett-Kb6w","video_title":"Black on Black","views":338711},{"radio_likes_dislikes":645.5277777777778,"video_id":"50czugdZXgo","video_title":"[MV] 용준형(YONG JUN HYUNG) - 무슨 말이 필요해 (Go Away)","views":155489},{"radio_likes_dislikes":590.7520661157025,"video_id":"TPDv9hgJ3ZI","video_title":"Neo Culture Tech on my mind","views":380754},{"radio_likes_dislikes":578.96,"video_id":"HFTfy33dfzY","video_title":"[MV] 양요섭(YANG YOSEOP) - 별","views":143920},{"radio_likes_dislikes":563.450184501845,"video_id":"ykZi4U9669A","video_title":"[BANGTAN BOMB] BTS' exciting Game room #1 - BTS (방탄소년단)","views":539149}]}
{"category_id":"24","videos":[{"radio_likes_dislikes":705.6979865771812,"video_id":"sJGolNWtHFI","video_title":"Special Trailer | BTS: Burn The Stage","views":690491},{"radio_likes_dislikes":479.35227272727275,"video_id":"2YVMusIxisY","video_title":"김성규(Kim Sung Kyu) “True Love” Official MV","views":294710},{"radio_likes_dislikes":458.3762376237624,"video_id":"Mj_tCaWNM78","video_title":"[릴레이댄스] 세븐틴(Seventeen) - 고맙다(Thanks)","views":406525},{"radio_likes_dislikes":435.4942528735632,"video_id":"FcQWmn-kF4k","video_title":"[SHINee's BACK] Ep.1 누난 너무 예뻐(Replay) (ENG SUB)","views":422489},{"radio_likes_dislikes":405.258064516129,"video_id":"RtI8iieSHqU","video_title":"[SHINee's BACK] Ep.3 산소같은 너(Love Like Oxygen) (ENG SUB)","views":304046},{"radio_likes_dislikes":370.51666666666665,"video_id":"phAACoBcNow","video_title":"TEEN TOP (틴탑)_서울밤 (SEOUL NIGHT) M/V","views":128002},{"radio_likes_dislikes":364.95714285714286,"video_id":"Z33yJCOOekQ","video_title":"[SHINee's BACK] Ep.2 Why So Serious? (ENG SUB)","views":261013},{"radio_likes_dislikes":363.5406976744186,"video_id":"PPjWEft-sPg","video_title":"BTS COMEBACKSHOW - HIGHLIGHT REEL [BTS의 충전법 Part.3] 이럴 슈가!! 한 번 잠들면 깨지 않는다!│BTS COMEBACK SHOW 180524","views":646747},{"radio_likes_dislikes":345.85074626865674,"video_id":"fBLEHMuEgB0","video_title":"180608 방탄소년단 앵콜","views":304755},{"radio_likes_dislikes":336.19727891156464,"video_id":"NtaP6u9Wdl4","video_title":"180418 LET GO / 방탄소년단 정국 직캠 BTS JUNGKOOK FOCUS FANCAM","views":558245}]}
{"category_id":"22","videos":[{"radio_likes_dislikes":671.7464788732394,"video_id":"axaovrFYNzY","video_title":"180613 JIN & V - Even If I Die, It's You (Hwarang OST)","views":793776},{"radio_likes_dislikes":477.1666666666667,"video_id":"qHI7HwvOtgE","video_title":"When Jungkook Creates Subtitels - BTS COMEBACK SHOW (HIGHLIGHT REEL)","views":223808},{"radio_likes_dislikes":455.1666666666667,"video_id":"pZBjDeG9hBE","video_title":"[ETC]SEVENTEEN - CALL CALL CALL! 応援法","views":306791},{"radio_likes_dislikes":419.8048780487805,"video_id":"ZDujgEqEIRk","video_title":"OMG! BTS 'LET GO' Choreo super Amazing! They looks so good with all black outfits ~~","views":267706},{"radio_likes_dislikes":362.94202898550725,"video_id":"UJlpnhjmvkU","video_title":"[LIVE] BTS Pied Piper PROM PARTY FESTA 2018 (방탄소년단) 防弾少年团","views":381515},{"radio_likes_dislikes":358.06976744186045,"video_id":"8rTWEdmEshY","video_title":"[TEASER]SEVENTEEN - CALL CALL CALL! MV Teaser","views":248053},{"radio_likes_dislikes":355.07142857142856,"video_id":"LOmOEKHSOjk","video_title":"バレンタインに夢見てはやくそれになりたい！歌ってみたverうらさか詩人","views":110656},{"radio_likes_dislikes":323.3529411764706,"video_id":"CeI-tEAfWI0","video_title":"180520 BBMAs | FAKE LOVE 4K | 제이홉 직켐 J-Hope Focus","views":113596},{"radio_likes_dislikes":307.84615384615387,"video_id":"u5x-ndG7Yq8","video_title":"【2/26 7:59まで限定配信】 アニメ「タヌキとキツネ」第5話","views":117837},{"radio_likes_dislikes":281.4375,"video_id":"cwBIZXh5ttg","video_title":"180514 BTS Arrival At LAX Airport","views":125880}]}
{"category_id":"1","videos":[{"radio_likes_dislikes":415.1463414634146,"video_id":"vSi7NGZQ-IA","video_title":"TVアニメーション「殺戮の天使」PV第2弾","views":225428},{"radio_likes_dislikes":321.27906976744185,"video_id":"qfSulwWRHdQ","video_title":"あんさんぶるスターズ！アルバムシリーズ Knights ダイジェスト動画","views":181680},{"radio_likes_dislikes":268.7352941176471,"video_id":"luAtfRo6nB0","video_title":"あんさんぶるスターズ！アルバムシリーズ 流星隊 ダイジェスト動画","views":118802},{"radio_likes_dislikes":222.53153153153153,"video_id":"4stAzotuKPs","video_title":"TVアニメーション「殺戮の天使」PV第1弾","views":451705},{"radio_likes_dislikes":213.275,"video_id":"8L2UgTvuip0","video_title":"Heartbreaking moment: Onew, Minho, Key and Taemin sobbing heavily when singing because of Jonghyun","views":235532},{"radio_likes_dislikes":208.5,"video_id":"D7UuNXt1Qcw","video_title":"【5/7 7:59まで限定配信】 アニメ「タヌキとキツネ」第15話","views":101118},{"radio_likes_dislikes":188.47826086956522,"video_id":"-9zwLPNQI5I","video_title":"【3/19 7:59まで限定配信】 アニメ「タヌキとキツネ」第8話","views":141722},{"radio_likes_dislikes":184.16666666666666,"video_id":"oRT-UGOh1B8","video_title":"【オーバーロードⅢ】TVアニメ3期決定CM（2018年7月放送開始）","views":328567},{"radio_likes_dislikes":182.70731707317074,"video_id":"VQW6XmAPMcI","video_title":"Roselia「Neo-Aspect」アニメMV（フルサイズVer ）","views":101705},{"radio_likes_dislikes":181.9795918367347,"video_id":"eVwdeIDjXeM","video_title":"Aqours 3rdSingle「HAPPY PARTY TRAIN」Full","views":161567}]}
{"category_id":"20","videos":[{"radio_likes_dislikes":368.6666666666667,"video_id":"WMBdSdUKo6Y","video_title":"アイドリッシュセブン『DIAMOND FUSION/TRIGGER』MV FULL","views":111371},{"radio_likes_dislikes":301.8076923076923,"video_id":"ACq4eKIsFWs","video_title":"逢坂壮五  (IDOLiSH7) / 『Maybe』","views":111236},{"radio_likes_dislikes":232.25,"video_id":"7BYhny-qbas","video_title":"【第４回】 人間不信選手権 【最終兵器俺達】","views":149928},{"radio_likes_dislikes":188.41666666666666,"video_id":"SmC94mnCDFc","video_title":"6年前の更にヤバイ黒歴史を晒します","views":155983},{"radio_likes_dislikes":183.55,"video_id":"hfkcrNDmd9I","video_title":"ポッキーVS.ポッキー","views":188346},{"radio_likes_dislikes":179.3453237410072,"video_id":"sBMOXHrXJtI","video_title":"Cuphead DLC Announcement Trailer | Xbox One | Windows 10 | Steam | GOG","views":314397},{"radio_likes_dislikes":146.46923076923076,"video_id":"cene97fTKJQ","video_title":"Howfun / 叫媽媽，好難。","views":314216},{"radio_likes_dislikes":142.44155844155844,"video_id":"GWlKEM3m2EE","video_title":"KINGDOM HEARTS III – SQUARE ENIX E3 SHOWCASE 2018 Trailer","views":495606},{"radio_likes_dislikes":141.55555555555554,"video_id":"SCiTsRX-l60","video_title":"5/24発売!!【ペルソナ５ ダンシング・スターナイト】オープニングムービー","views":173806},{"radio_likes_dislikes":136.16666666666666,"video_id":"PYKmAiqe2_Q","video_title":"【シェアハウス】トミーがいつも寝ている場所が衝撃的！","views":156686}]}
{"category_id":"26","videos":[{"radio_likes_dislikes":291.77183098591547,"video_id":"sV7eDd1d7LI","video_title":"Cooking birthday presents for my wife!","views":860132},{"radio_likes_dislikes":150.725,"video_id":"rFAddL8g8mw","video_title":"I Went To Japan To Make The Most Difficult Omelet","views":1397823},{"radio_likes_dislikes":134.70833333333334,"video_id":"6gY9K_cqYgk","video_title":"うさぎに好かれたい母vs母から逃げたいうさぎ!!【赤髪のとも】","views":109431},{"radio_likes_dislikes":107.65151515151516,"video_id":"3bjgC18gb2s","video_title":"カヌレ･チョコミントアイスクリーム Canele Chocolate mint ice cream","views":141448},{"radio_likes_dislikes":89.19132893496702,"video_id":"IIjPj1zD3GI","video_title":"Philip DeFranco Sets a YouTube Record While Eating Spicy Wings | Hot Ones","views":1236248},{"radio_likes_dislikes":83.57692307692308,"video_id":"a1jcTIghNWA","video_title":"[MV] Perfume「Everyday」-AWA DANCE ver.2.0-","views":720468},{"radio_likes_dislikes":82.2463768115942,"video_id":"jgrs-d5qMh0","video_title":"一人劇場","views":117126},{"radio_likes_dislikes":81.0482546201232,"video_id":"Hgiu9cqph5Y","video_title":"A Japanese Take on American Sushi","views":1098295},{"radio_likes_dislikes":80.421875,"video_id":"r8Uzdiuh44E","video_title":"【最新プリ】最強に盛れる最新プリ機を最速レビュー！","views":172426},{"radio_likes_dislikes":67.87012987012987,"video_id":"RQKD9Z-8xhg","video_title":"高橋愛さんのポーチの中身、見てみよう！","views":115090}]}
{"category_id":"15","videos":[{"radio_likes_dislikes":242.67857142857142,"video_id":"7z9KPTI5ixI","video_title":"そりとねこ。-The sled and Maru.-","views":104391},{"radio_likes_dislikes":139.86746987951807,"video_id":"qN8DRJ8OMcA","video_title":"Homeless German Shepherd cries like a human!  I have never heard anything like this!!!","views":482320},{"radio_likes_dislikes":93.61290322580645,"video_id":"04YcnWKdOb0","video_title":"秋田犬氷食べの邪魔をする雨垂れに歯向かう【akita dog puppy】","views":112678},{"radio_likes_dislikes":80.61111111111111,"video_id":"BAprdOr7pyE","video_title":"パパの帰宅とママの帰宅 Welcome home!!","views":102365},{"radio_likes_dislikes":77.51282051282051,"video_id":"9pii9ZwxxyY","video_title":"秋田犬部屋から脱走して仏間に入るをマスターする【akita dog puppy】","views":125345},{"radio_likes_dislikes":74.02985074626865,"video_id":"DNKgCl7Bn50","video_title":"絶対にツンツンしたい飼い主 vs 絶対にペロペロしたい柴犬","views":105112},{"radio_likes_dislikes":73.16326530612245,"video_id":"wTIKVjYXQ7I","video_title":"猫の耳舐めを禁止されてスネる柴犬 Sulking dog","views":126334},{"radio_likes_dislikes":70.57575757575758,"video_id":"1njRWArGIME","video_title":"パパを起こしてって頼まれたのにパパに寝返る柴犬 Let dad up!","views":136662},{"radio_likes_dislikes":70.12,"video_id":"MnQYdnYWCPQ","video_title":"秋田犬まだ子犬なので戸を開ける能力は無い【akita dog puppy】","views":122972},{"radio_likes_dislikes":65.83928571428571,"video_id":"mwJuuBLasGA","video_title":"ロゼのお手がなんかおかしい。。。。","views":127135}]}
{"category_id":"28","videos":[{"radio_likes_dislikes":213.488,"video_id":"t67iXC8vtNA","video_title":"LG G7 ThinQ: Main TVC with BTS (Long Ver.)","views":155531},{"radio_likes_dislikes":136.99333333333334,"video_id":"vjSohj-Iclc","video_title":"Getting some air, Atlas?","views":346761},{"radio_likes_dislikes":71.65217391304348,"video_id":"YthhT_zMFzo","video_title":"無人攻撃機トーマス","views":138349},{"radio_likes_dislikes":71.1385077186964,"video_id":"aBr2kKAHN6M","video_title":"Live Views of Starman","views":6408303},{"radio_likes_dislikes":38.48712033833141,"video_id":"wbSwFU6tY1c","video_title":"Falcon Heavy Test Flight","views":14816949},{"radio_likes_dislikes":36.201759899434315,"video_id":"aFuA50H9uek","video_title":"Testing Robustness","views":2473054},{"radio_likes_dislikes":33.568164887012664,"video_id":"fUyU3lKzoio","video_title":"Hey Buddy, Can You Give Me a Hand?","views":4785795},{"radio_likes_dislikes":32.69465648854962,"video_id":"EnzRIkWBNeM","video_title":"月ノ美兎が喋る","views":222216},{"radio_likes_dislikes":30.888482632541134,"video_id":"owseTngZFMI","video_title":"炙りアルミホイルの包丁を作りたい！","views":972116},{"radio_likes_dislikes":28.93103448275862,"video_id":"guJnFY1R4I0","video_title":"Gboard 物理手書きバージョン","views":129732}]}
{"category_id":"25","videos":[{"radio_likes_dislikes":169.8165137614679,"video_id":"rEkrS-QfKeU","video_title":"[뮤직뱅크] SHINEE(샤이니) - 데리러가(Good Evening) (컴백무대)","views":234613},{"radio_likes_dislikes":74.47457627118644,"video_id":"lHO9aT6MMT8","video_title":"♯107 報道特注【報道特注再開決定撮って出しSP！】","views":107225},{"radio_likes_dislikes":68.3509485094851,"video_id":"gIDht-wr3zc","video_title":"The PewDiePie CollabDRM Alinity Copyright Abuse Scandal, Laurel vs Yanny, & Net Neutrality","views":857975},{"radio_likes_dislikes":64.87155090390105,"video_id":"v9GODjGXju0","video_title":"Free Speech Under Fire In Controversial Nazi Pug Sentencing, CNN Goes After Youtube, and More...","views":933552},{"radio_likes_dislikes":59.994152046783626,"video_id":"HH2bS7-9Nu4","video_title":"DISGUSTING! Huge Scam Exposed, Spotify Crackdown Stirs 6ix9ine Debate, Jake Paul Challenge, And More","views":1034413},{"radio_likes_dislikes":56.266752577319586,"video_id":"fSqxW9L-ZQM","video_title":"Why People Are Freaking Out About Demi Lovato, Huge SCOTUS Decision, Trump, & More...","views":789242},{"radio_likes_dislikes":48.01442307692308,"video_id":"IDmkfNult4Y","video_title":"घुस खानेको च्यालेन्ज स्विकार्दै हामी पुग्यौ गोरखा, माफि माग्दै फिर्ता गरे,कसले तिर्‍यो रोशनाको बिल ?","views":123991},{"radio_likes_dislikes":43.78304742684158,"video_id":"ZJpKG9V2xds","video_title":"The 1500 Lost Children Controversy Explained, Hero Teacher, BTS, & More...","views":815412},{"radio_likes_dislikes":42.45,"video_id":"TrvBea7vs2Q","video_title":"♯108 報道特注【セクハラ・＃MeToo…無責任野党は夏休み！？】","views":102901},{"radio_likes_dislikes":41.09498207885304,"video_id":"A3rwwoAR3z4","video_title":"Brock Turner's DISGUSTING Punishment Makes History, Star Wars Controversy, & Kim Kardashian","views":950154}]}
{"category_id":"27","videos":[{"radio_likes_dislikes":150.10795974382432,"video_id":"jQNazsWnQKU","video_title":"Tyler, The Creator - OKRA","views":1476311},{"radio_likes_dislikes":123.24065196548418,"video_id":"ulCdoCfw-bY","video_title":"The Black Hole Bomb and Black Hole Civilizations","views":1945720},{"radio_likes_dislikes":6.56514657980456,"video_id":"immvz1OA8wI","video_title":"本物の弁護士が架空請求業者を相手にするとこうなります。【弁護士vs架空請求業者】","views":184092},{"radio_likes_dislikes":3.890322580645161,"video_id":"XWAk3-TAX38","video_title":"フィッシャーズがとうとうウオタミに物申す","views":117137},{"radio_likes_dislikes":1.9281045751633987,"video_id":"bQC0WdHvYDM","video_title":"遠隔でゴッド揃いしまくる証拠映像【スロットを辞めたい】【ハーデス】","views":123858},{"radio_likes_dislikes":1.9170506912442395,"video_id":"-0Gd9DBh3W4","video_title":"ゴリゴリの凱旋で悶絶のプレミア３連コンボ！！！【スロットを辞めたい】【今日のPGG】","views":125675},{"radio_likes_dislikes":1.7380281690140844,"video_id":"AKswW4f8NNU","video_title":"大事故発生！？55000発出た天龍に答えを学べ！！！【スロットを辞めたい】【今日のPGG】","views":124279},{"radio_likes_dislikes":1.723194748358862,"video_id":"6A35oVEu6-A","video_title":"信じられない事が起こります【ミリオンゴッド 神々の凱旋】【スロットを辞めたい】","views":256214},{"radio_likes_dislikes":1.6924342105263157,"video_id":"TQJwPdsN_QY","video_title":"全回転GODを引いたので渾身の力で台パンしました【スロットを辞めたい】【ハーデス】","views":124888},{"radio_likes_dislikes":1.584942084942085,"video_id":"7X9WGS_Hl-A","video_title":"女性専用コーナーにある高設定台がどうしても打ちたくて…【今日のPGG】【スロットを辞めたい】","views":120746}]}
{"category_id":"23","videos":[{"radio_likes_dislikes":134.28313253012047,"video_id":"m6lY1GXTu5M","video_title":"Ariana Grande, Jimmy & The Roots Sing No Tears Left to Cry w/ Nintendo Labo Instruments","views":2015271},{"radio_likes_dislikes":132.80263157894737,"video_id":"VZxoeXOT1i0","video_title":"Conan & Jordan Schlansky Go Truffle Hunting  - CONAN on TBS","views":418004},{"radio_likes_dislikes":126.18925831202046,"video_id":"24M_LvqDpp0","video_title":"【ついに最終回】２泊３日！寝たら即帰宅の旅！Part７","views":1501124},{"radio_likes_dislikes":117.32760103181427,"video_id":"bGHM6DSAgiA","video_title":"Try Not To Laugh Challenge #13","views":1767973},{"radio_likes_dislikes":108.9772423025435,"video_id":"mNcvew4XdQI","video_title":"【カオス再び】第一回！ 工藤新一選手権！！！","views":1446914},{"radio_likes_dislikes":102.1159420289855,"video_id":"N7hlIbJkvUQ","video_title":"Conan Visits Jordan’s Favorite Restaurant  - CONAN on TBS","views":487539},{"radio_likes_dislikes":91.05448717948718,"video_id":"lCPsMawKJLQ","video_title":"한국 술+안주를 처음 먹어본 데드풀의 반응!?","views":756386},{"radio_likes_dislikes":86.88,"video_id":"ZkRLs8bxhvw","video_title":"寝顔も天使すぎる TWICE","views":115384},{"radio_likes_dislikes":79.48518518518519,"video_id":"L3ymBk6Vb04","video_title":"Avengers: Infinity War Cast Sings The Marvel Bunch","views":2597339},{"radio_likes_dislikes":77.82451253481894,"video_id":"7SoPhzYdMFc","video_title":"【疲れを溜めよう】２泊３日！寝たら即帰宅の旅！Part５","views":1198576}]}
{"category_id":"17","videos":[{"radio_likes_dislikes":112.00520833333333,"video_id":"qZHycHI3F1Q","video_title":"Football vs Soccer Trick Shots | Dude Perfect","views":4151801},{"radio_likes_dislikes":80.68818224964404,"video_id":"9m9oO84Q2fk","video_title":"Giant Darts Battle | Dude Perfect","views":3553407},{"radio_likes_dislikes":74.74074074074075,"video_id":"d0am7-lXaus","video_title":"V12 to Okada/Omega IV ! The Rainmaker will face The Best Bout Machine once more!!","views":104161},{"radio_likes_dislikes":69.06315789473685,"video_id":"U7-RlocZYZs","video_title":"【NHK】日本、金メダル！　スピードスケート女子団体パシュート＜ピョンチャン＞","views":574148},{"radio_likes_dislikes":61.50734192388373,"video_id":"v-dfygYIfLs","video_title":"Old School Trick Shots | Dude Perfect","views":3828183},{"radio_likes_dislikes":59.38805970149254,"video_id":"UiohwUEHPMk","video_title":"泥まみれの石の下に…","views":106892},{"radio_likes_dislikes":58.02197802197802,"video_id":"MKTJCew7oGQ","video_title":"Shohei Ohtani belts a three-run HR in his first AB in Anaheim","views":536590},{"radio_likes_dislikes":57.61194029850746,"video_id":"qYjdiNHo7Ts","video_title":"「なおさん」と一緒に「とく家」で川魚を食ってみた‼","views":105093},{"radio_likes_dislikes":56.69047619047619,"video_id":"7Gk5IpHOO5I","video_title":"【NHK】小平奈緒　日本女子初の金!　スピードスケート女子500m＜ピョンチャン＞","views":281958},{"radio_likes_dislikes":55.96296296296296,"video_id":"ilbmaT8Yd24","video_title":"大谷翔平がイチロー(Ichiro)に挨拶に訪れ、イチローは逃げ出す(笑)","views":105614}]}
{"category_id":"2","videos":[{"radio_likes_dislikes":98.77426636568849,"video_id":"gbRijjvIeyk","video_title":"Marvel Studios' Avengers: Infinity War - Red Carpet World Premiere","views":754383},{"radio_likes_dislikes":58.31460674157304,"video_id":"uCOd7P8LagY","video_title":"公道走行可のカートを作る part4 シフト＆マフラー","views":164588},{"radio_likes_dislikes":57.779310344827586,"video_id":"oJzONcm7Pso","video_title":"【BMW】UNFOLLOW ~THE ALL-NEW BMW X2 meets Shingo Katori~ 90sec.","views":151410},{"radio_likes_dislikes":52.0377358490566,"video_id":"BFNs_J1LOw4","video_title":"【LIVE】2018 STI NBR CHALLENGE：RACE","views":376301},{"radio_likes_dislikes":48.61538461538461,"video_id":"ekywAWML2u4","video_title":"公道走行可のカートを作る part5 タンク＆塗装","views":161092},{"radio_likes_dislikes":40.85964912280702,"video_id":"Vx5vPWGjuaQ","video_title":"ダース号救出＆配線、ウインカー、スピードメーター、","views":163001},{"radio_likes_dislikes":40.6551724137931,"video_id":"7f9WQ5tzCHg","video_title":"親父が出稼ぎ行ってる間に電動シャッターにリフォームサプライズ","views":195506},{"radio_likes_dislikes":40.2,"video_id":"_P3CCs8QzEQ","video_title":"JADE「NEW STYLE WGN」篇 30秒","views":124696},{"radio_likes_dislikes":37.9009900990099,"video_id":"WRTJ-1CNrt4","video_title":"公道走行可のカートを作る part3 フレーム延長","views":140080},{"radio_likes_dislikes":36.632075471698116,"video_id":"fA2L-N4YQd8","video_title":"GTウィング化＆GPSスピードメーター★不圧燃料ポンプ化","views":158846}]}
{"category_id":"29","videos":[{"radio_likes_dislikes":30.1858407079646,"video_id":"gIeeArhNAnE","video_title":"一つ一つは小さくても、集まれば大きな力に。","views":183351},{"radio_likes_dislikes":9.764251207729469,"video_id":"niKln6fWWrY","video_title":"The Youth Board Asks #1 – How Does The Report Button Work?","views":640996},{"radio_likes_dislikes":5.997252747252747,"video_id":"DpnhiLM6moc","video_title":"【しばなん】Kiiiの対応がひどすぎる","views":130324}]}
{"category_id":"19","videos":[{"radio_likes_dislikes":24.55128205128205,"video_id":"RHzDr2lZx8Q","video_title":"乃木坂46 生駒里奈 卒業コンサート  秋田夕方ニュース 4.23","views":107610},{"radio_likes_dislikes":24.42115768463074,"video_id":"akZntaU_y7o","video_title":"CÁ SÔNG ĐÀ GÁC BẾP","views":770920},{"radio_likes_dislikes":18.555468135326514,"video_id":"YVckx89QcG8","video_title":"FlipTop - Sinio/Tipsy D vs Shernan/M Zhayt @ DosPorDos Finals 2017","views":1166262},{"radio_likes_dislikes":15.7,"video_id":"F3kH7TbKykk","video_title":"お寿司とメドベージェワ","views":148641},{"radio_likes_dislikes":12.125,"video_id":"N0JdNszEfxc","video_title":"【イッテQ】このくだり好きだわ〜www　世界の果てまでイッテQ!","views":271832},{"radio_likes_dislikes":11.50354609929078,"video_id":"wYCGrURIOLo","video_title":"ホテル東急ステイCM　｜「東急ステイ札幌OPEN 2018」篇　60秒","views":130740},{"radio_likes_dislikes":5.509225092250922,"video_id":"6e91UmHBh3U","video_title":"【激辛】蒙古タンメン中本の 汁なし麻辛麺を汗だく食い！！","views":106980},{"radio_likes_dislikes":5.326996197718631,"video_id":"LUin3dke50A","video_title":"【980円】お好み焼き＆もんじゃ食べ放題チャレンジ！","views":121147},{"radio_likes_dislikes":5.169381107491857,"video_id":"W_WbXxdc3cM","video_title":"爆盛り海老天丼＆明太子食べ放題の凄店を発見！","views":119970},{"radio_likes_dislikes":5.007751937984496,"video_id":"qkmjgwws3i0","video_title":"分厚すぎ旨すぎの とんかつを求める旅【君に、揚げる】","views":128917}]}
