{"category_id":"10","videos":[{"radio_likes_dislikes":1755.6666666666667,"video_id":"XdVhT60Loxg","video_title":"유설(YUSEOL) - 'Ocean View' M/V Teaser","views":331219},{"radio_likes_dislikes":1192.6,"video_id":"fXEhiJ6I6i8","video_title":"조용필 Cho Yong Pil 50 & 50인 _ 방탄소년단 편","views":134125},{"radio_likes_dislikes":1076.9103690685413,"video_id":"PMEkmiQP5bg","video_title":"G.C.F in Osaka","views":2335147},{"radio_likes_dislikes":977.4444444444445,"video_id":"BuOUXLc0sqk","video_title":"NU’EST W - ‘WHO, YOU’ Prologue Clip","views":103616},{"radio_likes_dislikes":880.7777777777778,"video_id":"XodjsT-mjgE","video_title":"VIXX 3rd Album [EAU DE VIXX] Highlight Medley","views":140591},{"radio_likes_dislikes":877.4,"video_id":"hYlTCv5nYsY","video_title":"[TEASER] 마마무(MAMAMOO) - '별이 빛나는 밤' 화사 티저","views":108337},{"radio_likes_dislikes":823.6981132075472,"video_id":"aXs8jFCC5xo","video_title":"[Preview] 몬스타엑스(MONSTA X) - 'THE CONNECT'","views":200742},{"radio_likes_dislikes":809.0,"video_id":"onMbYfBLipo","video_title":"BTOB(비투비) - 'The Feeling' AUDIO TEASER","views":108637},{"radio_likes_dislikes":791.0166666666667,"video_id":"1YEXXIWqkMM","video_title":"[PREVIEW] BTS (방탄소년단) 2018 Season’s greetings coming","views":1002924},{"radio_likes_dislikes":756.7407407407408,"video_id":"R0HfzG3BR20","video_title":"[MV] 양요섭(YANG YOSEOP) - 네가 없는 곳","views":122853}]}
{"category_id":"24","videos":[{"radio_likes_dislikes":1431.8181818181818,"video_id":"PVrgn2oshDI","video_title":"180602 LOVE YOURSELF 팬싸인회 EUPHORIA / 방탄소년단 정국 직캠 BTS JUNGKOOK FOCUS FANCAM","views":134108},{"radio_likes_dislikes":918.6363636363636,"video_id":"qFX3G-W32fA","video_title":"김성규(Kim Sung kyu) “머물러줘(SHINE Live ver.)” Official MV","views":104306},{"radio_likes_dislikes":724.6486486486486,"video_id":"IjXP6QTStbU","video_title":"인피니트(INFINITE) TOP SEED Album Preview","views":168792},{"radio_likes_dislikes":705.6644295302013,"video_id":"sJGolNWtHFI","video_title":"Special Trailer | BTS: Burn The Stage","views":690491},{"radio_likes_dislikes":692.5,"video_id":"lP_B1fhd6L0","video_title":"[EDITED AUDIO] BTS FAKE LOVE HD FANCAM| BILLBOARD MUSIC AWARDS","views":223834},{"radio_likes_dislikes":637.2830188679245,"video_id":"S9TdkoI7-mA","video_title":"인피니트(INFINITE) Tell Me MV Teaser (Short ver.)","views":195269},{"radio_likes_dislikes":592.5,"video_id":"ES52F8vLIbc","video_title":"[스말스] 스타가 말하는 스타 세븐틴편","views":153479},{"radio_likes_dislikes":573.1666666666666,"video_id":"Fy2sbisN7Qo","video_title":"인피니트(INFINITE) Tell Me MV Teaser (Long ver.)","views":189617},{"radio_likes_dislikes":549.975,"video_id":"NDa9VtCcpco","video_title":"BTS, V~티풀 @ LA…뷔, 20180312 [D icon]","views":153906},{"radio_likes_dislikes":534.7058823529412,"video_id":"1trWV3dNXe0","video_title":"171201 MIC DROP REMIX 맠드롭리믹스 / 정국 직캠 JUNGKOOK FOCUS","views":231279}]}
{"category_id":"22","videos":[{"radio_likes_dislikes":1365.1666666666667,"video_id":"_9SguIVvAaE","video_title":"[BT21] Animated Stickers - UNIVERSTAR #2","views":172931},{"radio_likes_dislikes":1243.5925925925926,"video_id":"CTTQG7A_ScU","video_title":"[BT21] Making of BT21 - EP.10","views":291387},{"radio_likes_dislikes":1052.5531914893618,"video_id":"7Brzux-olrY","video_title":"[BT21] Making of BT21 - EP.11","views":396220},{"radio_likes_dislikes":1030.0,"video_id":"oLcuL6A-Yyo","video_title":"[BT21] Making of BT21 - EP.09","views":287854},{"radio_likes_dislikes":834.6964285714286,"video_id":"WdPxPlk06bg","video_title":"[BT21] Making of BT21- EP.13","views":358198},{"radio_likes_dislikes":765.6666666666666,"video_id":"Fyp3loVg2WA","video_title":"171129 NU'EST W X SEVENTEEN - HEAVEN  MAMA FANCAM","views":138589},{"radio_likes_dislikes":671.7464788732394,"video_id":"axaovrFYNzY","video_title":"180613 JIN & V - Even If I Die, It's You (Hwarang OST)","views":793776},{"radio_likes_dislikes":625.25,"video_id":"2JL46Xz8_Fg","video_title":"180203 Nature Republic 네이처리퍼블릭 Fan Festival EXO 720p","views":115668},{"radio_likes_dislikes":620.5,"video_id":"4uYNlvvbTCE","video_title":"[OFFICIAL] 2018 리바이스 X 카이 : Levi's X KAI Campaign Film (FULL ver)","views":295782},{"radio_likes_dislikes":580.156626506024,"video_id":"lEy_XobnhGk","video_title":"★i7-7700k / GTX1080ti★ 330만원짜리 슈퍼컴퓨터 한번 더 가즈아ㅏㅏ!!!","views":133479}]}
{"category_id":"20","videos":[{"radio_likes_dislikes":763.0987654320987,"video_id":"I1u59qyuUBE","video_title":"★90만 구독자 돌파★ 슈퍼컴퓨터세트 로밀리들 다 가져가세요!!","views":170127},{"radio_likes_dislikes":665.1965065502184,"video_id":"3Ev7YHA9_9Y","video_title":"천만원을일시불로긁은사연..(가조쿠들선물이야~^^)","views":773020},{"radio_likes_dislikes":366.5,"video_id":"BnMgk7hGtLg","video_title":"Charming_Jo♬ Camila Cabello - Havana Cover Ft. Charming_Jo","views":103007},{"radio_likes_dislikes":236.42857142857142,"video_id":"dVM5sqZlICY","video_title":"외국인들 앞에서 1인 아카펠라로 라이온킹 ost를 불러보았다. 코미디 나이트 하이라이트 #루프스테이션","views":129698},{"radio_likes_dislikes":221.34626038781164,"video_id":"tzC-LUzdSp4","video_title":"2018첫정모 2천만원썻다. 잠실에서만나자 1인11만뷔페+BK리미티드볼펜","views":950011},{"radio_likes_dislikes":216.05633802816902,"video_id":"U7GgqHAQdX0","video_title":"이분이 가조쿠일줄은 몰랐습니다... 대박!!!","views":1151704},{"radio_likes_dislikes":198.96356275303643,"video_id":"A8t6iyIG1rQ","video_title":"택배까다가 명품샵차리게 생겼습니다","views":704061},{"radio_likes_dislikes":167.36363636363637,"video_id":"oDh3pOpNCTs","video_title":"[러너&꽃빈] 도박 때문에 여신에서 거지로?..(학살,스티치,짜누 깜짝출연)","views":121887},{"radio_likes_dislikes":161.07692307692307,"video_id":"i7HfuGykxsM","video_title":"[티저] 좀비고 4주년 페스티벌","views":132376},{"radio_likes_dislikes":158.94285714285715,"video_id":"evqTmYueF0c","video_title":"대도서관 LIVE] 특집! 정신과 전문의 출연! 우울증을 파괴한다! 1/28(일) 하핫! GAME 라이브 생방송","views":132575}]}
{"category_id":"26","videos":[{"radio_likes_dislikes":521.2857142857143,"video_id":"uTqtO--Zya0","video_title":"[비투비X토니모리] #안전보습주의 더 촉촉 그린티 수분크림","views":109941},{"radio_likes_dislikes":339.59090909090907,"video_id":"C25RnYD1gyU","video_title":"촬영 중 ROCK UR BODY를 들은 빅스의 반응은? 술자리에서 이렇게 달달하기 있나요… / [이슬라이브] 빅스 비하인드","views":101775},{"radio_likes_dislikes":291.77183098591547,"video_id":"sV7eDd1d7LI","video_title":"Cooking birthday presents for my wife!","views":860132},{"radio_likes_dislikes":223.52551020408163,"video_id":"5530I_pYjbo","video_title":"How I Trained My Cats","views":977285},{"radio_likes_dislikes":171.39195979899498,"video_id":"OdNqWcUdm6I","video_title":"Sukiyaki (Homemade Tofu)","views":947631},{"radio_likes_dislikes":169.2876712328767,"video_id":"s-PBegx1OPU","video_title":"[라뮤끄 성형외과] 꿀팁 대방출 ! 짝눈, 비대칭 성형 메이크업 (feat. 첫 손님) | LAMUQE","views":251180},{"radio_likes_dislikes":164.29245283018867,"video_id":"TJYjeQg7e-M","video_title":"[라뮤끄 성형외과] 꿀팁 대방출 ! 작은눈&무쌍 성형 메이크업 (두 번째 손님) | LAMUQE","views":358662},{"radio_likes_dislikes":154.9068825910931,"video_id":"DAu_jF-9AXs","video_title":"Glowy Coral Makeup (With Subs) 촉촉 코랄 메이크업","views":753260},{"radio_likes_dislikes":150.77272727272728,"video_id":"jTBo8Zyo9bk","video_title":"꼭 보셨으면!✨ 메이크업브러쉬 세척방법! l 이사배(RISABAE Makeup)","views":165014},{"radio_likes_dislikes":139.1556886227545,"video_id":"jXb_amlCf5Q","video_title":"💎Birthstone Makeup💎February ‘Amethyst’ 탄생석 메이크업 2월 ‘자수정’","views":312168}]}
{"category_id":"1","videos":[{"radio_likes_dislikes":464.6296296296296,"video_id":"xPreuX7D4PA","video_title":"[ASMR] 수학 공식으로 귀 녹여버리는 '로키' 톰 히들스턴 (수험생 필수)","views":195077},{"radio_likes_dislikes":333.6,"video_id":"HJoO_p4lXk4","video_title":"로키가 자기 이름 불러주는게 제일 좋았다는 발키리","views":127137},{"radio_likes_dislikes":321.27906976744185,"video_id":"qfSulwWRHdQ","video_title":"あんさんぶるスターズ！アルバムシリーズ Knights ダイジェスト動画","views":181680},{"radio_likes_dislikes":284.7391304347826,"video_id":"188Vjha0Ysg","video_title":"あんさんぶるスターズ！ユニットソングCD第3弾 vol.10 Trickstar 試聴動画","views":133768},{"radio_likes_dislikes":268.7352941176471,"video_id":"luAtfRo6nB0","video_title":"あんさんぶるスターズ！アルバムシリーズ 流星隊 ダイジェスト動画","views":118802},{"radio_likes_dislikes":230.96575342465752,"video_id":"4stAzotuKPs","video_title":"TVアニメーション「殺戮の天使」PV第1弾","views":648379},{"radio_likes_dislikes":209.69767441860466,"video_id":"ev1HylWbKzg","video_title":"[中字/JBJ] 180126 JBJ 첫1위 축하합니다 ㅠㅠ 데뷔 101일이에요 ㅠㅠ (請開啟CC字幕)","views":164464},{"radio_likes_dislikes":166.44444444444446,"video_id":"Jo_-amL3pl0","video_title":"써니의 조금 이상한 욕배틀 [총몇명의 반전시네마]","views":124418},{"radio_likes_dislikes":160.9,"video_id":"NNWIF0aa8sU","video_title":"영화 숨바꼭질 : 문 앞에 누군가 있다 [총몇명의 반전시네마]","views":124358},{"radio_likes_dislikes":140.42857142857142,"video_id":"YyCwYv55J9w","video_title":"BTS Learned English by Watching Friends (HD Ellen Clip)","views":134058}]}
{"category_id":"23","videos":[{"radio_likes_dislikes":442.7692307692308,"video_id":"nHt_nB_Pqj8","video_title":"더블V(송은이, 김숙) Feat.김생민 '3도' M/V","views":104605},{"radio_likes_dislikes":418.14285714285717,"video_id":"pEzpNEIeA6s","video_title":"[밥블레스유] 고무줄바지 장착 후 본격 소화 댄스타임🕺","views":139955},{"radio_likes_dislikes":315.57894736842104,"video_id":"BGn9HvxuRFg","video_title":"2018 VIVO TV 두번째 웹예능! 레전드급 라인업 최초 공개!","views":132976},{"radio_likes_dislikes":313.7692307692308,"video_id":"YeAps-Kwez0","video_title":"할머니들의 숨 막히는 마피아 게임!!ㅋㅋ욕설난무 [박막례 할머니]","views":141548},{"radio_likes_dislikes":241.95652173913044,"video_id":"JN62XAh1jOA","video_title":"The MOST DIFFICULT Korean SAT English + Maths Questions!!","views":104070},{"radio_likes_dislikes":237.15384615384616,"video_id":"1Kdpi7P-TVw","video_title":"[송은이 김숙의 비밀보장] 최화정이 말하는 현대인의 뷔페 의상 (ft.엄정화)","views":140281},{"radio_likes_dislikes":225.83333333333334,"video_id":"iCs0Rmkf8CA","video_title":"대도서관 수다방] 누가 이 사람을 모르시나요? feat.42번 자리의 손님","views":102207},{"radio_likes_dislikes":199.3,"video_id":"z2eo_hNtXWQ","video_title":"평창오는 올림픽 선수들과의 역대급 시리즈!!!","views":175708},{"radio_likes_dislikes":182.52173913043478,"video_id":"kpaGvmr28nY","video_title":"한국어 패치 100% vs 한국어 패치 10% 외국인 차이","views":174005},{"radio_likes_dislikes":181.06410256410257,"video_id":"AyWrGmlzpkc","video_title":"(60만 구독자 감사 영상) 한우세트와 문상 쏩니다+기억에 남는 악플읽기ㅋㅋㅋㅋㅋㅋㅋㅋㅋㅋ","views":244527}]}
{"category_id":"25","videos":[{"radio_likes_dislikes":431.8333333333333,"video_id":"GKImwhn3c_E","video_title":"방탄소년단(BTS) 팬들이 함께 노래부르는 모습, 최고의 행복 (풀영상) / SBS","views":176024},{"radio_likes_dislikes":192.2625,"video_id":"sVw4NcJXa60","video_title":"'빌보드 1위' 방탄소년단 독점 인터뷰 2탄","views":272853},{"radio_likes_dislikes":183.27027027027026,"video_id":"hh2hBkmAQEA","video_title":"4.27 새로운 시작, 그날을 준비한 사람들","views":110108},{"radio_likes_dislikes":133.1294964028777,"video_id":"UOvAazh9JsU","video_title":"[뮤직뱅크] BTS(방탄소년단) 지민 직캠 FAKE LOVE","views":149979},{"radio_likes_dislikes":113.10402684563758,"video_id":"A7AMNvWIGq0","video_title":"여자 컬링 선전의 비결은 바로 '영미'... 그런데 영미가 뭥미???/비디오머그 평창","views":2734714},{"radio_likes_dislikes":111.65217391304348,"video_id":"31tfho45iiI","video_title":"CNN 천만 뷰 돌파! 세계인이 폭풍재생한 남북정상회담 명장면5! 지금도 쭉쭉 올라가는중!","views":124615},{"radio_likes_dislikes":108.15,"video_id":"Lu8Zh5TJ1Og","video_title":"페북에서 급속히 퍼지고 있는 평창유감.","views":105527},{"radio_likes_dislikes":92.67567567567568,"video_id":"2Rt3ORPDTbw","video_title":"생명이 먼저죠...고의 사고로 참변 막은 의인 / YTN","views":491461},{"radio_likes_dislikes":88.45833333333333,"video_id":"vXGGZFHeT-c","video_title":"벽 타고 5층 올라가 아이 구한 '불법체류자', 끝내.../비디오머그","views":113449},{"radio_likes_dislikes":87.72043010752688,"video_id":"FIcw_2wlF4E","video_title":"'울다가 웃다가..' 영화같은 감동 안겨준 '팀 킴'/비디오머그 평창","views":532175}]}
{"category_id":"15","videos":[{"radio_likes_dislikes":301.65384615384613,"video_id":"XMY5RWU2JWk","video_title":"고양이와 메리크리스마스입니다.","views":125499},{"radio_likes_dislikes":293.5882352941176,"video_id":"PGpI6v582qg","video_title":"고양이 데꼬오면 몽땅 묶어 놓겠다던 울 아빠...","views":105939},{"radio_likes_dislikes":292.962962962963,"video_id":"NbdBcliDFmk","video_title":"길냥이의 육아 관찰하기","views":135950},{"radio_likes_dislikes":290.2105263157895,"video_id":"yrdu1s58eXA","video_title":"갑자기 날씬해져서 돌아온 길냥이","views":115805},{"radio_likes_dislikes":266.6842105263158,"video_id":"XzuMEG6VBSs","video_title":"길냥이의 혓바닥공ㄱ ㅕㄱ!","views":116164},{"radio_likes_dislikes":251.4,"video_id":"CbGpbuOhtVE","video_title":"완전히 경계를 푼 새끼냥이의  첫 부비부비","views":114461},{"radio_likes_dislikes":251.30434782608697,"video_id":"lKYbNpTpkAI","video_title":"눈뜨기 시작한 새끼냥이들","views":103826},{"radio_likes_dislikes":245.72727272727272,"video_id":"_0E4JDBAi_Y","video_title":"일 못하게 자꾸 달라붙는 삼색냥이","views":111220},{"radio_likes_dislikes":242.95833333333334,"video_id":"gSjlYqG6XbY","video_title":"3개월동안 모습을 보이지 않던 어미냥이를 발견했습니다","views":100676},{"radio_likes_dislikes":241.70833333333334,"video_id":"khTTidccKXI","video_title":"길냥이 가족 입주하다","views":104659}]}
{"category_id":"28","videos":[{"radio_likes_dislikes":231.72,"video_id":"t67iXC8vtNA","video_title":"LG G7 ThinQ: Main TVC with BTS (Long Ver.)","views":387163},{"radio_likes_dislikes":197.51937984496124,"video_id":"4qFmu8Oj2As","video_title":"LG G7 ThinQ: Main TVC with BTS (Intro. 30s)","views":166767},{"radio_likes_dislikes":71.13679245283019,"video_id":"aBr2kKAHN6M","video_title":"Live Views of Starman","views":6408303},{"radio_likes_dislikes":50.39368491770239,"video_id":"fRj34o4hN4I","video_title":"What's new, Atlas?","views":6451949},{"radio_likes_dislikes":47.00689655172414,"video_id":"vjSohj-Iclc","video_title":"Getting some air, Atlas?","views":2809121},{"radio_likes_dislikes":41.266666666666666,"video_id":"of4AOzrI7Xc","video_title":"[SK텔레콤] This is 5G_연아와 성빈이의 5G 이야기","views":2406394},{"radio_likes_dislikes":38.486992182493914,"video_id":"wbSwFU6tY1c","video_title":"Falcon Heavy Test Flight","views":14816949},{"radio_likes_dislikes":37.11206896551724,"video_id":"Uiw8-HGIogk","video_title":"왜 버섯 모양일까? (놀라운 인체의 신비!!)","views":154150},{"radio_likes_dislikes":36.201759899434315,"video_id":"aFuA50H9uek","video_title":"Testing Robustness","views":2473054},{"radio_likes_dislikes":33.568164887012664,"video_id":"fUyU3lKzoio","video_title":"Hey Buddy, Can You Give Me a Hand?","views":4785795}]}
{"category_id":"27","videos":[{"radio_likes_dislikes":175.23809523809524,"video_id":"6eYTqqc11IU","video_title":"일상/브이로그(feat.비오는 날 )","views":368519},{"radio_likes_dislikes":146.27272727272728,"video_id":"FpZ8Y14QR3A","video_title":"고향에 있는 미국집을 소개합니다!!","views":122406},{"radio_likes_dislikes":127.0,"video_id":"SskzBYfJm-U","video_title":"'I'm living in Seoul' 이렇게 말하면 틀린 이유?!","views":107926},{"radio_likes_dislikes":116.65853658536585,"video_id":"qsFi13b0mKE","video_title":"Daft Punk-Something About Us cover by 4th grade students","views":132452},{"radio_likes_dislikes":103.71428571428571,"video_id":"tYwSp99iVes","video_title":"미국인이 외국어를 무시하는 진짜 이유?!","views":147252},{"radio_likes_dislikes":97.54,"video_id":"93j15b97VTE","video_title":"미국은 선진국인데 왜 노숙자가 많아요?","views":115912},{"radio_likes_dislikes":96.8452380952381,"video_id":"PPtQu9wmcVU","video_title":"미국 명문대가 동양인을 차별하는 진짜 이유","views":164247},{"radio_likes_dislikes":82.56818181818181,"video_id":"rrVXZ3982y0","video_title":"노숙자에게 아침 사주고, 믿기 힘든 내용의 '쪽지' 받은 여성","views":142443},{"radio_likes_dislikes":80.15094339622641,"video_id":"Rfc0EG63fRE","video_title":"모두가 거부한 아이 입양한 엄마. 20년 뒤, 믿기 힘든 사실이 드러나는데","views":216057},{"radio_likes_dislikes":77.7719298245614,"video_id":"iulOH2CRJd4","video_title":"매일 전시용 게임하러 매장에 오는 아이. 직원들은 조치를 취하는데","views":234538}]}
{"category_id":"2","videos":[{"radio_likes_dislikes":118.74358974358974,"video_id":"6ff2Uqy7Rt8","video_title":"Wanna One (워너원) - 약속해요 (I.P.U.) [HAN|ROM|ENG Color Coded Lyrics]","views":184360},{"radio_likes_dislikes":90.75,"video_id":"dNdFWYmZCy0","video_title":"Bentley gives grandma the cutest smile - TROS Ep 218 (eng sub)","views":167735},{"radio_likes_dislikes":41.391304347826086,"video_id":"cyMEfK0aqn4","video_title":"[모트라인] 2002 아우디 RS6 리스토어 6편 (고성능 똥차 고쳐서 후리기)","views":118918},{"radio_likes_dislikes":24.396551724137932,"video_id":"Bf36kPFsoz0","video_title":"[모트라인] 드디어 한다! 기아 모닝 터보 하체 살펴보기","views":128904},{"radio_likes_dislikes":18.195652173913043,"video_id":"fLgAUfZoDfI","video_title":"[모트라인] 페라리488 스파이더  후리기 (2부)","views":104439},{"radio_likes_dislikes":17.065359477124183,"video_id":"0YVbVXOjJv4","video_title":"2018 Kia Stinger  |  Steven Tyler Big Game Ad – Feel something again","views":629256},{"radio_likes_dislikes":16.147058823529413,"video_id":"C9uYpVR9KVA","video_title":"[모트라인] 기아 모닝터보 후리기 2부","views":104986},{"radio_likes_dislikes":15.205479452054794,"video_id":"NyeoSYQA7sQ","video_title":"[모트라인] 현대 i30 하체 살펴보기","views":104896},{"radio_likes_dislikes":14.153846153846153,"video_id":"TFnxTp1AgQs","video_title":"[모트라인]  쉐보레 콜벳z06 후리기 (1부)","views":141489},{"radio_likes_dislikes":14.142857142857142,"video_id":"fSaJaa7DsrE","video_title":"[모트라인] 벤츠 2018 직렬6기통 S350D & S450L 비교 후리기 (2부)","views":124493}]}
{"category_id":"17","videos":[{"radio_likes_dislikes":112.66666666666667,"video_id":"mA24g_Bhts0","video_title":"한국에 온 램파드와 VS놀이를 해보았닼ㅋㅋㅋㅋ 램제스 질문에 동공지진..? l 슛포러브 Shoot for Love","views":206921},{"radio_likes_dislikes":104.68181818181819,"video_id":"LipYMWEMJUY","video_title":"이천수와 백승호 중 누가 더 프리킥을 잘 찰까? 이 와중에 궤적보소 ㄷㄷㄷ l 이천수의 근본투어 l 슛포러브 Shoot for Love","views":195216},{"radio_likes_dislikes":97.87878787878788,"video_id":"xy_Lhp9uUtI","video_title":"러시아에서 축구 했어요 [ 러시아 선수와 축구 배틀 ]","views":169063},{"radio_likes_dislikes":89.47222222222223,"video_id":"gQVlZpRpkoE","video_title":"프링글스 통에 탁구공 넣기 장인들의 수준 ㄷㄷㄷ (feat. 이천수) l 프링골스 챌린지 l 슛포러브 Shoot for Love","views":179070},{"radio_likes_dislikes":87.71111111111111,"video_id":"7KvTT6yG1Wc","video_title":"박지성이 슛포러브를 피하는 이유ㅋㅋㅋㅋㅋㅋㅋㅋㅋㅋ","views":356438},{"radio_likes_dislikes":87.35714285714286,"video_id":"KSMV4EnE444","video_title":"이천수의 역플립플랩 기술과 백승호의 슛크로스 페인팅을 배워보자 l 이천수의 근본투어 l 슛포러브 Shoot for love","views":167798},{"radio_likes_dislikes":84.44175279931093,"video_id":"VRJmcxCrAOA","video_title":"Real Life Trick Shots 2 | Dude Perfect","views":17228602},{"radio_likes_dislikes":82.864,"video_id":"goDmW9K4Vxw","video_title":"리버풀 엠버서더로 위촉된 감스트 리중딱 부르다가 아시아 디렉터 딥빡침... l 슛포러브 Shoot for Love","views":272907},{"radio_likes_dislikes":80.30867709815078,"video_id":"qZHycHI3F1Q","video_title":"Football vs Soccer Trick Shots | Dude Perfect","views":10929365},{"radio_likes_dislikes":77.3076923076923,"video_id":"WUibeDKgqOY","video_title":"스페인 길거리에서 인지도테스트 하는 이천수ㅋㅋㅋ 과연 알아볼까??? l 이천수의 근본투어 l 슛포러브 Shoot for Love","views":250443}]}
{"category_id":"19","videos":[{"radio_likes_dislikes":89.36666666666666,"video_id":"dD-PkWv8WIU","video_title":"청자 어머니가 레바방송을?! 아들.. 정신차리고 만화로 일어나거라!","views":167253},{"radio_likes_dislikes":76.21052631578948,"video_id":"Y1cIbzRvuKU","video_title":"2017 레바연말파티 현장대공개! 이 멀쩡한 사람들이 레바 시청자라고?","views":264116},{"radio_likes_dislikes":30.7,"video_id":"7uX7luFBJqc","video_title":"[직캠]'시즌 11호골' 손흥민 에버턴전 경기 후 직캠 '루니와 훈훈'","views":149270},{"radio_likes_dislikes":24.083240843507213,"video_id":"px530gRjQcw","video_title":"FlipTop - Sinio/Tipsy D vs J-King/Romano @ DosPorDos 2017 Semifinals","views":1231855},{"radio_likes_dislikes":23.28708133971292,"video_id":"84M0_mIi4xw","video_title":"BTS(방탄소년단) 빌보드200 1위 후 외국인들에게 BTS에 대해 물어보니 :  Do Foreigners Know the BTS After Billboard 200 No.1","views":257089},{"radio_likes_dislikes":21.28,"video_id":"PgDagfn4cu0","video_title":"포항지진 발생당시 KNN 스튜디오","views":195893},{"radio_likes_dislikes":20.45,"video_id":"3NgzuR6mCT0","video_title":"눈물 흘리는 관상전문가 ㅋㅋ","views":260467},{"radio_likes_dislikes":20.258064516129032,"video_id":"0EhK__O2oyE","video_title":"[직캠]'1골-2도움' 손흥민, 사우스햄턴전 경기 전후 직캠","views":174229},{"radio_likes_dislikes":18.515151515151516,"video_id":"SdktPqCgalA","video_title":"[직캠]'2골' 손흥민 허더스필드전 경기 전후 직캠","views":165861},{"radio_likes_dislikes":17.11111111111111,"video_id":"R-U-aAXeDtM","video_title":"[직캠]시즌 10호골 손흥민 골 장면 그리고 경기 전후 직캠들","views":166812}]}
{"category_id":"43","videos":[{"radio_likes_dislikes":68.08333333333333,"video_id":"PrUJOtosARA","video_title":"[하트시그널2 선공개] 김현우, 다정한 김도균-오영주 모습에 질투폭발ᕙ(•̀‸•́‶)ᕗ / 채널A 하트시그널2 10회","views":310039},{"radio_likes_dislikes":45.357142857142854,"video_id":"Bg04M6KCEb0","video_title":"[하트시그널 예고] 틈, 벌어진 사이 또는 새로운 기회 / 채널A 하트시그널 시즌2 7회","views":192781},{"radio_likes_dislikes":43.425,"video_id":"7E2eJS5M70c","video_title":"[하트시그널 선공개] 순댓국♡ 영주와 현우의 연결고리! 호우 ᕕ( ᐛ )ᕗ / 채널A 하트시그널 시즌2 7회","views":209571},{"radio_likes_dislikes":36.857142857142854,"video_id":"5X6GODAuLiQ","video_title":"[하트시그널 예고] 시그널하우스 마지막 입주자 등장! 그녀의 정체는? / 채널A 하트시그널 시즌2 6회","views":141559},{"radio_likes_dislikes":32.345454545454544,"video_id":"Y3yCRmg-HsQ","video_title":"[하트시그널 선공개] 진짜 운명은 이런것? 김현우-오영주의 묘한 공감대 / 채널A 하트시그널 시즌2 5회","views":291657},{"radio_likes_dislikes":30.28205128205128,"video_id":"GSDtpKUvV2s","video_title":"[하트시그널2 예고] 마지막 데이트, 소중한 시간을 함께 할 커플은? / 채널A 하트시그널2 11회","views":255019},{"radio_likes_dislikes":26.846153846153847,"video_id":"4uzRjPjwZt8","video_title":"[하트시그널 선공개] 김현우의 가게에 찾아간 여자 입주자들?! 의외로 섬세한 이 남자♥ / 채널A 하트시그널 시즌2 3회","views":113105},{"radio_likes_dislikes":15.075757575757576,"video_id":"k5WsrtoEqUc","video_title":"“美, 북한과 땅굴전 준비 중”","views":100950},{"radio_likes_dislikes":13.88695652173913,"video_id":"TG8deFPJRPQ","video_title":"“전쟁 막아달라” 다급한 北","views":201428},{"radio_likes_dislikes":12.107142857142858,"video_id":"hVsuHXmvInY","video_title":"‘황병서 측근 탈북’ 진짜 이유","views":117559}]}
{"category_id":"29","videos":[{"radio_likes_dislikes":27.260416666666668,"video_id":"BW2bhWv2sEU","video_title":"인공기 화형식 北발끈! 사죄나 시위자 처벌 없으면 올림픽 불참!","views":104317},{"radio_likes_dislikes":24.357142857142858,"video_id":"Ake3X3rr0kE","video_title":"(이애란 TV) 김정은 사망? 북한판 남측인사 성상납 비디오 공개 임박","views":109474},{"radio_likes_dislikes":22.719424460431654,"video_id":"4eqRXmjXLEM","video_title":"홍준표 유세 중단 대신 황교안 유세 지원 의미?!","views":110773},{"radio_likes_dislikes":22.46153846153846,"video_id":"zykFS55-SQY","video_title":"기업들의 한국 大탈출과 일자리 大재앙!","views":133954},{"radio_likes_dislikes":13.465346534653465,"video_id":"aakjPrxX7hw","video_title":"열심히 살았으나 결과는 참담합니다","views":103830},{"radio_likes_dislikes":11.455555555555556,"video_id":"kMkhZNcQv8c","video_title":"다보스포럼 '평창의 밤'에서 완죤 패씽당한 대한민국 국격!","views":135724},{"radio_likes_dislikes":10.023102310231023,"video_id":"lDYtMEG9iEI","video_title":"댓글 여론 조작단, 문재인 대선과 지지율 개입, 탄핵사유!","views":102478},{"radio_likes_dislikes":9.540650406504065,"video_id":"TJLTeCHhIkg","video_title":"3월10일 태극기집회(KBS, SBS, YTN, 연합뉴스TV, 채널A, MBC) 보도 영상","views":112984},{"radio_likes_dislikes":9.08831908831909,"video_id":"XMSYKkTmx40","video_title":"이재용 석방으로 '박근혜 탄핵사유'가 사라지다!","views":151657},{"radio_likes_dislikes":7.310679611650485,"video_id":"x6SPD-tHj2w","video_title":"4월20일 광주 쌍촌동 무단횡단 사고ㄷㄷㄷㄷ","views":493579}]}
