{"category_id":"10","end_day":"17.19.11","number_of_videos":27,"start_day":"17.13.11","total_views":48390087,"video_id":["n1WpP7iowLc","2Vv-BfVoq4g","H1KBHFXm2Bg","j67FgNEvyh8","c64I9HNpiOY","Nc0ZCtZdgAk","9t9u_yPEidY","MbyP-w4uOgk","66Y44OxufVM","AT_XoYrpcDU","_EuW3ClJ19A","hBbtI0BH9wU","_HE4dvug1YU","jO5U167y9xU","dq6G2YWoRqA","6PUf1Rj4kpc","KLQQAYneljQ","PDlw1Tn-PVk","pOEzjT-SED0","PMvQ81VbwMA","2r_nGjgqPE0","TyHvyGVs42U","i9GSF3ROa58","w8vsuOXZBXc","6uJf2IT2Zh8","MmvpbLdaIRs","BQ_0QLL2gqI"]}
{"category_id":"10","end_day":"17.26.11","number_of_videos":39,"start_day":"17.20.11","total_views":107679971,"video_id":["TyHvyGVs42U","PDlw1Tn-PVk","GxkLy_mvGXE","cH4E_t3m3xM","cmc8q2dcIMs","i9GSF3ROa58","BQ_0QLL2gqI","nUv22OHdjQU","UJngK9Pfj_4","gv_d2UoJp54","hzaozYJLnrI","w2Es7-c9GAk","_7rvYV_YmaQ","hPHffFAogVM","joJ-3cAjjbQ","wlS6Ix7mA0w","EBt_88nxG4c","byLufx7Izfg","M6LTqtYKDtI","KFaMZUarksA","pOzMKakMpTU","UceaB4D0jpo","fqtm0Zolt78","V3EYjVPRClU","cB9_r4HSIK8","mYSxQT5c2wk","ON5YYRxcgVM","-ZNmbKxeV7E","RP3UsFrDJfY","LgmxMuW6Fsc","W_O0sn-ockI","IumYMCllMsM","kTlv5_Bs8aw","RSRzIrOqaN4","6ug9zvC9pJM","g7_uKDsv7HM","xmU0s2QtaEY","gJPt8ruo2BQ","kfvH72JpGDY"]}
{"category_id":"24","end_day":"17.03.12","number_of_videos":112,"start_day":"17.27.11","total_views":78484781,"video_id":["yef_HfQoBd8","SH9fZcyl3ng","Ys9ziXRfEMw","8cj5pmZzF3M","0GPJbUyG7b8","NcFVLOl53i4","cHB_s970Uyw","Lo5hCHzcS9g","iF-cyzh66GU","V2z_HbaWP7M","E4vorHrMsuI","0c0878tn4aw","Wk_Ak2IPGF4","4sbm8bB583w","xad8Ll28wZ4","bs_RS8tHXyQ","4FJM_NSNAHw","AiDlCVnQRN4","_TixdNYZuFI","hqEZMa54_x0","N9-SUdwoQic","fNPxQEMjbHs","qd_kfvaakgw","515lLZS082U","24bwfGs9HGE","wa9ZyarpM2U","PoabRJfEs-g","C1Qhrip9UHY","c1apM4hQ40U","IOuFE-6Awos","sFb4-OF7zfk","4f9HPgu8x7s","bZjlz_GqvPQ","cpmMTpAteG8","38mdiZpexGo","lIkknpTxU1U","N5TojV-qu9I","viVmESE3GBg","wjoeVwJTUTA","fvxN29Jzb9g","RtjSIWxgqDo","ij6-Y01JnWM","85GSILNh6U4","UaR3Y1dqVZk","fWJrqDkZMWU","3XklsSF53pc","g-VRIh6dBVI","NhPOM5W-SBw","pDi7cezk9CA","VMsrHhGiCKs","NqntFonA2iY","a8XSR52clAI","BOQ-wZQhZZo","rLMx0X3SeMI","QmAyVRB46P8","8Ab20zksSk8","6ZfuNTqbHE8","ZrM_I0LwZAI","CV0J3Bq3BIc","aBefE9RAIz8","535YZSfWx20","p1f6xbi5CEQ","KXHrCBkIxQQ","iP66hpQySmg","Mh5AysE03-I","QGoW0QQdLZ0","nPeYAsLYALA","Nb1IUSw16ok","lob8UarRQss","TyIsOSjKBbQ","yZJXUeh-fv0","mY2d4XWe0Ag","U-jYItX_Yvg","N8dLlRBaDtE","kehML-RAkd4","DAlj6xXR5nw","0EQuVfP-vXs","rdJdJpwmcKU","06BLwc1XSis","yKkheNpuOKU","FzMZnDWWQZk","nI8Cti0_T00","ZfHiw_LFNGw","veVBbxZyzKU","8z_cg5CypRc","xXWxHLj73YY","-z0WMKGJTVM","SFr0fCgrTNQ","0leOMelIV3M","F0YZxsrwRo8","NrSD3bFhCt4","5lGiLmcyCDk","pjagqAGyoS0","foTjlGz-u50","0qpE8IHz3go","hBvcngHRTFg","8kFnLQySIzU","nZCmUBJrxFs","irVe0wQkMXg","BoGOBJBNyUI","NV1WmHaVhdI","CB9ZqoPdPho","1Mh71Uz8Cmk","NrDbRPWdx8M","HmhKdhF2bMI","OZqsFkJpvj0","3U4nlSualNc","gJM6BlOXaPY","CHp639vhUJg","2HboMs0vbsE","e5N_Tq1EtRQ","eJXcEbEUNpQ"]}
{"category_id":"24","end_day":"17.10.12","number_of_videos":125,"start_day":"17.04.12","total_views":139627397,"video_id":["6ZfuNTqbHE8","pjagqAGyoS0","HFCfYCewHuA","hBvcngHRTFg","U-v6HDIdC94","vI5wrh9T4Y4","vhSB6Nry6MM","UEGo_DJHkeI","_xGKlNzipdU","y97FK4GrsZg","WZGpcuXCKzs","Pi1WvelLak8","Tkz_3RgvfLc","ucg-sjC59tQ","oFBuCp19L7M","DQQN_79QrDY","KYqXrCigcAU","1Mh71Uz8Cmk","nZCmUBJrxFs","TsVpk00atGc","YylVAe1SYXw","e77J4g0LMOk","OZqsFkJpvj0","8euPVkj4NRo","-IgvPPniOrU","hbEQ568X8U0","O4OFkLx7AeI","o_Oai0ikUzk","fPCbxdAuMGc","266EI7hdjFs","Yj8D7HU6tNA","v1Nn8ZejIHw","dsNNfiA6qjs","X6iJ0hPpGec","-IuqwJiuuj0","INotkJxL_Bs","bCi6TzRoAHc","a8RdCdMItyI","czhSzmxN3WU","7icFIMa3Qk8","O-H_Ybmtu_U","ZLKgwbKRr1c","mGkwgpEQNZA","Sw_K24hbRjU","uUxNjBoHxBw","kQvRWXuMd5M","yWwPxWcsVHM","DEM8ngzmQzo","qgTtyfgzGc0","yB4ogLIYBsE","ArfmBDEwRT8","YbFCADgXXK8","uPimPuPEWzk","yVKw88lmoDA","v9ObsREADw4","TekLn0qk4ig","LmxyIswRN8E","efWFb8arD_4","kTl-s4qRMqU","p1sxc3V0lzQ","iAxYEkEkCqo","nACoGA3CX9o","qxo9OzKb-iw","gL_7eIrLaGQ","Xm8P0mOC8Do","jSYgh4z1-dg","KH618UYl7hg","xsfT-qiJkv0","Q8WIJGT9Qgg","-4469zeATws","5wKYV-9Tq1o","p7CsTuHv5As","6gnCcJ-vqt4","mzqYuyaAh5Y","T5jQuJfZaJU","Kf1owfS-GM8","FlsCjmMhFmw","fHWaKx5MnNc","pHcJ0L7tEyw","B74dKMxfaCE","Gb0xyCUf7SE","Hk5bgB77VHM","mkpINSUnDpA","VLcDEY_JMtA","GMftwHfXnp4","1u8QO_r9mhw","ZQc34LzQeZ8","Gp40Uztk3bg","XT8bnSK29Ek","7N3ERfi6WHM","wflQGe3Bzi0","1sl5KJ69qiA","E8UtZdpXe-0","QNXHLGC1FuA","5ELQ6u_5YYM","dpKT3cAyG_g","7kQaNePHkiI","oEqvJIKXAvk","sI7sTwCFWP4","boUhnE06eIs","Wj-hVo3aqWY","HXpNGJ2yze8","5EPJqX1vmFk","1xny74rHmyY","YfT9sjc4bf4","YQJ3OzoyTnE","qLVZiKDNxtw","vn9mMeWcgoM","PiI150VpvV8","sQrtgYiW71o","JBDWIGpKnwM","vW7H-DKivX8","Y5M1i3UzkjI","hR6agVkRRUo","SMrWMRQIevw","qXBlB2ZD1rw","72gsrslfoF4","5Xe6E8HGj24","u9iZKqdXHug","3pRp-ZM59H4","_GuyKCLrJqk","Hj-CC-kPMeE","kbx-qZnTr-0","Odum0r9gxA8","v5yJnvJb17A"]}
{"category_id":"24","end_day":"17.17.12","number_of_videos":103,"start_day":"17.11.12","total_views":112663832,"video_id":["qhQqaLZnGoc","vn9mMeWcgoM","cSp1dM2Vj48","FlsCjmMhFmw","fuHcdFPBKy0","JBDWIGpKnwM","tzq7TskZ8Wc","TeY3ijusHns","QWce9T6lINs","QK_iX5cPDhE","00M6gHlkeko","Y5M1i3UzkjI","7N3ERfi6WHM","H9KDcSp6yyE","ex_sBZXU6iU","F5XhtmhvCnk","8JBfRSeYofM","ZdQfxWRhnVY","ZWAkzvL5Ho4","jxRBzs9C3eU","dnEBuvfcFJE","mBfaXBqq_k8","QPn3lUhzaqM","Wc3l4LZv07E","G9kjzTsMlzo","5Bi0-JlykDU","3UoKswz6OQc","si2kkFdg-oc","-H90GPnH1q8","CXVvjoPTn1A","khPLWaBioOs","r4VJ8o6yqzM","UH0nTHb6OdY","ii3n7hYQOl4","0wx849AmSm8","jRMbP5k22Ik","SvXvZFMQHF4","pT_8SCKec0s","bJB7-eL9xNc","E1p8EJSnwMA","gtORxS9YRik","ebvgXrNPruw","KhIYESxhEDU","lUXWRSF9aiw","rx1tc-0tIvU","knewBlhMJKM","eL9RB_jG6SY","8oKl_qDJHt4","UCZVSr2Xt2k","j0VZtMVAxg4","fOhB5JyEkOQ","eXx7vn4iNLI","RlNHFwRRO-Q","9V0hw6QjzSw","QXcbVHFE2bo","qd9NIPDd-DI","iKjEoPA0LlY","VcB4hgT4jIc","6KMl4oliDLc","DevvFHFCXE8","3QeGFX5gl5I","7tKmcZob5BM","XkVwqEdYlNA","NsUQU3r2nsM","acllEsTUYAU","CBn2M-3Safw","aXUTes4Bx5g","qS-r7EsAzNg","8NJ7aI1ioXM","UDdUDrSQbdY","jehMXPadHS0","mbzXQK3Q860","qTBYE8BFVxo","h_67XloYXTc","EtfIzNdt9Ac","hu_4yAZVNsU","D7sj7L1uLiw","MDOtD8gBaAo","isJgzkuvcjU","0oQYo2VuXgU","nUq9X0NKoKo","Y3bZ1iom5Dg","oubzC5SLZiE","Jnei1md-Ia0","w-bWd6Y0_5E","-K9ujx8vO_A","nxM2wUaqDl8","5HuUnJHf6yk","eWIIwTzB0_0","K674LKBUukk","o4duS8xz3h0","TZSVf-yD7N8","3ta8sjjnzk0","9mwM1VB9qs0","3Fus-_sshmQ","Nay4E0qsGy8","g0_EfWp1ocY","nTAXKTAAdW0","yPCFroqRFQ8","00zDrnvB1Os","rKFoy7dFym4","0Iyjm5crBfM","XzDqydDwmD8"]}
{"category_id":"10","end_day":"17.24.12","number_of_videos":43,"start_day":"17.18.12","total_views":115621860,"video_id":["eiDiKwbGfIY","BJpLh9TyaEc","3BXDsVD6O10","oKI4KdrPMn8","Jtzn9OQ20Vk","xZsONNB3gXU","JNk3LW4cKa0","CixoPJ-BUGw","zqhjpQxfq4Q","dZ0fwJojhrs","m5JWmB_Q-Yk","XDMGmtpvBjs","asYQiRvE1Xk","3TtxYU7oKOI","p_IwENcMPOA","ZFy7RdZWwj8","Ku-WC1EaPXI","ORIpWftFyqo","l_lblj8Cq0o","6CigQPn9jPc","hSOgNCJmQvU","X8sSXU-J8fI","5CG-AXOAYko","LsT3zZTLEdU","0yFXfAGl17M","WS7f5xpGYn8","RHUxyXZBXY8","M2q64UowX9g","l1hwH4TYvn8","NYSMEzMeMaQ","_t0LX_Of33U","hLAIJMTAGFQ","ItL6vcUrpUs","ox7RsX1Ee34","5yqNHaolYHM","sesUrzFWlQ0","hXmBbhGbeo8","cMD63TwzB1o","dmY9PY_IoYY","3ATQvgkXT9E","BIQK4-9YFW0","BevW2gFVYJ4","jTW5_KvkGoE"]}
{"category_id":"10","end_day":"17.31.12","number_of_videos":36,"start_day":"17.25.12","total_views":65447873,"video_id":["RQaVzbxZqXY","ryr75N0nki0","tRBsfAIg4-0","ox7RsX1Ee34","_t0LX_Of33U","l_lblj8Cq0o","cMD63TwzB1o","P8ZWk3S14ec","hXmBbhGbeo8","lhDiV9rd2Sg","dHOTgIEmixc","3ATQvgkXT9E","W9zPJCM_yg4","dmY9PY_IoYY","4KQwNOexZIM","R3jSBAQ-QoA","VPbAPjIebw4","xPxazpF-qpY","oCnv5wWKDMs","cBLDTfY3RCY","u_SA2QkZd24","Kr0nQmUYwB4","xWi8nDUjHGA","nlf1VClZL-I","Os9ce4XFS1M","EY-wa1vtD2Q","Nph19CWqk6I","61SWGdZ2p2M","mKpPhVVF8So","zbyu6MOzpLE","UumBg2myFrk","PjqKPHZJgF0","88EB0TEGQDA","XaB0Vfoq7Lw","P8mnZpDP38Q","e-0YnJlFPeE"]}
{"category_id":"10","end_day":"18.07.01","number_of_videos":31,"start_day":"18.01.01","total_views":58952890,"video_id":["PjqKPHZJgF0","88EB0TEGQDA","e-0YnJlFPeE","n6eXtBbhpYg","UumBg2myFrk","EdetWtZDTsE","0vV36TV0oms","61SWGdZ2p2M","R4N_cEksNv0","ZSyTlVr_1n8","aBL027wEtg8","tynT8gBA6bc","5CyU5YGx01I","u05S9cq2bLY","bVU-MmJZFFA","smtD5mrdcbs","CF24Aj0KbEs","jkkIsJuxoos","LsoLEjrDogU","JctVyGslOtw","_088kAE_w4A","GfCqMv--ncA","rMQ_TUEwQEs","H4KKMqRDYsI","G4MtkhJehhk","Q2EFMOEOdiM","mBrdEYW0Vno","gA-NDZb29I4","z2kEKZ6jyQQ","tBibHSnMJGo","x5YbQjvueZw"]}
{"category_id":"10","end_day":"18.14.01","number_of_videos":26,"start_day":"18.08.01","total_views":45436883,"video_id":["LsoLEjrDogU","gA-NDZb29I4","vcw-juQsSNo","rMQ_TUEwQEs","z2kEKZ6jyQQ","x5YbQjvueZw","GfCqMv--ncA","Q2EFMOEOdiM","UUL5wl0Kf_k","nCj-RiS8LXU","k5TqNsr6YuQ","ggJMQHltiQc","biNFtfIVRZ8","aKeilu6gBOc","WyWqEFeKX2E","6VUt9T0VAdY","2-BnFLtRd1U","8BQqX3bUqtY","DMv7aCwKkrI","k3zmNrf0Eog","dfnCAmr569k","Mgfe5tIwOj0","gu9_m0vm7fM","Htu3va7yDMg","b7K_lbglfI4","Q-oM2BQ8Jow"]}
{"category_id":"10","end_day":"18.21.01","number_of_videos":43,"start_day":"18.15.01","total_views":110690694,"video_id":["dfnCAmr569k","Mgfe5tIwOj0","02fRdleMSaA","p4lh1h5hdFI","89lQ5k5F_hM","gu9_m0vm7fM","Htu3va7yDMg","k5TqNsr6YuQ","b7K_lbglfI4","5ZhbvotyVWs","7sDgJi9z4Us","KK1X5PqF4NE","FovZ7AefAmo","S0nbOenwCLw","H83pRUE_kJw","zgZIzsx_GXA","dTta9D3uCh8","dJ3YBw4ii54","hTSAyR3nOR0","HstnxSr7QX0","kfXdP7nZIiE","eACohWVwTOc","TTckVh0iR78","tNvmHLtqgtg","TnCa71iUVxA","X6SaVOLRcF4","mXOTJ-tluUU","M4vnmgZLA8s","QPDitpx-OZU","x2WrgISUSxo","LNHkxOU7zz8","k8MsKn2QPEg","X83fT0QdgX4","vAh7jTAkCKc","xvYBg6MWPbM","pjZuxJ3o_TQ","NtccSFkAhrM","sGIm0-dQd8M","liczsmUSMA4","CJzaYLc4pPY","pWT8Snks6oo","l3vbvF8bQfI","J6MwAGArfZc"]}
{"category_id":"24","end_day":"18.28.01","number_of_videos":84,"start_day":"18.22.01","total_views":56078904,"video_id":["XYviM5xevC8","3wV4TxJ8dA8","JAw9dDL9fjk","k9_joNFmut8","3BJU2drrtCM","Hw5gLt1mD7o","5Zj1NaOWDQQ","pBYPXsGka74","aoY0J5jSbTM","t5V9d07aIBQ","B3VDjhTv0PA","F-vDHgcRBkI","mTvd3GvY2xA","doRcrFprMEY","QzXter3x7mg","9Tq8aDCQZqw","Q3kBhuNb5Wk","m1_4JFbedZE","nd9YoLVeATg","Ew9AR0xr0Gs","tj7Aa866ERY","S26do5SQY_U","4dCJgNzgs3c","oZm_N6aSU0E","Sc10DYTgo4E","9YHrEFxLgko","nxrVDN1m8D8","0yAiI3Hs-p4","WgaPJpyAB_0","JrFiNSueT3Y","bqPARIKHbN8","8O06tMbIKh0","rWHrWuDnReM","x9VNkFNpGyY","3KNWHpg9HmI","MPELLuQXVcE","0UE_Z00vFLI","j7ExsRw4LNY","EhL2OWXZ26s","_vvvSyBNiHc","yJKrlI0GWWs","evzWEXpW1pM","nh9QUpwNxsg","O6K0ZPRqzFU","XQd7a16SEEM","p6othBKKL68","H3rwLjWxreY","G6Qjf6IyclQ","xVhnfTwh1OA","ltzy5vRmN8Q","1Drha8HZN_c","wes6mVmRSeA","KtA3Wp8eNgA","s3sTcXqGZ7Q","_hzhLRVyMl8","90CCjgX0n20","eNk12DW41js","WRlyetgSz-k","nLpqZEAFnkE","NSi-MniOTqI","1Cj8d6EcFp0","4NAaJ_vKy3w","fj-KlZIyZ_k","Mg9NphC-Z-I","okRSgJ2WzHE","atkqGGsF42k","BH6rttI6rCY","QLFRGj-PPNI","vGM1ParaRO8","SJlmVOG8qj8","rfLI07tkf7g","WgBYtfh20Ko","6-tTRVURjGw","Kvdiac_ydKA","4Uhe7pNqCFo","cKoIESw1tdM","jkp3HFGGuWI","p8VbYrryLO0","kq8p4Xs-MCg","HemU9k35Cfc","B-gjdNdhg_A","vR-8AvL9Ztg","AHqSzZFVBBM","lC-oCA_v9Iw"]}
{"category_id":"10","end_day":"18.04.02","number_of_videos":40,"start_day":"18.29.01","total_views":67077580,"video_id":["TWrDnkzHPDM","Sl_F3Ip8dl8","No99lbNwBg0","HI-mXMr8glQ","8MPbR6Cbwi4","U-am9AabIio","zkG4Xpz6t68","2Yj7dHCAtiQ","RQUuqbzQVsY","WVeVXtC00YY","6OcOO1k-vGE","rNYduKIyEvA","-BQrhlVjL2Y","fY8iLUkZ5kI","v7K4vGYL9zI","J_CFBjAyPWE","SgEy8QxZl3I","Ct9BFr9XBaI","NBgNCDF4lG8","dMMBB89BxMw","Kwt581mBxNM","M3mJkSqZbX4","LxVfshdEKt4","OL4LNg-iyY4","UsMwHv3Hr3s","kY5laDe6AyA","1Cs0qyG78qY","nkjL1NuNWrY","J-qBH_5a_Bc","Z35RozFsrrE","0uJUW24505E","YjijmoILFU0","K5xERXE7pxI","MEYmQlWBeAE","baj6llvgpWA","9aoUpCXY7uk","SfKH-6lPwAI","tEnCoocmPQM","LxoGNkLpgZk","QY3Y6lUH6A4"]}
{"category_id":"24","end_day":"18.11.02","number_of_videos":106,"start_day":"18.05.02","total_views":106911950,"video_id":["doP7xKdGOKs","Sl9npEDYeLk","SGtTgrtONr4","QS8bma7LRX4","NooW_RbfdWI","8brYvhEg5Aw","MEePYLF9Uzs","pVxOVlm_lE8","NWUg_1qV190","uVPZ-V0EyyM","Hmb0Q0Q_7jo","mmZqOKVvWrY","tqTCw2hInPA","4DyzIDXLzSA","ykLUJF5B4WU","pMifShRi4rA","ns5GVD8WGdU","Q_0uEFXbqC8","4jEhYOrXd6o","TBBu38sdFpE","ohrFQfhgbQE","pNFfUFwnpQ8","ifdn1-NiDzc","PzwufgPyTCo","GC3OKJR7GAI","hL6yWko4vS0","J6-8DQALGt4","NqG1x5ISHVM","qq3FniWlrxI","dNW0B0HsvVs","UzAMTqZYFWE","A4mzB2PTo-E","YmCf3a9jYU8","wFIQhPRcfKU","T1B1CxmAXLk","mT7dvl6ySlI","Cnl6tYrJB_M","m49wcX1mXEg","HXvCmv0ha9c","L-wBGJCAzPQ","gpWrT-LdMfs","J8E1g-cHV5M","JtJTqLSzXaM","Wm2TSkxBrbs","lB8NyWtsa6M","lfN3wZDaiv4","ZY63ZSUdywY","5nItNLfdwe4","8qmYHYW5GR8","vdqLq6ZiY-w","81f6jCUJF0E","9Dmcbd293K0","sBQNCNXMQmk","5O6iNs0cEIU","rtiwIkQYUko","8YIy7NFdMQw","zuC7Oh22ZcM","h-6fIyaVmDM","EU8iF-8zE-Q","hSvnepZS26s","K3ZwxsTOD_8","DG6ar_UDwPc","YSodwbrmDPo","fPm1nqe6EYc","h2L6snyHhdI","vkOt4zmxHhQ","ZlPgrJFMFYY","m3czWsO2Y6k","T4e8_FClVSA","01NxGLCVN9w","Pf5JMwXOy28","AxMy0D6_DQg","hthKaOqga98","uKcmhqAuxQw","bxCZHKL8U4I","rvPknsWTX6s","ogmIGZOi3e0","dzxFdtWmjto","7cqYiUmutGI","5QhYCF6Uw6Q","hiqEFs2okMA","M6dc0fnNkfQ","5hQ1muZG62o","cYwdp7rRUF8","3d062S8ILQ8","Ze_qaAOgPls","WskfvEBmW6I","6yEewqyHnqo","RS_0sVza0nY","P3RYvmEmPo4","DaAp7p3ZkIs","x5O6lhLmUp0","9c2kibBIqKI","26GaanEOJ1I","2Pa9P4jSrxY","gvyvh7tmxHY","gFxuiqQzj0A","c43kHHRXkF0","9sIltKnbmwI","Pi6zYkbercw","B7meAh0Rm1M","2hkhKftPcIY","bYHfxbzhZy4","-t9TwUaJUUQ","67zapJrmyWI","Pez3-8fFmqY"]}
{"category_id":"10","end_day":"18.18.02","number_of_videos":44,"start_day":"18.12.02","total_views":98322138,"video_id":["NV-3s2wwC8c","tzh-kQvtmiw","8h5niaw2mAM","4uTNVumfm84","kJNk4TW7RAk","ZhqZCMdvKyg","SXMhL_UoVWw","GYLBjScgb7o","CY8E6N5Nzec","vHZgnlZho50","n2KpJV4jHUA","mwhrzduOrxs","mvppwULNJLo","n92qIk6nU84","fpAopipfdAs","7R1N-8SoqcM","D4fC4HVpP3M","pC2yUlN2kMU","91dCMceBGkg","wbxSWHzPDIc","8iEcQPRRh80","zgEo2dhgAOo","1i4krQH-2eg","9S1Gc1nSXd4","wfWIs2gFTAM","lzLQP25bTBk","uYmpUa38-Fk","kLpH1nSLJSs","izIyhdEHSPo","VwAnsAUYnw4","wIimU5-UEPc","QQ_3S-IQm38","UlXPdOuNU3Q","XRI07X_6Q-A","jDnWeqmEiqc","aVOh7jFjFpQ","XUqRem0W8L8","dbn2OvD8DdQ","xYtsL9znopI","_hMQe2U4c6w","jzD_yyEcp0M","7IXQREfdy88","HU5vtxfspjs","gjL8WNQluTQ"]}
{"category_id":"10","end_day":"18.25.02","number_of_videos":37,"start_day":"18.19.02","total_views":84406153,"video_id":["xpVfcZ0ZcFM","EAw7xodknpA","VwAnsAUYnw4","Sm2ArOlORFQ","-9C1Z3nIsPQ","OIb4BXssO5Y","wfWIs2gFTAM","dbn2OvD8DdQ","jzD_yyEcp0M","xYtsL9znopI","dhVK4jbjMSQ","_hMQe2U4c6w","4M4R-dwnTQw","0AUFyFEt35g","82sSofpc1II","CngjMRWYNHs","hFMzzV-viVE","UCoogBnurWk","gpw8RIb6IFM","AubUZV8tWKk","YpkJO_GrCo0","-C_rvt0SwLE","k1xvol1SCx8","lKL-5el7rb4","tGRzz0oqgUE","EAGhzuitLXU","HBfEf9MsRr4","WlDVOIO1rIA","tHtnxluMXMw","MGYJuETPQEg","6-lostV6sk8","hF6Wds75rjg","9XaS93WMRQQ","elwTgpHlty0","4EVFKrmXFmA","s71RmkU8OuY","RQpPhYSUrsQ"]}
{"category_id":"10","end_day":"18.04.03","number_of_videos":41,"start_day":"18.26.02","total_views":116202769,"video_id":["E-u9uo0laA8","MGYJuETPQEg","elwTgpHlty0","tGRzz0oqgUE","4EVFKrmXFmA","EAGhzuitLXU","iayFn1mR86E","3nVkhp2xtHg","ON6fCdE0XiM","yFFL1we4j_Y","BQ31l1gPGKM","cGoQZeATv5s","7J-9spNWIsE","WNRZGOx5aaw","SFKPktgfQdI","KAS8zQt6Wik","DGhPGH2YROA","8GGGliIxpgc","WBU89etq2NI","wRQEfN8PGYI","xaqwV7jisic","2fQORuHsuL0","T3hXC5yNZOc","i8J0cR-PY9c","LPTlvQ1Zet0","pgN-vvVVxMA","XR7Ev14vUh8","kton-qrKNLc","_I_D_8Z4sJE","SOjwzWWR4lA","OK3GJ0WIQ8s","c77skI2QgrA","QdnvoWyoiY0","eCaBAzi6yjk","HgknAaKNaMM","OHap45tpS38","xuAH21DkJow","_qQsPw4CqUI","YPZUkzgW_DQ","i_nLsG_asQg","E-npMl4Sb8c"]}
{"category_id":"10","end_day":"18.11.03","number_of_videos":38,"start_day":"18.05.03","total_views":75323418,"video_id":["LJjsm6CVsG8","LPTlvQ1Zet0","OHap45tpS38","QdnvoWyoiY0","pgN-vvVVxMA","XR7Ev14vUh8","HgknAaKNaMM","pVtX74pi8ps","AePg3zssuEA","_I_D_8Z4sJE","Wd_idMpg_qQ","KMF_iV2cVTA","Xps0kdhpD2c","kton-qrKNLc","9Hi7elAQQg4","Udd6cR9va4s","gRYcx0u9y-Y","ToY6sjSV8h8","8XiqrERZo_8","RQm0nKoODo4","EV8E6P54dLU","ogyVcszhaKM","12dANV0FHgc","_AsPY1bQx70","KCnKJbNSibA","b2RHgyH-Nxo","13_mawXVXnY","36uAfi8yLGs","Ph54wQG8ynk","fuoCUfdqZFI","Rter-Np-Td0","lhnmVSB-Rxc","oMKYLxwhAo8","fC8gutkCu1c","8iFGgfJiLsg","-BQJo3vK8O8","Qvd43XKY-f0","oRArmtMA9AI"]}
{"category_id":"10","end_day":"18.18.03","number_of_videos":33,"start_day":"18.12.03","total_views":104621575,"video_id":["tCXGJQYZ9JA","lhnmVSB-Rxc","oMKYLxwhAo8","Ph54wQG8ynk","-x22MszTTC4","ILm-b0Gw7-E","-BQJo3vK8O8","fC8gutkCu1c","89FDlw06waY","fuoCUfdqZFI","jKEcakmNyzw","7oqm94UfE7Q","DmKvSA6RZuI","sS0LCjOiIhc","sohRVnflO0w","sPK8bwoqJvI","8OARiNiJ_w8","3Kt5tobRNt0","Txlk7PiHaGk","pZ301QEoo9Y","gj7ngd5iy0M","Thvm6dADOms","95Rzsn-zjr0","nqzIQh2D_Es","S_s_Oz7ropA","1SnWTW6YXbE","mlf4bidp2yc","1YQDddDKz_I","gWmz4U65kls","DMl1YJyqEdo","XvIpLfV5GKo","tFCoxg_XxHc","-59U4Bgn8V0"]}
{"category_id":"24","end_day":"18.25.03","number_of_videos":117,"start_day":"18.19.03","total_views":63367338,"video_id":["QwievZ1Tx-8","ZCPwpcurYns","6ojjvi5gUaU","XKFKPQHdWRI","fH5SelF_glc","ZyFfrCpZah4","NOOsYtNK5ps","ol-WnYwbTO4","svDYnfQxWM8","HXxIXoh3M5o","oLHj69qAKQ8","GnQY4YMGUtI","XYlc302MfHw","babe4uJypMA","LAjZSwa4DCQ","sueMmTm-M4Y","FXohn4qTSwI","NZDTTefFZVs","QYCUB_PqAvs","_9WZLgqENt4","59qrNc1J9aU","4timuAnUnG4","D4JrLoUhHPA","LD3pVORn7CU","QUWIjG4UZZI","If2rE7Sagyw","XJr6CYHHOnk","S5xFft7kg8Q","Gk8278ZJdN4","M3j78ryw9Yw","6q1g_iVh2VE","oYe-QM8ZimI","HcwD15CWIvw","H0rcx9kAAZs","SR9sjchWadI","QJCh3s8I2-c","-kigLPnOVXo","pVdZIygLH10","JhvwFB-NUbA","FvNRdnN6Sq8","wuxf68gf5iw","R0rx28wgA4E","cIwRQwAS_YY","bDkYYmWd2yc","43hsIO_Jxtg","FhwktRDG_aQ","_MeQz8OWXQ0","DkiyT-dnmv8","zSodCKWDGx8","kjC1zmZo30U","Mp4LeOWNzXI","9OmSGgZlIK8","08P1En_h2tg","HFavQ6TNFtA","z1Fvrmf4BXc","DfxhWPvhFCQ","YFGg82Gq96o","dRfvXL-m7O8","ZSnVjIUqwSg","Ivl044_cFS0","vdlaCs1RVHA","i3LYAnP6qlU","5mar5AHglGI","KC-mhZz7n6o","xPL6fpkZ8aw","Hw7BWXPa5xM","pF1h93bdwjs","BO9opiX7_5M","fjMw5Le_5jw","2pL7aDAoteI","j8ZP0j64g_w","xnNTUN41BLQ","yH2Bu7Zxjg4","5r-07Lsb2Mo","54BVvP7zvDQ","l5Pq26lOMWM","xCwwxNbtK6Y","Ku52zNnft8k","mOyB0njcxqI","926hMiVuP9Q","4_pgz5iKlsA","jzIE_oKG9PU","ikH62qCV5Bo","VwWV4JelEzY","pMMb3DUM9Q8","8C3FN1A7PrQ","VvWB-Yhhm8o","l_IFnDydIeQ","WJ6F9NG2UWo","jYTy1SMx-DQ","_H6Yf8Fm6R8","of2jhOQjT-w","Gg9dYwd-Nfk","5TxN-3GfhcA","mhog9LEMCDY","LNjiBBCNkk0","1BMhKFNoG94","gjQ1Brofle8","OPdmg58S9ZM","nsjPEcRq_0c","9WFf9XY5rME","4csQhMHvQWk","hp-zb4cj1Lk","Vv8pcs0C8bw","zZcqgKUKD1w","HQ05mj3s1Ls","fJZht2-Kg3w","SIgOf_kVDj8","zcQm-utrusw","hubcUCV5J-I","4_0Q2OX9Mic","FwENtwtY0EI","HoimIkxSCSA","_8c_eg8V9S4","sOl2aj5nuck","raymwkMf04g","apyD0QGObZQ"]}
{"category_id":"24","end_day":"18.01.04","number_of_videos":108,"start_day":"18.26.03","total_views":51508351,"video_id":["VVMCz04CmlA","rxKOcte2JSs","LNjiBBCNkk0","SoB0fmO0Tiw","a9TFAY6dbTY","pxvBTSx47C8","1Flq3133Mh8","Iqbhl20fyaY","1BMhKFNoG94","j_CVMK7rUg8","1i0lt1njpUw","ecrM2MqNlAM","MiUFhVrG598","OPdmg58S9ZM","nsjPEcRq_0c","G1QenOtwoDs","rR4thoqzJcw","gjQ1Brofle8","Yiql8roK3Hc","s5kI0VWac2k","3Qez7PL-FOo","QwUq8xM_8bY","Z88AhAnUC88","Frb6FaDfNxg","tHBV2L_0OVg","gGPJDY6xR0Q","3ba496rCZAk","CP5Ro3oy-ec","LMdlSqX3HPM","qnQuwPQ9uTQ","m4KK_UqzFAo","xfdUIY8rEmA","idJKzYU8y4Y","9xRMoBrD8Lc","1ZLhStlxI9k","eHQudvHID7c","R_O5x0LNksM","-2nHrtXYXh4","WtqFjTLB8es","sS4oNdZk9o0","-p3IuaAlvGY","TkWmK-cplV4","oCPLcZ_tneI","P62zQv5JNCI","bij6z62f5t0","iR3m-HWROu8","HYPkP8eCU6c","0WEzJX9Netk","WzENmD6XtNw","wtgsk8hKac8","hibFNdLYBms","LBeOQlKpM8Y","fmOP68S5v7c","4t6sEGeFoqo","w6Z1L_HHCcw","m786k0quYdE","fgnhU_qA4RQ","E4691igUPG8","d-_s46Uob5E","i4ZkQPHlWZM","FNdyDazu3V4","qguc70jfWmo","qrks9Zu0f1w","uTRUQ-RKfUs","1icvATK0GEo","Mzh4AARBavU","z-JurmXtLCY","UroDMfQv5L0","kxkrdLI6e6M","JrmxD9UxY0E","dKoIPuifJvE","yDuqRqQEDsA","iSZq3l-Fmbo","ylxzfecackM","8A7bNJCjkx8","Ml9v3wHLuWI","dc89yyOS0Z8","sudG0ziGP7U","nbFoHzqmZ8o","NxgQH9M6hg0","qyeAZiEo5Bw","3BNg4fDJC8A","J8gUz1FkAnY","-aI1eQwVewI","Ovu9a6ntSPc","eqvXUOwArdI","KxP4LuS26ds","RF-Mqs2qC-M","Cx66RkjggLk","wo7ItkoCYok","NlkfPR8PZSY","nOphT8zxFhA","BHh3LG6vWxY","Z7tkcyXkLDY","CeCgsmTjHjk","q9NpdN7r3O4","OWvrFhCFR-U","w68kHdbUp_0","StjYXOSMJxk","jghZXw5RNGY","WEMAvnkHA9U","c2fJ2qeSxhk","-6b65coGHRY","TtCrs2JSUEg","SxaMrCpigNI","j8giXiRyGbg","CD4MptwCvWM","OVRjkAjE8j0"]}
{"category_id":"24","end_day":"18.08.04","number_of_videos":73,"start_day":"18.02.04","total_views":39299759,"video_id":["42FRgdjveGU","NlkfPR8PZSY","c-2excR77E8","RF-Mqs2qC-M","xXf2ct7C2fQ","MVEyFtc2f-Y","r1_H7Va8D8w","gQZChW3JKV0","GuFM1x9OULc","YYimlrucN4s","Tvq4KL-sXhI","ZANqw73F9Pw","kzqig4utv5g","T732vvf9QfY","HfoHeCBshCo","_ezKNBwQVF0","3lgcBZdMZxM","8NXGdl9EBgM","nOphT8zxFhA","E6IUMKMpdRo","-6b65coGHRY","t-My3vpDBvA","ohn3zb2BZzg","6Rl7fQQRmtg","r-DSdlpz_qc","wTeTHjpPMgU","ejQynx0PDYY","QrKeTpWyRFs","S8e1yxXiODQ","ACHZrvF6mTA","k5wc9V7ggVg","5aISC84gXBw","_KkGRT_4its","SsyUGltfuZo","sde3ke1Qof8","k48GjRZRri4","vGBrCXIMkQA","B-J_QhzLfHw","HoZGMqCIRK8","t9QtXGirWf0","-wuvYC0x5lc","dn_aaxZIA2o","IoZ5qDUuPV4","ElPJr_tKkO4","LJuYzh3UDGo","AcqCSonRQwk","4UO9E3Tb1Qc","14wNmoAqPyc","guRbfQFddfg","vb97DrNDSfM","ZUs4JxQJAv0","p1bV1gZ1cvU","FBIkUV4I1aU","SCjVcdHHb84","3-1LFKZr188","2AQw7OrDAMw","rQG5W2HFV3g","j8gXtP-oqmE","hnKvVZhZ2sg","omczdd9JoQo","1dp-q0Zevxc","bvNonoGTjgw","ipjNJS6-TyI","-Qv6p6pTz5I","muZIRQZLDWk","nQ1mmVG-G1g","LF3v1GI6APU","5Z2p6Vo3S-E","0XJQ0o36wkA","FH7wH9doJ9Q","aEvItEpMly8","k2GIo7woPiI","H_HBY7h8K1Y"]}
{"category_id":"10","end_day":"18.15.04","number_of_videos":19,"start_day":"18.09.04","total_views":25439874,"video_id":["M4ZoCHID9GI","BidS_rcf7UU","oCXvPWJClJg","DPxL7dO5XPc","9zUHi8ON6PI","J-dv_DcDD_A","_NWs7ntMRBA","C_ijc7A5oAc","PaYvlVR_BEc","rzgw0XldTC0","3TCcDE4fi4Y","jPMJtUpiTIQ","R1TSiB9OuVM","p6E9R9qv1No","dUaCEs3HfdI","OMJCsytmfnw","hOiHshb3BKs","67LFrXVIA00","jDHI8oQ_Zu4"]}
{"category_id":"10","end_day":"18.22.04","number_of_videos":44,"start_day":"18.16.04","total_views":101901891,"video_id":["z5WrgDzNIZ0","DPxL7dO5XPc","M4ZoCHID9GI","SCq8n_hOcN8","BidS_rcf7UU","J-dv_DcDD_A","E8jrQAmQYRA","9zUHi8ON6PI","4N2PCEdOHLw","OUBiz4B0UvA","DX5_o-mumvE","yGYmH_FMaNI","LFSacMbImys","H_6ZJrg-E3Q","bvQ84NryhRI","UCdMwyIy3ks","4fpAt_vnbF4","g4HDfqEWf6Y","MctZLEYlU4s","qSIY6C1uv4E","lPiIp5QuTRU","cpGA0azFdCs","2ha8YQ0SyyE","wLBrjrcMlCo","yO9snUMvRuU","ayb1wJ9_Xmw","vvEUSUVk2kI","Z4b6BPaO944","ffxKSjUwKdU","whwUlzuLfs4","45GaTIIdL7A","vUTI4bPdlgE","zEf423kYfqk","h3cgHyusc5s","tlILlcCE8Sc","EHUYNVA6hF4","hjf-h6NMj7U","fNVUTgd4pio","rsWmrGuuWuE","aDBMVKtcG2Q","3QMKdZ1D_4U","ISPadKRsrqE","M38aWHxwtXE","XWtJDG-Cdgw"]}
{"category_id":"24","end_day":"18.29.04","number_of_videos":89,"start_day":"18.23.04","total_views":119721186,"video_id":["eKR_n4alu3o","xsqInns6LXQ","t9MzWftt0ls","JrYNSCEHLlI","t0VsbEqfAvo","sMLso2du91U","mCfOhEx2ZGU","YKWGQyz-oLw","UqSsQO_JfPM","vIxs3A0y47c","5hNMaaM7Log","RsGGQAJ3Bb8","f04asn4oe4Q","b2txBXQGjJ8","9BfsIImbiGI","DckdRgJipL4","VopB3HnOJQQ","Z-E2Aacanfk","ZabDhxj5ekc","MprG7D-7jg0","tHmAPWOo2jY","x8Rv7vPEetM","u9Mv98Gr5pY","THaqB3S7zKg","bNuSXqpycIk","yc-iu4MjK1g","kfOeQj7HsCE","_1I7k_uMb4c","z3i5B53LAo8","RJSCv0QOOX0","s12qaVEyW14","F5v7omlha5w","cOMPl9iH7Yk","jQ9FKv7TA_c","lGE7PmoUnk4","gVjHOyKQn3M","rRr1qiJRsXk","eIp7PYuAu0k","baG767jr8c8","9fB0GBwJ2QA","35twNGPBtgk","UypNWebswzI","ZQ-YX-5bAs0","BG7EdPwkUxQ","b5Vmaw4I55s","kXOIJ_pXqRg","p8t4HQWwDxk","bZs2ImrTg5w","dyoGXhIj1UA","RFHGVQ6Ni_I","VPrZ12oweLI","IZODr96ZRCc","f_0duM9EQx8","R1s0VEk9vgw","gGnBX6e3RJc","VRCwJocpk6Y","KiuV9VxYa2c","WRQSERxTvYk","HBtwa1q_NNA","qTMU2nQ4wGg","DAvFRzrMsyw","8qitxIJAdLU","sGF81Z1Kols","UnlXTNZ2e7U","FRQL_CXrqzw","OO8bo_fpoQg","jR-Fr-cXhkU","v3fvyCzRqfg","OfDpFTNnRyg","CagwvHRMPGE","bFIB05LGtMs","T8phn9cGgV0","cyIftAPf7kM","FeCjf_ZxxQc","Eh5eWMn9mJM","YDQXzY11aS0","h39fZdU7174","rfx3eaJWIvc","0hdnQ8EXdEs","l3pMdIb0XJ4","5JYqTSSH6IA","d4kDR5dresE","RoflWNvJg_w","k2ncBw-Y-Yw","MlhajJrQZYQ","KxOmVH3npF4","bSJ8mpWBVeE","94k6kEVGZzg","0SStOLbYK7U"]}
{"category_id":"10","end_day":"18.06.05","number_of_videos":41,"start_day":"18.30.04","total_views":89981836,"video_id":["iWZmdoY1aTE","oMNqsSVuYvA","NukmFF__G-g","ubawFigGGGU","DuPFBprNjcQ","IaeLD8bbZFo","LryQJ25CnKU","Zg165-mZ7x8","cyPyIj08drw","qSKOPBVkpJk","6kUCDT6tG-Y","tsp7IOr7Q9A","ucVJrja8r6Q","RWFdAgFRDfI","AFbIFS9PkvY","xzHJ2aZR6e4","tcaw6lzYt1Q","bFCVXPTJt_4","1E9j4689ZWQ","DkeiKbqa02g","B7mNS5ygvAQ","CX11yw6YL1w","DSRSgMp5X1w","dARAN1z2KqY","Ab7wBY666vY","5GHXEGz3PJg","35GMuSbNav0","rxmtHVSVjdo","5orrZxSjLQA","Bs-Hr-gEJAU","0_Ay0zBns1w","o27M0gXjUqk","HhoATZ1Imtw","Wpm07-BGJnE","YWyqZ10qBR4","P3iLo_JI9oY","G7RW-KVDeEo","rItv9i6c7AY","maDPbJaiJy4","vjI4Alon-3Q","XJT7I0sLdD0"]}
{"category_id":"10","end_day":"18.13.05","number_of_videos":45,"start_day":"18.07.05","total_views":151703538,"video_id":["VYOjWnS4cMY","CX11yw6YL1w","Wpm07-BGJnE","p8npDG2ulKQ","-JRht6k8Wfw","DSRSgMp5X1w","P3iLo_JI9oY","d-xSH9zlKpE","G7RW-KVDeEo","rItv9i6c7AY","GZSz5LRx9tQ","VQhjbCxOxdo","KUUjtUP2CrE","FRjOSmc01-M","UVrmSi724D4","b5FcAHC0JSo","Ab5aV-wekP0","-3b2Fov6iQY","zzO3J_pp9vc","eOVOp0uO9cY","eP33TkuI9vI","ybp7SDwlzME","YpU0y6TMGSU","8h--kFui1JA","l884wKofd54","3SUGgvfyqDQ","7sZ1t8_47RY","t0mXOsUkY8w","XIWcAnybqB4","2PH7dK6SLC8","sPPmWfHhyBc","tjA7nAHOAww","Dto7Nms-Xo0","AebsJPV2ZYM","HbaQ9xnoMGQ","py2Z-UNKtes","32sYGCOYJUM","YXC2C6o9EgI","nrVNAq7nSTQ","RqjsstB1uKA","iILJvqrAQ_w","FkOt19CUC30","xwCPIaVA0sQ","fF7ndg3_4AI","lThYfJvudTk"]}
{"category_id":"24","end_day":"18.20.05","number_of_videos":126,"start_day":"18.14.05","total_views":100204524,"video_id":["HrQNdClwMs4","feuetv-nU7M","j4KvrAUjn6c","3YWONOIRNg0","C5Rm6rDbF20","nzUmwI6_VQU","MT7RQ0gu8ak","oRexsyztGS0","4oqvNR1o3Zo","hiBPUpCJ7MQ","bXdpdkwhphc","m19DC3rYt6o","enmUtxh_3t8","xmi6xcd-Nl4","Mffuas-uWOY","WF82ABLw8s4","AwY8Av9inbY","bz91MAdY6FQ","pFc6I0rgmgY","UfKmSfgFxi8","xhs8tf1v__w","SLL6gpy00WE","t4pRQ0jn23Q","9flG5EqRPSc","LtpqdJkoKm8","1RZYOeQeIXE","WcmNEq81abE","nRc0kmOYgzQ","YdOcH42JI48","CQy3U05_8uU","QW8whgmyTNU","qkM-tTkUbOw","H9AFjJj6kRs","ptMCngpnsbM","6Xw8i_N5ShU","I_XyUvQtABs","1TtWUk4EXs8","xOiglIips8o","YvjhDjUbFyU","UNPqnEtuuiU","4C-frHrNWjY","9Y7X6le5qmE","xBht9TG7ySw","5gy7wSLhJr8","atLL2Yzi3bg","bVeAdzNU2ow","evKZGQ-qwEE","_MOVYyJqIdE","Gb1Am-33gTk","AWU3_jyEStk","048WlirXNXI","QxTtsZUcOjQ","20d1g6O6Fog","X-eRc9PF3TU","4_aR3HqFrr0","ZxYt2s8FZi8","UDlpZJ8EG8c","uqLy3XHIg4c","R3gYYWIAaM4","ycS6LjhZHdE","ciiwjn8jyvU","pE1Qk90pxE4","7m9dAbmtchQ","fotYFcF-x_E","nwluATd-HQc","pwj_SZHqiSc","XvpGvVR1D0w","hExxZdkSfuE","i8EJkbADR3o","nlozE2m-NMc","nCnUim_gjsQ","XF4_DvnNeCQ","vJ5DaMdqlIM","AyqCoftMjvM","o8KtKp9v750","HTTpDGDAxtg","M0Tth-0MNFk","1L8mTXxK-fc","CQQit01HHLY","C6SCvFee8tQ","JIJB7cv97Dg","S6rDvbQ-mz4","z5ny5inHBac","jua2rmJg7hI","f_R9_xdhuNw","KObL442PWhQ","ubyAEacslEI","-PO2jJjNzsI","YkmD7NSQcjM","CTH_cEmp6Kw","MWb2vazaD28","HX3tKAcCcxA","BO7yUdPHeo4","wswvNZveNHc","8_Okz_CN34Y","Gjc0gXDE3aU","Wbm-GzCnC-g","9du6mAxEBtk","WqB0CE9YjCs","gtGbF7JqxTY","P4t80OyKius","v7UjGdubx6k","5fDeKPgVHVo","Yjr-A_nnDdI","emuMxrTL8YQ","2LF_WLiyM54","AuSVnJJOsuo","rfUTVQjUZls","Txsj-DgYbv4","OgiY3OR3jlg","AuQkjFfVho4","QNZ53Cpl9B4","QYU8w4ONQVo","qUSmCQ4gUjo","F6SIFCgipC4","ET2iZV2GqJg","_IiCh41jLnU","h2lfKH-FBds","2Sk3C2Glo88","9m50v0718Vs","4o0cU2-IlCE","8U-17XtqMWw","eiudTjsGM7g","o8oYmaasdA4","ffbyaX9Ymt8","M5RsnRRvDs0"]}
{"category_id":"10","end_day":"18.27.05","number_of_videos":42,"start_day":"18.21.05","total_views":91089243,"video_id":["7C2z4GqqS5E","uKmA0nHe4no","6SuMbFuKDf8","2in8XqiElwc","pcJo0tIWybY","y-PQiShdTKA","UvsESyvDeWE","j-I0Uxbh1uY","8zSRkr1nQNw","QgOXIEhHU1Y","LBouZZqO0mc","SWAXUbqda_E","oLDbO545aKQ","7Ps_vqnf2Rw","Q97U8K_YlOo","V9tw4yMJ600","lN9WqViMBKk","f1FX5wvC3DA","3Q2j5ApzSqs","E5bO-chVuZQ","voG07pt-KYI","5Y-5vrFEmdY","NxqjMiFe-rQ","UKserM-i0_A","e8XoJsBCi2k","mQ055hHdxbE","aEM2kOrrNJI","qeZw0c56bgQ","au8QGTiPhEw","Fj3euSYAtnc","RNlQU-7y9Fo","70qndlGsQAs","Qr_QLv1TPcY","kFMZUxX6K6o","Ytzc6ehAvOM","WMIDCVupz1M","tuBMDapQr3A","UW_xEqCWrm0","giOZ3EAleeI","scLYjsvrUMk","D9kxpUcWID0","G3Sl2vJrmf0"]}
{"category_id":"10","end_day":"18.03.06","number_of_videos":43,"start_day":"18.28.05","total_views":114429379,"video_id":["UC6USOV4ewc","wS4ESheuHDY","RNlQU-7y9Fo","o-uWRhi2ngE","70qndlGsQAs","3E6yqIkSW1c","e8XoJsBCi2k","UW_xEqCWrm0","Yo0RvZZz_ds","Ytzc6ehAvOM","b1A4uQJLSiA","ntWSnDV0MYs","IIPGgPCXvgU","VmwOMtkDxtk","E4c7EE8_IX0","joiZ3SZdC2w","xTlNMmZKwpA","xirk18P889U","aJOTlE1K90k","E5yFcdPAGv0","FnaqC2ZH3Z0","e6akG3Wsd5U","8JnfIa84TnU","sfU0qBEbY_A","QHo7c8x7wb0","z14A0Vblm0I","2SJ0hgdciNE","HZoX-10-VMs","JrO46CJd9ns","MN840bAdQyw","uZwsYdxecA8","YynKelHGhNc","zUzBfBqbSmc","doAq2FutWYA","d8O6SoPOkAk","f_akFYKDA64","8OHLAZwegM0","TuTDc9d_9yI","TS71fTCL8zw","6Wi2d8ziX9M","_FyNKmnsiuM","UxDxZH_YaO4","D_6QmL6rExk"]}
{"category_id":"24","end_day":"18.10.06","number_of_videos":99,"start_day":"18.04.06","total_views":92428913,"video_id":["2s4GMLkTNv0","T2YJYVYYhfI","Z5kD6bYPJcA","UTVpWVO4vZU","1SMhiYsfqnE","n-DTjpde9-0","KqczsxGvDsQ","-8zjkWhpM80","m-lKcohRNR8","HSPjbJs_Qlc","wW4JB9tjlik","G_BHPFEYAsI","S1pMM2y6MjA","K8SeMivyqRk","u3cHkf-5beg","Vx85Bx5tpVw","H7gxE-Xq86Y","XAVeyXwy3BE","ftwIPuNrWco","XBpqQyLLDiM","Gi-GLqVcyHc","KHQhp2cGZtE","MidgYgFwgTI","o0P78KNN01M","bjqJac7kyhM","pjm16tlCqUM","D3e9CXbrIF8","1P8KsBg9-uM","0pChe2LI2Ec","mbq3Vuox3GE","ZmpgsLz00hE","TGMC1SecAeA","TEsebOvBInQ","1HH9ijsFrfw","4SWtA-9muX4","bF_naHpa-T4","XvHSlHhh1gk","Jodbdj52Vc0","44fjX-rgJ7s","X2GJWR3uN_U","0TNVthqZ3uc","cXf5SOhwu1A","hNcWlRQWMc0","EMq-R4RF928","qA6vrnwz_AI","8u-u29n39_Q","Scvw6Q-pPeE","1GhIVG_Sh3Q","0Np4K_PAfnI","NN4PegHL8dc","zUcA9Xzm_oY","K-YCsUa1mZU","g4Hbz2jLxvQ","4iRJDDjejCI","GC321SaaOck","qFy5XyZsUeo","ExJmET8boVw","njIP93V9qYg","Z0ekMVs1V1E","QwNf7mWQmFM","MsQb18nU2hA","-ceGIszLBoc","ZsKXq8AQTZE","6joxqWBE5lQ","lweS0jok-Pg","6KAEfOcdBd4","5I8Q5AVxWaM","ek0FPAt3ydQ","jBBnNLDtP00","naW9U8MiUY0","GnGPAYvve1A","HeNLNc_29zY","KyB0zVHm2P0","5O0N3u9-m7c","VPSoNx1gyQ4","rKVNWQz1qjI","bdcn9JtiPOE","HX1RBvIGsj8","hj0dL7wwT2U","afAI_FvUcsY","SiduJA4p7SQ","S3bczp0NAs8","q6c5DRGjgHw","ek1ePFp-nBI","JfsxLhPn-oA","R2NRbhc3T5M","wloLgnGZxJk","v2dem7H9ick","-GPUM7RQ76s","1yAJ4MH8mss","54vSt1L8nvw","3A8iPnSkM2A","xPZc0dC3wVY","8cFzdxwha48","AMqSY_zBP74","pN4aJUFuuug","nV-Ox4tPcwA","0WjNXuqmbJ4","4QZ5xwccPa0"]}
{"category_id":"10","end_day":"18.17.06","number_of_videos":13,"start_day":"18.11.06","total_views":33756178,"video_id":["vg0ZfeszGrU","64UX1npgRkI","l25AL0BdD6w","V15BYnSr0P8","EMmkBstTleI","DGzy8FE1Rhk","9rkFbKVownA","PBKa-AAy_vo","qQn6TsbYrH8","SUrbuJuP2hs","WclDmFacc0c","7EogrGnhzy4","EQn2R3RVX74"]}
