{"category_id":"10","end_day":"17.19.11","number_of_videos":70,"start_day":"17.13.11","total_views":115915504,"video_id":["n1WpP7iowLc","2Vv-BfVoq4g","LMCuKltaY3M","9t9u_yPEidY","NVCqz2BDfcQ","DIU3xPdhCBI","pz95u3UVpaM","QOksZ8VogRw","lo5ERI5nPbM","xg9ebVTL9yE","J_QGZspO4gg","pHE8nIB6j2U","7fm7mll2qvg","QFfEtKvXMAs","8l_e6bx8UG8","OGKchfcd-5w","44NYFvhXmW8","eHIY3HNNqzM","9wg3v-01yKQ","949vJMp0v40","FUzs2oMEs8w","54Eae2ewc1c","E7q_wbbwGyU","kGOmPmILndU","IOd0HGH6xKI","Wjq7x2d_s1w","NHglTopVlKQ","TQ2uDO5CbYg","4j-ED6tL85o","r1afdZk0qcI","ozkqm2ifMw8","bRlXatOvsZU","X9VlCV1ZflQ","8HON4AswPVk","4GFAZBKZVJY","au3S8F08v54","iNf6VErGDLI","V54CEElTF_U","TbfxmTQkLAE","7JMV6iBlXFo","L_u97PqWX6g","rnhlTS8RgUM","U0yo2XqufgU","lYN26wt1lJQ","Hw2e2XS9Wmc","nVzA1uWTydQ","-crLmRLgeNE","Q-KsToawMJE","5E4ZBSInqUU","aRz_XfwcVtU","2Zvmi5BzDbs","W187SzNVGvc","VEoOuF_cN0Q","jG1JY0rt2Os","eQVhAN7-IAw","Nsw5HuVGdBI","HNa_UWX51_s","ixxR3ZoqnF0","pOEzjT-SED0","PHWAZNkqwN4","RrhSJzM8NLE","xzpQSINtLkw","ENr6CXm1YxU","4SANXNco_y4","MKLlDnUqho4","CyzEtbG-sxY","6uJf2IT2Zh8","UuCq8mtK8J4","HJBqbRMUOaI","svZScJMh4Pg"]}
{"category_id":"10","end_day":"17.26.11","number_of_videos":69,"start_day":"17.20.11","total_views":154127362,"video_id":["cmc8q2dcIMs","BQ_0QLL2gqI","pOEzjT-SED0","6uJf2IT2Zh8","ixxR3ZoqnF0","UuCq8mtK8J4","PHWAZNkqwN4","ec9r9THD5eU","svZScJMh4Pg","jG1JY0rt2Os","HJBqbRMUOaI","RrhSJzM8NLE","eQVhAN7-IAw","Nsw5HuVGdBI","4SANXNco_y4","5E4ZBSInqUU","xzpQSINtLkw","MKLlDnUqho4","ENr6CXm1YxU","oddXT5uaRb8","n1WpP7iowLc","W187SzNVGvc","2Zvmi5BzDbs","NVCqz2BDfcQ","9t9u_yPEidY","2Vv-BfVoq4g","pz95u3UVpaM","VEoOuF_cN0Q","DIU3xPdhCBI","LMCuKltaY3M","pHE8nIB6j2U","QOksZ8VogRw","J_QGZspO4gg","xg9ebVTL9yE","7fm7mll2qvg","QFfEtKvXMAs","44NYFvhXmW8","eHIY3HNNqzM","OGKchfcd-5w","9wg3v-01yKQ","HNa_UWX51_s","949vJMp0v40","FUzs2oMEs8w","IOd0HGH6xKI","54Eae2ewc1c","jH2t4Tcl3Pg","nUv22OHdjQU","EBt_88nxG4c","M6LTqtYKDtI","tz23WFb8HM0","WXlr35jV3cw","3BEpWWxPXSU","UceaB4D0jpo","V3EYjVPRClU","RP3UsFrDJfY","DpSWgZVIfi8","UQHSK-kgONk","1ihTE5cxUCQ","lMSHTnkVJVs","K6xwB8Kkce0","VYzDZ1qeKEc","Yhea380bYp0","w1fN1_9BNM8","kTlv5_Bs8aw","jjwiwepvS1o","jpl2X8tDfIA","FaJmopuuhZE","Uz-uEW_Rur4","GO4hi9004hg"]}
{"category_id":"10","end_day":"17.03.12","number_of_videos":69,"start_day":"17.27.11","total_views":113428687,"video_id":["VYzDZ1qeKEc","kTlv5_Bs8aw","UceaB4D0jpo","jjwiwepvS1o","2BE4X3bYpxY","qu-biRtYEcU","V3EYjVPRClU","EBt_88nxG4c","RP3UsFrDJfY","M6LTqtYKDtI","UQHSK-kgONk","Yhea380bYp0","tz23WFb8HM0","nUv22OHdjQU","DpSWgZVIfi8","jH2t4Tcl3Pg","jpl2X8tDfIA","FaJmopuuhZE","Uz-uEW_Rur4","cmc8q2dcIMs","BQ_0QLL2gqI","lMSHTnkVJVs","1ihTE5cxUCQ","WXlr35jV3cw","GO4hi9004hg","UuCq8mtK8J4","6uJf2IT2Zh8","pOEzjT-SED0","xSmgnf6PHmE","w1fN1_9BNM8","ec9r9THD5eU","PHWAZNkqwN4","svZScJMh4Pg","jG1JY0rt2Os","RrhSJzM8NLE","K6xwB8Kkce0","HJBqbRMUOaI","Nsw5HuVGdBI","eQVhAN7-IAw","5E4ZBSInqUU","4SANXNco_y4","3BEpWWxPXSU","Fjm81OPZbpU","LgmxMuW6Fsc","JcC5VGOx8I8","qgGooEyeNNc","UqItlHUSN-4","VTVLcK2zybM","Z35ALmnFo9A","nx1R-eHSkfM","7AXo-bYGXI4","c5_LROaHGtw","e7b5hbWvWEQ","4xN-jUfJAyM","o9zRQijCN5w","WLagbArQsuE","nXDZCuFESSU","2kfIkm5qVsQ","k9oMv0JzCn8","YsXK7vGLoTA","817P8W8-mGE","SA7AIQw-7Ms","nSuregWhlWk","o7iL2KzDh38","NRh8KWiCxWU","44W9qstI8H8","r5g85U5lJso","2nJ3U5dzvPs","d8GHT9nK66Y"]}
{"category_id":"24","end_day":"17.10.12","number_of_videos":62,"start_day":"17.04.12","total_views":115087023,"video_id":["1l26UFQ06eQ","6ZfuNTqbHE8","nVHcXZK7pKs","8kFnLQySIzU","jLM2ibaRbrk","rCnU-IDcnnI","os5mMTl3IBs","9Ktmmjt8Tq4","JJWOLBw7tEY","k_aT3jAK_QU","0EQuVfP-vXs","XZNUgzO9xJA","y8dm1IbpMj4","ggpoZyF2lU0","zB1pY4n_FyQ","nVrkQyLS4oE","hzCeq0-Vd1U","BnANUza_uXQ","3XklsSF53pc","UXm1xHECZu0","f3uZxD39awA","W8_T7MMywcs","pDi7cezk9CA","IbVR4kzVQrk","8mFUhpKz01s","e5IRkF20JmU","Kx-TGqqMuPU","yef_HfQoBd8","bvBNvAMeovw","cHB_s970Uyw","09lz1fRBBsY","OHOkdEBpwDc","I6N-XuYllgA","dsNNfiA6qjs","LctCTZKdO18","Yjf5scyjifU","me5ifeBFaFo","SNCMtOdaIxU","EAuQBaienc8","Yedbkvwm2rY","TbniWvd5OZ4","ZsT3m5jdjr8","FlsCjmMhFmw","5ELQ6u_5YYM","aJ9XruZm_Hg","1sl5KJ69qiA","Ic8yK9YLyak","bOBL980Xsg4","Rm09nLK-Pg8","hNsd-m30m2E","qLVZiKDNxtw","AM1pavPRU8E","15aTCG3as6Q","Yp5R84V1bDU","KtqVezaUhkA","vn9mMeWcgoM","vW7H-DKivX8","0hcp-eMOn4E","PPCDMi5xmmk","kmH6rve3qF0","yqFIrrcmsJI","LPBPma9YJnE"]}
{"category_id":"10","end_day":"17.17.12","number_of_videos":82,"start_day":"17.11.12","total_views":101625935,"video_id":["56KYMMGudcU","rXfnPGGfSh8","inZzcTXYowY","ntLtNTUCuII","HKIIgYFhQlE","GZeza5xTeuM","FJgx-_eGRh0","PUvVjWR3zTQ","Wff1pf2EdS4","dhF3Y7esoWM","60Qi7Zv6Wbg","zhbjf49Lv9o","sjN-NGsRg9g","BC19fhyTG_M","u5Jw7D-c3II","_wVB6pfWwnE","crjugtkXZN4","8mBHDHIb-kM","48qcnpCWBq0","fiGSDywrX1Y","_qEfXjdZrWg","CHLdNpzdXIY","817P8W8-mGE","5fW5dsc0-5g","ElmsIGT85tI","Tfaq4UTH7P0","kFiJG9KZJ3s","o7iL2KzDh38","nQcUJdncTeg","OmhvgIgwLeM","nSuregWhlWk","44W9qstI8H8","WlZu4RmD_oU","cIriwVhRPVA","nx1R-eHSkfM","7AXo-bYGXI4","2kfIkm5qVsQ","EA5Tn5Gw_8s","NRh8KWiCxWU","8QCxV--St8o","r5g85U5lJso","xXP9xBgTFv8","4xN-jUfJAyM","rRzxEiBLQCA","8CdP3MbrIZk","8Y4eFnLRIzI","P9Ijqa_2eu0","KP0r5LSbWL4","gqKrByxzpgg","7Q5dDVHGr1M","ZOBvRs4btvE","FofCwLXknq8","xp0m08eOD5U","QClzlZTXj4Y","Sqbv7cCM5AI","elmet3x4AeI","zkNzxsaCunU","4cucHc2vef4","Cd8UxUlqaZ8","oQxKEtoHygY","66kn6Dcr12E","N9OpxDiCfbM","hsh54g9JmC0","DkXD5949qqQ","MVyJZfFH9GI","Oapebl0bADA","prmQgSpV3fA","MvIwx0JThsk","KjHan6D3O3g","ddDwAMvq5fw","sJWu8sMMh0U","5ZoKBdxhXpw","jNStfcyNrOI","mHL8xhktzDc","c84hT_DseRg","zXHUHx4R9kI","CHXD9k19q1Y","AenmqoozqoA","ByucbuSe958","4W_YgNW7gs0","qJKgfOUUrZo","wJ7ffCNtCKE"]}
{"category_id":"10","end_day":"17.24.12","number_of_videos":68,"start_day":"17.18.12","total_views":90195858,"video_id":["zXHUHx4R9kI","CHXD9k19q1Y","Oapebl0bADA","ByucbuSe958","AenmqoozqoA","prmQgSpV3fA","MvIwx0JThsk","4W_YgNW7gs0","KjHan6D3O3g","oQxKEtoHygY","4cucHc2vef4","66kn6Dcr12E","DkXD5949qqQ","kwraJAssyuE","sJWu8sMMh0U","qJKgfOUUrZo","5ZoKBdxhXpw","FofCwLXknq8","mHL8xhktzDc","8Y4eFnLRIzI","rRzxEiBLQCA","jNStfcyNrOI","P9Ijqa_2eu0","Cd8UxUlqaZ8","c84hT_DseRg","hsh54g9JmC0","QClzlZTXj4Y","KP0r5LSbWL4","xp0m08eOD5U","MVyJZfFH9GI","Eeb2CgoSt9M","wJ7ffCNtCKE","56KYMMGudcU","inZzcTXYowY","ntLtNTUCuII","HKIIgYFhQlE","rXfnPGGfSh8","Sqbv7cCM5AI","Wff1pf2EdS4","FJgx-_eGRh0","gqKrByxzpgg","PUvVjWR3zTQ","dhF3Y7esoWM","60Qi7Zv6Wbg","zhbjf49Lv9o","HL1LiSiBPMo","hW9ScsV6QJ0","u_OO9taOvG8","l_lblj8Cq0o","X8sSXU-J8fI","y-CvcTfcllk","mO5vP_iNUMI","WS7f5xpGYn8","RHUxyXZBXY8","szaJ5aW-LUs","ydPYNo8o-lI","RlSzahonkTk","M0X3jVSVzao","Bzu4G8uZs-4","4OiHwMtKwis","nuKhpdLgR2U","T3E6AKDbI2Y","ItL6vcUrpUs","alRtHXnZMOI","cntsqw7XOF0","G5V0rsKkMDo","ox7RsX1Ee34","cMD63TwzB1o"]}
{"category_id":"10","end_day":"17.31.12","number_of_videos":72,"start_day":"17.25.12","total_views":98735730,"video_id":["ox7RsX1Ee34","3ATQvgkXT9E","cMD63TwzB1o","ItL6vcUrpUs","4OiHwMtKwis","WS7f5xpGYn8","tLOl3s0uIM4","l_lblj8Cq0o","zi_6oaQyckM","alRtHXnZMOI","X8sSXU-J8fI","RHUxyXZBXY8","szaJ5aW-LUs","RlSzahonkTk","M0X3jVSVzao","ydPYNo8o-lI","t6Bi_0q_17Y","cntsqw7XOF0","Bzu4G8uZs-4","nuKhpdLgR2U","y-CvcTfcllk","T3E6AKDbI2Y","hW9ScsV6QJ0","zXHUHx4R9kI","HL1LiSiBPMo","CHXD9k19q1Y","Oapebl0bADA","AenmqoozqoA","prmQgSpV3fA","MvIwx0JThsk","u_OO9taOvG8","4W_YgNW7gs0","KjHan6D3O3g","oQxKEtoHygY","4cucHc2vef4","G5V0rsKkMDo","66kn6Dcr12E","sJWu8sMMh0U","DkXD5949qqQ","kwraJAssyuE","FofCwLXknq8","5ZoKBdxhXpw","qJKgfOUUrZo","mHL8xhktzDc","jNStfcyNrOI","8Y4eFnLRIzI","P9Ijqa_2eu0","c84hT_DseRg","Cd8UxUlqaZ8","QClzlZTXj4Y","mO5vP_iNUMI","KP0r5LSbWL4","xp0m08eOD5U","Eeb2CgoSt9M","MVyJZfFH9GI","wJ7ffCNtCKE","2cosj7UeQoY","Ku-WC1EaPXI","bUMWiiOlee4","c7gO55FhKUQ","leu-cTvMWTA","sm7_baYCIkQ","ryr75N0nki0","WZEFya56qPw","cIQKKzZtWwQ","61SWGdZ2p2M","zbyu6MOzpLE","o31pGcwUmCM","wV8HedOp17k","REbjfHF0N0s","yDo3Ketyb3w","_t0LX_Of33U"]}
{"category_id":"10","end_day":"18.07.01","number_of_videos":76,"start_day":"18.01.01","total_views":133741464,"video_id":["PjqKPHZJgF0","VQhIUzPJi8o","zbyu6MOzpLE","61SWGdZ2p2M","yDo3Ketyb3w","Q48VduIflPk","o31pGcwUmCM","u_SA2QkZd24","REbjfHF0N0s","qZwEZOuSEI8","wV8HedOp17k","c7gO55FhKUQ","ryr75N0nki0","sm7_baYCIkQ","WZEFya56qPw","3ATQvgkXT9E","2cosj7UeQoY","cMD63TwzB1o","ItL6vcUrpUs","tLOl3s0uIM4","4OiHwMtKwis","WS7f5xpGYn8","_t0LX_Of33U","l_lblj8Cq0o","zi_6oaQyckM","alRtHXnZMOI","X8sSXU-J8fI","RHUxyXZBXY8","M0X3jVSVzao","RlSzahonkTk","cIQKKzZtWwQ","ydPYNo8o-lI","szaJ5aW-LUs","cntsqw7XOF0","Bzu4G8uZs-4","Ku-WC1EaPXI","nuKhpdLgR2U","y-CvcTfcllk","T3E6AKDbI2Y","hW9ScsV6QJ0","bUMWiiOlee4","zXHUHx4R9kI","HL1LiSiBPMo","CHXD9k19q1Y","AenmqoozqoA","Oapebl0bADA","prmQgSpV3fA","MvIwx0JThsk","u_OO9taOvG8","4W_YgNW7gs0","KjHan6D3O3g","oQxKEtoHygY","AfC2pHj0VZA","uD6IkyLMNkQ","tiH07VpwSLY","DfYRIN3U3SU","bVU-MmJZFFA","5zP4yWzb24M","TVARgV7H4xw","IXNrHusLXoM","WAuSHwVwvzk","Lu7a7zKbJo0","LsoLEjrDogU","12B8DNBoYRA","GfCqMv--ncA","G4MtkhJehhk","KQT32vW61eI","gA-NDZb29I4","mBrdEYW0Vno","D0aAYfRBVik","S10azlzvS_8","uaa5x5UwF6Q","ZdtobM01EHM","NzrQg6TMd6c","NXNM0dTzHOE","w9dOyO1QM5Q"]}
{"category_id":"10","end_day":"18.14.01","number_of_videos":82,"start_day":"18.08.01","total_views":133551771,"video_id":["gA-NDZb29I4","LsoLEjrDogU","GfCqMv--ncA","mBrdEYW0Vno","G4MtkhJehhk","KQT32vW61eI","D0aAYfRBVik","NXNM0dTzHOE","S10azlzvS_8","12B8DNBoYRA","w9dOyO1QM5Q","uaa5x5UwF6Q","5zP4yWzb24M","ZdtobM01EHM","TVARgV7H4xw","tiH07VpwSLY","uD6IkyLMNkQ","IXNrHusLXoM","AfC2pHj0VZA","WAuSHwVwvzk","PjqKPHZJgF0","Lu7a7zKbJo0","VQhIUzPJi8o","zbyu6MOzpLE","61SWGdZ2p2M","yDo3Ketyb3w","NzrQg6TMd6c","Q48VduIflPk","u_SA2QkZd24","o31pGcwUmCM","qZwEZOuSEI8","REbjfHF0N0s","ryr75N0nki0","wV8HedOp17k","c7gO55FhKUQ","sm7_baYCIkQ","3ATQvgkXT9E","2cosj7UeQoY","cMD63TwzB1o","ItL6vcUrpUs","tLOl3s0uIM4","DfYRIN3U3SU","l_lblj8Cq0o","_t0LX_Of33U","4OiHwMtKwis","zi_6oaQyckM","X8sSXU-J8fI","alRtHXnZMOI","RHUxyXZBXY8","ydPYNo8o-lI","RlSzahonkTk","cIQKKzZtWwQ","szaJ5aW-LUs","cntsqw7XOF0","Bzu4G8uZs-4","nuKhpdLgR2U","ys2x8oOK7wE","VONVWm2X4JI","k5TqNsr6YuQ","8BQqX3bUqtY","wH-by1ydBTM","k3zmNrf0Eog","WyWqEFeKX2E","lVNt1sUWyDU","wQ_POfToaVY","FVRPzwb1Vi4","R8QG7nf5IXQ","NuhhbcLyWWo","7YiQ0-SBbT0","aCYf-NK3pxQ","1EC8lBwroOc","zcJ8BTAGqE0","NdqLiIaZoeo","XmNm5e3AAjY","Sy3ERg7OCWo","_804kr2rMrQ","dfnCAmr569k","Mgfe5tIwOj0","gu9_m0vm7fM","b7K_lbglfI4","Q-oM2BQ8Jow","Htu3va7yDMg"]}
{"category_id":"10","end_day":"18.21.01","number_of_videos":88,"start_day":"18.15.01","total_views":199061563,"video_id":["Mgfe5tIwOj0","dfnCAmr569k","gu9_m0vm7fM","zQYarS9LYgk","b7K_lbglfI4","k5TqNsr6YuQ","Q-oM2BQ8Jow","Htu3va7yDMg","8BQqX3bUqtY","FVRPzwb1Vi4","wH-by1ydBTM","KFHru5tiDng","R8QG7nf5IXQ","wQ_POfToaVY","WyWqEFeKX2E","SHI6LfICx6k","PcYhtiJneHg","lVNt1sUWyDU","aCYf-NK3pxQ","7YiQ0-SBbT0","5LCjvpjhf_4","NuhhbcLyWWo","1EC8lBwroOc","zcJ8BTAGqE0","ys2x8oOK7wE","VONVWm2X4JI","NdqLiIaZoeo","XmNm5e3AAjY","Sy3ERg7OCWo","gA-NDZb29I4","LsoLEjrDogU","_804kr2rMrQ","mBrdEYW0Vno","GfCqMv--ncA","G4MtkhJehhk","KQT32vW61eI","D0aAYfRBVik","NXNM0dTzHOE","S10azlzvS_8","uaa5x5UwF6Q","12B8DNBoYRA","w9dOyO1QM5Q","TVARgV7H4xw","tiH07VpwSLY","IXNrHusLXoM","uD6IkyLMNkQ","AfC2pHj0VZA","WAuSHwVwvzk","PjqKPHZJgF0","Lu7a7zKbJo0","VQhIUzPJi8o","YXTzMOmmEfE","S0nbOenwCLw","M1fKcktiPuk","-CCw4ZzOGlI","RanHW12ZP5o","eACohWVwTOc","qQFPikYSalg","X6SaVOLRcF4","iyOY5nAtLuM","900X9fDFLc4","IORxFXptCWw","uexk7jWXYmU","ya6CQrFacIY","VswT01nKLLA","Cy44KlXh6Co","ty-AFKiiTRA","Xo8FPXlI3CU","JWH5KE1atAg","w7kjFVvgiDY","gaEPYljtIAw","M4vnmgZLA8s","vAh7jTAkCKc","_zu53yAoTJE","sGIm0-dQd8M","liczsmUSMA4","Y0MjGxKe888","za_7j4vSRyA","wYeMe6_ISKc","l3vbvF8bQfI","2kCbFmjEi6A","oRSVrtKph_k","m-Q0Ng61bT4","QM9xgHibvzM","rll790aP60Q","tTlxjhG7SOI","idD1C2-ISlo","miY8hckQPwc"]}
{"category_id":"10","end_day":"18.28.01","number_of_videos":90,"start_day":"18.22.01","total_views":159436718,"video_id":["DnSO5Uhobvo","gaEPYljtIAw","q260bjSiyq0","vAh7jTAkCKc","l3vbvF8bQfI","liczsmUSMA4","M4vnmgZLA8s","m-Q0Ng61bT4","sGIm0-dQd8M","QM9xgHibvzM","eACohWVwTOc","_zu53yAoTJE","VhMW87avFIM","2kCbFmjEi6A","idD1C2-ISlo","yl2GaxVGUaI","oRSVrtKph_k","X6SaVOLRcF4","tTlxjhG7SOI","rll790aP60Q","qQFPikYSalg","XTTf2fmh_QM","900X9fDFLc4","Y0MjGxKe888","S0nbOenwCLw","IORxFXptCWw","M1fKcktiPuk","Cy44KlXh6Co","uexk7jWXYmU","iyOY5nAtLuM","ya6CQrFacIY","miY8hckQPwc","za_7j4vSRyA","ty-AFKiiTRA","Xo8FPXlI3CU","Mgfe5tIwOj0","JWH5KE1atAg","dfnCAmr569k","gu9_m0vm7fM","zQYarS9LYgk","b7K_lbglfI4","Htu3va7yDMg","8BQqX3bUqtY","Q-oM2BQ8Jow","FVRPzwb1Vi4","YXTzMOmmEfE","KFHru5tiDng","R8QG7nf5IXQ","-CCw4ZzOGlI","wQ_POfToaVY","lVNt1sUWyDU","WyWqEFeKX2E","5LCjvpjhf_4","SHI6LfICx6k","aCYf-NK3pxQ","uUCdUCxTjyI","hYc95vB-nT4","I92OeEHWmTc","xnZA52oTp6M","JAqQ8Myx-1c","flqzJnOehOU","Lj6Y6JCu-l4","5x-d3pabd5o","J41qe-TM1DY","lYATz3STgew","KVw7fdB8gXM","3ChgRbqGi-E","9r6NI9m_IxM","N0I2u6DKnwI","p9zTSvEpt_8","v9ea5VDQfXg","qxXZF60EPdM","ArVEH6KS6dA","fW_SW-EwVRI","P1nCVWBTays","9f5zD7ZSNpQ","pjTj-_55WZ8","yN7N0P2TxHQ","vecSVX1QYbQ","FOLQlEh1D20","RQUuqbzQVsY","zkG4Xpz6t68","D18e8aU-UWs","9vDdx1dba6c","48-pr5-G6Pw","ewm0y9nL--Q","bYXM3uz1bjM","ycPdNnpVE08","4qOeuzeNfQ8","Sf2ttFEyptg"]}
{"category_id":"10","end_day":"18.04.02","number_of_videos":89,"start_day":"18.29.01","total_views":136721955,"video_id":["RQUuqbzQVsY","zkG4Xpz6t68","48-pr5-G6Pw","pjTj-_55WZ8","9f5zD7ZSNpQ","D18e8aU-UWs","9vDdx1dba6c","yN7N0P2TxHQ","ewm0y9nL--Q","bYXM3uz1bjM","vecSVX1QYbQ","3ChgRbqGi-E","9r6NI9m_IxM","Lj6Y6JCu-l4","PNsUgvkjviY","N0I2u6DKnwI","ycPdNnpVE08","R-lhShtMfvQ","p9zTSvEpt_8","5x-d3pabd5o","FOLQlEh1D20","tP_Dk81f9fg","fW_SW-EwVRI","4qOeuzeNfQ8","Sp81sTev4cw","P1nCVWBTays","qxXZF60EPdM","uUCdUCxTjyI","J41qe-TM1DY","1XvdgeXuyPs","mTKCKBu8CLI","ArVEH6KS6dA","I92OeEHWmTc","DnSO5Uhobvo","Geg4yDxZZDs","q260bjSiyq0","liczsmUSMA4","vAh7jTAkCKc","l3vbvF8bQfI","M4vnmgZLA8s","xnZA52oTp6M","gaEPYljtIAw","sGIm0-dQd8M","2kCbFmjEi6A","QM9xgHibvzM","_zu53yAoTJE","eACohWVwTOc","X6SaVOLRcF4","yl2GaxVGUaI","rll790aP60Q","oRSVrtKph_k","rQWZK5U233s","JAqQ8Myx-1c","tTlxjhG7SOI","HI-mXMr8glQ","L4KiF0gHpvU","lpzJNwur6Zk","51cbHTKdILA","IVW7-k7pHE4","5-rHVxhQUJA","eQPoVNrCZTk","C59j0Rmucss","wfWkmURBNv8","SPNsGbjXVwY","M2zrC1QF7Zo","QcFZLREWnBU","M3mJkSqZbX4","c1cvDqM_CMg","Qf24J2Twws4","lYATz3STgew","-BDImdAfodA","LHUKKrcXfJs","sJGgV3p8JzY","pj6k-EFxqAI","Gc71AmT_b2k","E9za4QHGnqQ","qtTM2YV3bI8","GJTtiYMdMtk","K5xERXE7pxI","tEnCoocmPQM","baj6llvgpWA","MEYmQlWBeAE","0uJUW24505E","JVDyowAzBrU","BJeCOo_CRyE","dfeEwt5_jsQ","rNYduKIyEvA","sD9_l3oDOag","wdQeKqYrhjU"]}
{"category_id":"10","end_day":"18.11.02","number_of_videos":75,"start_day":"18.05.02","total_views":224470117,"video_id":["upIaeqJEA2I","K5xERXE7pxI","tEnCoocmPQM","baj6llvgpWA","LxoGNkLpgZk","MEYmQlWBeAE","0uJUW24505E","-BDImdAfodA","JVDyowAzBrU","BJeCOo_CRyE","pj6k-EFxqAI","LHUKKrcXfJs","sJGgV3p8JzY","Gc71AmT_b2k","dfeEwt5_jsQ","wfWkmURBNv8","rNYduKIyEvA","HI-mXMr8glQ","M2zrC1QF7Zo","M3mJkSqZbX4","qtTM2YV3bI8","lpzJNwur6Zk","zkG4Xpz6t68","48-pr5-G6Pw","pjTj-_55WZ8","D18e8aU-UWs","9f5zD7ZSNpQ","GJTtiYMdMtk","bYXM3uz1bjM","9vDdx1dba6c","yN7N0P2TxHQ","Qf24J2Twws4","vecSVX1QYbQ","3ChgRbqGi-E","ewm0y9nL--Q","sD9_l3oDOag","FOLQlEh1D20","5x-d3pabd5o","lYATz3STgew","ArVEH6KS6dA","Geg4yDxZZDs","C59j0Rmucss","vAh7jTAkCKc","liczsmUSMA4","sGIm0-dQd8M","l3vbvF8bQfI","gaEPYljtIAw","QM9xgHibvzM","eACohWVwTOc","TnCa71iUVxA","rQWZK5U233s","yl2GaxVGUaI","X6SaVOLRcF4","tTlxjhG7SOI","2kCbFmjEi6A","m-Q0Ng61bT4","z2GvJtzn41E","S0nbOenwCLw","_zu53yAoTJE","900X9fDFLc4","uexk7jWXYmU","IORxFXptCWw","M1fKcktiPuk","aMGQgC5yV-o","JQbjS0_ZfJ0","OTHHeIAYfuU","4uTNVumfm84","NsJkUfrqLzY","ABLsSWE06q4","p55AlBd8XDU","6OcOO1k-vGE","NV-3s2wwC8c","VA7Y_Psp5l4","v_Gdg-fEz6k","AQNj9fMnzDo"]}
{"category_id":"10","end_day":"18.18.02","number_of_videos":79,"start_day":"18.12.02","total_views":283681522,"video_id":["NV-3s2wwC8c","VA7Y_Psp5l4","4uTNVumfm84","NsJkUfrqLzY","v_Gdg-fEz6k","9TRjE7i0ERY","JQbjS0_ZfJ0","ABLsSWE06q4","OTHHeIAYfuU","p55AlBd8XDU","upIaeqJEA2I","xmxEuQXTHUU","aMGQgC5yV-o","tEnCoocmPQM","baj6llvgpWA","LxoGNkLpgZk","0uJUW24505E","BJeCOo_CRyE","-BDImdAfodA","JVDyowAzBrU","AQNj9fMnzDo","wfWkmURBNv8","Gc71AmT_b2k","LHUKKrcXfJs","sJGgV3p8JzY","dfeEwt5_jsQ","6OcOO1k-vGE","rNYduKIyEvA","HI-mXMr8glQ","M2zrC1QF7Zo","M3mJkSqZbX4","qtTM2YV3bI8","lpzJNwur6Zk","zkG4Xpz6t68","pjTj-_55WZ8","9f5zD7ZSNpQ","GJTtiYMdMtk","D18e8aU-UWs","yN7N0P2TxHQ","9vDdx1dba6c","sD9_l3oDOag","vecSVX1QYbQ","3ChgRbqGi-E","bYXM3uz1bjM","ewm0y9nL--Q","5x-d3pabd5o","FOLQlEh1D20","ArVEH6KS6dA","Geg4yDxZZDs","vAh7jTAkCKc","sGIm0-dQd8M","liczsmUSMA4","l3vbvF8bQfI","gaEPYljtIAw","7R1N-8SoqcM","lYATz3STgew","9S1Gc1nSXd4","n1PrGpIekYY","0ldBURP-cWo","L0xKz5TsYb0","wfWIs2gFTAM","sZoZryCb0P0","d7gOtEwaJzw","VwAnsAUYnw4","wIimU5-UEPc","kLpH1nSLJSs","_hMQe2U4c6w","08qd-vsHbaY","A_xWDAbnBSU","XUqRem0W8L8","jzD_yyEcp0M","xYtsL9znopI","A9k89DYdHKQ","7RZzxbZ6WWY","m4-sL1r9i1I","AOvCyD9bbDM","HMKoFuOzkxc","h6Yx7IIl8iY","gZItyr1SNjU"]}
{"category_id":"10","end_day":"18.25.02","number_of_videos":85,"start_day":"18.19.02","total_views":340132547,"video_id":["XUqRem0W8L8","0AUFyFEt35g","jzD_yyEcp0M","xYtsL9znopI","VwAnsAUYnw4","_hMQe2U4c6w","A9k89DYdHKQ","wfWIs2gFTAM","iqsQ0KHImrU","7RZzxbZ6WWY","m4-sL1r9i1I","wIimU5-UEPc","kLpH1nSLJSs","AOvCyD9bbDM","sZoZryCb0P0","08qd-vsHbaY","HMKoFuOzkxc","9S1Gc1nSXd4","n1PrGpIekYY","NV-3s2wwC8c","h6Yx7IIl8iY","A_xWDAbnBSU","4uTNVumfm84","VA7Y_Psp5l4","0ldBURP-cWo","9TRjE7i0ERY","v_Gdg-fEz6k","JQbjS0_ZfJ0","ABLsSWE06q4","d7gOtEwaJzw","OTHHeIAYfuU","p55AlBd8XDU","L0xKz5TsYb0","xmxEuQXTHUU","aMGQgC5yV-o","gZItyr1SNjU","tEnCoocmPQM","baj6llvgpWA","LxoGNkLpgZk","0uJUW24505E","AQNj9fMnzDo","BJeCOo_CRyE","-BDImdAfodA","JVDyowAzBrU","Gc71AmT_b2k","wfWkmURBNv8","LHUKKrcXfJs","sJGgV3p8JzY","6OcOO1k-vGE","rNYduKIyEvA","M3mJkSqZbX4","M2zrC1QF7Zo","qtTM2YV3bI8","lpzJNwur6Zk","zkG4Xpz6t68","pjTj-_55WZ8","GJTtiYMdMtk","9f5zD7ZSNpQ","D18e8aU-UWs","sD9_l3oDOag","yN7N0P2TxHQ","vecSVX1QYbQ","3ChgRbqGi-E","JeRtUXTQ_aQ","bYXM3uz1bjM","5x-d3pabd5o","STEUAcTmXTg","XZ-IYxacK3I","Xg_4tbLnIOc","k1xvol1SCx8","xpVfcZ0ZcFM","EcFJbKJxjDA","VTzD0jNdrmo","tGRzz0oqgUE","l-2xdJWnDv4","y5MKhfqMHX8","6QtjdDiMLVg","elwTgpHlty0","HBfEf9MsRr4","TXHB9wL4WFg","GEsK9GudV2M","r1CMjQ0QJ1E","-5aaJJQFvOg","wrvN87l3s08","YtKap-E0OGM"]}
{"category_id":"10","end_day":"18.04.03","number_of_videos":84,"start_day":"18.26.02","total_views":350338453,"video_id":["elwTgpHlty0","tGRzz0oqgUE","TXHB9wL4WFg","GEsK9GudV2M","HBfEf9MsRr4","-5aaJJQFvOg","r1CMjQ0QJ1E","wrvN87l3s08","XZ-IYxacK3I","l-2xdJWnDv4","xpVfcZ0ZcFM","JeRtUXTQ_aQ","STEUAcTmXTg","Xg_4tbLnIOc","EcFJbKJxjDA","jzD_yyEcp0M","xYtsL9znopI","_hMQe2U4c6w","VwAnsAUYnw4","wfWIs2gFTAM","iqsQ0KHImrU","m4-sL1r9i1I","kLpH1nSLJSs","p03TIGqEc8o","AOvCyD9bbDM","sZoZryCb0P0","08qd-vsHbaY","HMKoFuOzkxc","9S1Gc1nSXd4","h6Yx7IIl8iY","NV-3s2wwC8c","VTzD0jNdrmo","A_xWDAbnBSU","4uTNVumfm84","0ldBURP-cWo","9TRjE7i0ERY","JQbjS0_ZfJ0","ABLsSWE06q4","d7gOtEwaJzw","OTHHeIAYfuU","L0xKz5TsYb0","xSMA4LZESY0","YtKap-E0OGM","upIaeqJEA2I","p55AlBd8XDU","xmxEuQXTHUU","gZItyr1SNjU","aMGQgC5yV-o","baj6llvgpWA","tEnCoocmPQM","LxoGNkLpgZk","0uJUW24505E","AQNj9fMnzDo","-BDImdAfodA","BJeCOo_CRyE","Gc71AmT_b2k","JVDyowAzBrU","wfWkmURBNv8","LHUKKrcXfJs","sJGgV3p8JzY","6QtjdDiMLVg","rNYduKIyEvA","M3mJkSqZbX4","M2zrC1QF7Zo","qtTM2YV3bI8","lpzJNwur6Zk","pjTj-_55WZ8","E-u9uo0laA8","BQ31l1gPGKM","JNkTNAknE4I","73_OWzBr8Fo","-7tSTUR7FG0","YZrtSdRS3cs","SFKPktgfQdI","A70B_LKyOrU","T3hXC5yNZOc","OK3GJ0WIQ8s","_KBc4B5JFoQ","_I_D_8Z4sJE","xuAH21DkJow","kton-qrKNLc","2UByqalCfnk","8q1NFlE17qs","MGYJuETPQEg"]}
{"category_id":"10","end_day":"18.11.03","number_of_videos":88,"start_day":"18.05.03","total_views":391858363,"video_id":["_I_D_8Z4sJE","XP32nDUMYS8","xuAH21DkJow","kton-qrKNLc","2UByqalCfnk","T3hXC5yNZOc","OK3GJ0WIQ8s","8q1NFlE17qs","SFKPktgfQdI","A70B_LKyOrU","BQ31l1gPGKM","-7tSTUR7FG0","73_OWzBr8Fo","YZrtSdRS3cs","MGYJuETPQEg","elwTgpHlty0","tGRzz0oqgUE","TXHB9wL4WFg","GEsK9GudV2M","JNkTNAknE4I","-5aaJJQFvOg","r1CMjQ0QJ1E","wrvN87l3s08","JeRtUXTQ_aQ","XZ-IYxacK3I","xpVfcZ0ZcFM","STEUAcTmXTg","jzD_yyEcp0M","xYtsL9znopI","_hMQe2U4c6w","VwAnsAUYnw4","_KBc4B5JFoQ","wfWIs2gFTAM","iqsQ0KHImrU","p03TIGqEc8o","kLpH1nSLJSs","m4-sL1r9i1I","AOvCyD9bbDM","sZoZryCb0P0","08qd-vsHbaY","9S1Gc1nSXd4","h6Yx7IIl8iY","NV-3s2wwC8c","A_xWDAbnBSU","VTzD0jNdrmo","4uTNVumfm84","ABLsSWE06q4","JQbjS0_ZfJ0","9TRjE7i0ERY","d7gOtEwaJzw","OTHHeIAYfuU","L0xKz5TsYb0","xSMA4LZESY0","YtKap-E0OGM","p55AlBd8XDU","xmxEuQXTHUU","gZItyr1SNjU","aMGQgC5yV-o","baj6llvgpWA","tEnCoocmPQM","0uJUW24505E","-BDImdAfodA","Wd_idMpg_qQ","AE5PqQ_6V5Y","EgEljsUNCe4","RQm0nKoODo4","8O_MwlZ2dEg","aq-phmpUJ_E","2NlNEj2mCIg","uK7JtrAog3U","0XElmYomloA","37lXjnflt9M","_AsPY1bQx70","y0PMqR7IbAQ","SphTGtDlhHw","O8hm2Ml-pA8","LjUXm0Zy_dk","kP3xrSPYi-0","LJjsm6CVsG8","VloKUNlNG2s","ir0G79oHXMc","oSZDe6CrfN4","NAirxs9Io4k","zTIoErJmsp4","zVVrfqwA5lQ","WX_0qCyFaeM","sFLTqo2emQ8","UaAHl_m_ybk"]}
{"category_id":"10","end_day":"18.18.03","number_of_videos":95,"start_day":"18.12.03","total_views":385286803,"video_id":["tCXGJQYZ9JA","oSZDe6CrfN4","O8hm2Ml-pA8","ir0G79oHXMc","zTIoErJmsp4","SphTGtDlhHw","NAirxs9Io4k","37lXjnflt9M","_yiQHtBFYkg","zVVrfqwA5lQ","_AsPY1bQx70","WX_0qCyFaeM","z85JsxyICg8","LjUXm0Zy_dk","kP3xrSPYi-0","LJjsm6CVsG8","8O_MwlZ2dEg","aq-phmpUJ_E","RQm0nKoODo4","sFLTqo2emQ8","y0PMqR7IbAQ","Wd_idMpg_qQ","2NlNEj2mCIg","_I_D_8Z4sJE","XP32nDUMYS8","2UByqalCfnk","xuAH21DkJow","kton-qrKNLc","AE5PqQ_6V5Y","T3hXC5yNZOc","8q1NFlE17qs","uK7JtrAog3U","AHwZBYCwxPY","A70B_LKyOrU","BQ31l1gPGKM","73_OWzBr8Fo","-7tSTUR7FG0","MGYJuETPQEg","elwTgpHlty0","VloKUNlNG2s","tGRzz0oqgUE","UaAHl_m_ybk","0XElmYomloA","TXHB9wL4WFg","GEsK9GudV2M","JNkTNAknE4I","-5aaJJQFvOg","wrvN87l3s08","r1CMjQ0QJ1E","xpVfcZ0ZcFM","JeRtUXTQ_aQ","STEUAcTmXTg","jzD_yyEcp0M","xYtsL9znopI","_hMQe2U4c6w","VwAnsAUYnw4","_KBc4B5JFoQ","wfWIs2gFTAM","p03TIGqEc8o","kLpH1nSLJSs","m4-sL1r9i1I","AOvCyD9bbDM","sZoZryCb0P0","08qd-vsHbaY","9S1Gc1nSXd4","NV-3s2wwC8c","A_xWDAbnBSU","VTzD0jNdrmo","4uTNVumfm84","ABLsSWE06q4","JQbjS0_ZfJ0","9TRjE7i0ERY","d7gOtEwaJzw","L0xKz5TsYb0","OTHHeIAYfuU","8OARiNiJ_w8","fTK0hhBiCgA","PGMR2A1_9pE","wowAOdTYqw8","95Rzsn-zjr0","6sHIq41sI-w","sS0LCjOiIhc","byGeEw9tRh8","gegW-vR_UHo","nCWKrEA4FBw","1SnWTW6YXbE","XGd1dq1BatM","XvIpLfV5GKo","Iwz4P8HfGVM","7GD1oeLeGUU","6oHn_mmeUOc","pgN-vvVVxMA","LPTlvQ1Zet0","_qQsPw4CqUI","HPc8QMycGno"]}
{"category_id":"10","end_day":"18.25.03","number_of_videos":100,"start_day":"18.19.03","total_views":395632626,"video_id":["fGqdIPer-ms","fzCct3j-pH8","wjdXv3bOtqc","XvIpLfV5GKo","Iwz4P8HfGVM","1SnWTW6YXbE","XGd1dq1BatM","8OARiNiJ_w8","7GD1oeLeGUU","6oHn_mmeUOc","fTK0hhBiCgA","PGMR2A1_9pE","tCXGJQYZ9JA","95Rzsn-zjr0","wowAOdTYqw8","6sHIq41sI-w","sS0LCjOiIhc","byGeEw9tRh8","Ph54wQG8ynk","O8hm2Ml-pA8","gegW-vR_UHo","oSZDe6CrfN4","ir0G79oHXMc","SphTGtDlhHw","NAirxs9Io4k","37lXjnflt9M","zTIoErJmsp4","_AsPY1bQx70","zVVrfqwA5lQ","LJjsm6CVsG8","LjUXm0Zy_dk","kP3xrSPYi-0","nCWKrEA4FBw","8O_MwlZ2dEg","aq-phmpUJ_E","RQm0nKoODo4","sFLTqo2emQ8","y0PMqR7IbAQ","Wd_idMpg_qQ","pgN-vvVVxMA","LPTlvQ1Zet0","_I_D_8Z4sJE","XP32nDUMYS8","_qQsPw4CqUI","xuAH21DkJow","kton-qrKNLc","2UByqalCfnk","T3hXC5yNZOc","8q1NFlE17qs","AHwZBYCwxPY","BQ31l1gPGKM","73_OWzBr8Fo","HPc8QMycGno","MGYJuETPQEg","elwTgpHlty0","VloKUNlNG2s","tGRzz0oqgUE","0XElmYomloA","UaAHl_m_ybk","TXHB9wL4WFg","GEsK9GudV2M","wrvN87l3s08","-5aaJJQFvOg","r1CMjQ0QJ1E","xpVfcZ0ZcFM","JeRtUXTQ_aQ","xYtsL9znopI","VwAnsAUYnw4","_KBc4B5JFoQ","p03TIGqEc8o","kLpH1nSLJSs","sZoZryCb0P0","AOvCyD9bbDM","08qd-vsHbaY","9S1Gc1nSXd4","e9byydi6cns","N2MHDzMcGpg","pmMjkMtpnTc","jnQ4V-wajLY","dx9mF1KJr0s","O-fydBL9g_k","H95362B0YOg","JNkTNAknE4I","aZUopuhqwCM","HgknAaKNaMM","Q9vZHbcx6cQ","jVXauWq9Hwg","IlkBLwl4aBM","eeOnYPobY_g","2aQykuIaJVI","YGXiVHTy0JE","7WbdxpZ6Khc","8iFGgfJiLsg","9XaS93WMRQQ","au2n7VVGv_c","gNTIOZ3jJJo","DqSBQqj94JU","zwEn-ambXLw","ToY6sjSV8h8","m7b8hitvfoE"]}
{"category_id":"10","end_day":"18.01.04","number_of_videos":104,"start_day":"18.26.03","total_views":323477551,"video_id":["au2n7VVGv_c","gNTIOZ3jJJo","jVXauWq9Hwg","IlkBLwl4aBM","DqSBQqj94JU","aZUopuhqwCM","jMf16G4kZUo","zwEn-ambXLw","jnQ4V-wajLY","eeOnYPobY_g","7WbdxpZ6Khc","fGqdIPer-ms","dx9mF1KJr0s","2aQykuIaJVI","O-fydBL9g_k","YGXiVHTy0JE","fzCct3j-pH8","N2MHDzMcGpg","H95362B0YOg","e9byydi6cns","pmMjkMtpnTc","wjdXv3bOtqc","XvIpLfV5GKo","1SnWTW6YXbE","Iwz4P8HfGVM","XGd1dq1BatM","8OARiNiJ_w8","7GD1oeLeGUU","fTK0hhBiCgA","95Rzsn-zjr0","tCXGJQYZ9JA","wowAOdTYqw8","6sHIq41sI-w","sS0LCjOiIhc","byGeEw9tRh8","Ph54wQG8ynk","gegW-vR_UHo","O8hm2Ml-pA8","oSZDe6CrfN4","SphTGtDlhHw","ir0G79oHXMc","37lXjnflt9M","8iFGgfJiLsg","zTIoErJmsp4","_AsPY1bQx70","zVVrfqwA5lQ","ToY6sjSV8h8","LJjsm6CVsG8","y0PMqR7IbAQ","LjUXm0Zy_dk","kP3xrSPYi-0","m7b8hitvfoE","nCWKrEA4FBw","8O_MwlZ2dEg","aq-phmpUJ_E","RQm0nKoODo4","sFLTqo2emQ8","Wd_idMpg_qQ","pgN-vvVVxMA","LPTlvQ1Zet0","_I_D_8Z4sJE","HgknAaKNaMM","XP32nDUMYS8","xuAH21DkJow","kton-qrKNLc","2UByqalCfnk","T3hXC5yNZOc","8q1NFlE17qs","AHwZBYCwxPY","BQ31l1gPGKM","HPc8QMycGno","MGYJuETPQEg","9XaS93WMRQQ","elwTgpHlty0","VloKUNlNG2s","tGRzz0oqgUE","UaAHl_m_ybk","0XElmYomloA","TXHB9wL4WFg","k1xvol1SCx8","JNkTNAknE4I","wrvN87l3s08","-5aaJJQFvOg","r1CMjQ0QJ1E","HE8SYbMsm0E","qE-gdNIL8WI","R9q5lBy2w1E","f55HngFE9YM","kMRe5A215xs","bFbOHqCpeFs","EhSXsTSNDyo","L_SyKf-ETlY","buUazE5BR38","2nUW3nIOOOg","h0xHxZpNAHw","VXa16Zl81vE","T8lWjQRhQXY","PxJrWCSJfBk","3wnHiK5sKgA","jY3lRSmdLQg","VaGcPRMY5UM","zVc-K1kKkVk","CPy0-J6pxKI","ZcCp7488puc"]}
{"category_id":"10","end_day":"18.08.04","number_of_videos":101,"start_day":"18.02.04","total_views":258126128,"video_id":["i3cN9elJWvk","VaGcPRMY5UM","zVc-K1kKkVk","CPy0-J6pxKI","T8lWjQRhQXY","ZcCp7488puc","VXa16Zl81vE","h0xHxZpNAHw","2nUW3nIOOOg","PxJrWCSJfBk","EhSXsTSNDyo","HE8SYbMsm0E","f55HngFE9YM","L_SyKf-ETlY","qE-gdNIL8WI","R9q5lBy2w1E","buUazE5BR38","kMRe5A215xs","au2n7VVGv_c","gNTIOZ3jJJo","bFbOHqCpeFs","DqSBQqj94JU","jVXauWq9Hwg","jY3lRSmdLQg","aZUopuhqwCM","jMf16G4kZUo","zwEn-ambXLw","jnQ4V-wajLY","O-fydBL9g_k","fGqdIPer-ms","7WbdxpZ6Khc","dx9mF1KJr0s","2aQykuIaJVI","YGXiVHTy0JE","fzCct3j-pH8","H95362B0YOg","e9byydi6cns","pmMjkMtpnTc","Iwz4P8HfGVM","XGd1dq1BatM","8OARiNiJ_w8","7GD1oeLeGUU","95Rzsn-zjr0","tCXGJQYZ9JA","wowAOdTYqw8","sS0LCjOiIhc","byGeEw9tRh8","Ph54wQG8ynk","gegW-vR_UHo","O8hm2Ml-pA8","oSZDe6CrfN4","SphTGtDlhHw","37lXjnflt9M","8iFGgfJiLsg","zTIoErJmsp4","zVVrfqwA5lQ","y0PMqR7IbAQ","_AsPY1bQx70","ToY6sjSV8h8","LJjsm6CVsG8","kP3xrSPYi-0","LjUXm0Zy_dk","m7b8hitvfoE","nCWKrEA4FBw","8O_MwlZ2dEg","RQm0nKoODo4","aq-phmpUJ_E","sFLTqo2emQ8","Wd_idMpg_qQ","pgN-vvVVxMA","LPTlvQ1Zet0","_I_D_8Z4sJE","HgknAaKNaMM","XP32nDUMYS8","xuAH21DkJow","kton-qrKNLc","2UByqalCfnk","T3hXC5yNZOc","8q1NFlE17qs","AHwZBYCwxPY","BQ31l1gPGKM","HPc8QMycGno","DKPCBAlDw2A","z4dH6hEMuwk","Eonq7PRPIqY","gUWDiXBNohY","I2sRc3j7IU0","O02MnrL_wrc","ycy30LIbq4w","PVbQrvlB_gw","xbRLc8kzNr4","_7z85ipjSwA","6_DgXvcfhYg","70pJZ9w3oGk","6uGQ_ypTw08","BNzc6hG3yN4","kX0vO4vlJuU","J75enyWdbBM","d1D1SJ-KqaQ","r-d5HI-zC3I","4DQ-2tDzJxw"]}
{"category_id":"10","end_day":"18.15.04","number_of_videos":86,"start_day":"18.09.04","total_views":50262613,"video_id":["BidS_rcf7UU","M4ZoCHID9GI","J-dv_DcDD_A","eVmxh5Uft0Y","R1TSiB9OuVM","p6E9R9qv1No","op4B9sNGi0k","9jI-z9QN6g8","PaYvlVR_BEc","ZbB4SYJNuTo","Pgd_Tgi-pbQ","vbZbnpbVc0w","fAAAZqFmDfA","i0p1bmr0EmE","ZHBYGpAlNog","U9BwWKXjVaI","8diVDS4qW6I","Bm8rz-llMhE","KQRq9FZqNj0","WtE011iVx1Q","ZEkImgh--PE","tYDmvYhQ6wI","BNzc6hG3yN4","EROqrFqHegs","6uGQ_ypTw08","4oYYVrEFWE8","J75enyWdbBM","kX0vO4vlJuU","_7z85ipjSwA","PVbQrvlB_gw","7snvaAmSHo8","d1D1SJ-KqaQ","DKPCBAlDw2A","ObRqWRfC5rA","z4dH6hEMuwk","Eonq7PRPIqY","i3cN9elJWvk","VaGcPRMY5UM","CPy0-J6pxKI","zVc-K1kKkVk","T8lWjQRhQXY","h0xHxZpNAHw","VXa16Zl81vE","4ughEPQGd8w","6_DgXvcfhYg","2nUW3nIOOOg","I2sRc3j7IU0","O02MnrL_wrc","PxJrWCSJfBk","f55HngFE9YM","EhSXsTSNDyo","qE-gdNIL8WI","HE8SYbMsm0E","TSA9VZduuZ4","R9q5lBy2w1E","au2n7VVGv_c","r-d5HI-zC3I","DqSBQqj94JU","ycy30LIbq4w","gNTIOZ3jJJo","bFbOHqCpeFs","jVXauWq9Hwg","jY3lRSmdLQg","Z5ze4CUAkE8","4DQ-2tDzJxw","ozbnTScWups","O-fydBL9g_k","aZUopuhqwCM","jnQ4V-wajLY","jMf16G4kZUo","fGqdIPer-ms","7WbdxpZ6Khc","dx9mF1KJr0s","2aQykuIaJVI","YGXiVHTy0JE","fzCct3j-pH8","H95362B0YOg","1SnWTW6YXbE","Iwz4P8HfGVM","8OARiNiJ_w8","7GD1oeLeGUU","95Rzsn-zjr0","tCXGJQYZ9JA","wowAOdTYqw8","byGeEw9tRh8","fC8gutkCu1c"]}
{"category_id":"10","end_day":"18.22.04","number_of_videos":98,"start_day":"18.16.04","total_views":317698876,"video_id":["BidS_rcf7UU","M4ZoCHID9GI","J-dv_DcDD_A","eVmxh5Uft0Y","R1TSiB9OuVM","p6E9R9qv1No","op4B9sNGi0k","9jI-z9QN6g8","ZbB4SYJNuTo","PaYvlVR_BEc","Pgd_Tgi-pbQ","vbZbnpbVc0w","i0p1bmr0EmE","fAAAZqFmDfA","ZHBYGpAlNog","U9BwWKXjVaI","8diVDS4qW6I","Bm8rz-llMhE","KQRq9FZqNj0","WtE011iVx1Q","ZEkImgh--PE","tYDmvYhQ6wI","BNzc6hG3yN4","6uGQ_ypTw08","4oYYVrEFWE8","J75enyWdbBM","kX0vO4vlJuU","_7z85ipjSwA","PVbQrvlB_gw","7snvaAmSHo8","d1D1SJ-KqaQ","DKPCBAlDw2A","ObRqWRfC5rA","z4dH6hEMuwk","Eonq7PRPIqY","i3cN9elJWvk","VaGcPRMY5UM","CPy0-J6pxKI","zVc-K1kKkVk","T8lWjQRhQXY","h0xHxZpNAHw","VXa16Zl81vE","4ughEPQGd8w","6_DgXvcfhYg","2nUW3nIOOOg","I2sRc3j7IU0","O02MnrL_wrc","PxJrWCSJfBk","EhSXsTSNDyo","f55HngFE9YM","qE-gdNIL8WI","HE8SYbMsm0E","TSA9VZduuZ4","R9q5lBy2w1E","au2n7VVGv_c","r-d5HI-zC3I","DqSBQqj94JU","ycy30LIbq4w","gNTIOZ3jJJo","jVXauWq9Hwg","jY3lRSmdLQg","Z5ze4CUAkE8","4DQ-2tDzJxw","ozbnTScWups","O-fydBL9g_k","aZUopuhqwCM","jnQ4V-wajLY","jMf16G4kZUo","fGqdIPer-ms","7WbdxpZ6Khc","dx9mF1KJr0s","2aQykuIaJVI","YGXiVHTy0JE","fzCct3j-pH8","H95362B0YOg","1SnWTW6YXbE","Iwz4P8HfGVM","8OARiNiJ_w8","7GD1oeLeGUU","95Rzsn-zjr0","tCXGJQYZ9JA","wowAOdTYqw8","byGeEw9tRh8","z5WrgDzNIZ0","DX5_o-mumvE","ki-Afm4arC0","cJzOUbYrQiY","r03V9OEJlgg","Ks6I2rtI4ms","QU8g0XNyHRw","3TCcDE4fi4Y","MctZLEYlU4s","SCq8n_hOcN8","U4fErC9skHE","ZcCp7488puc","vUTI4bPdlgE","ffxKSjUwKdU","-l6wrTvMcbY"]}
{"category_id":"10","end_day":"18.29.04","number_of_videos":110,"start_day":"18.23.04","total_views":351787105,"video_id":["vUTI4bPdlgE","ffxKSjUwKdU","MctZLEYlU4s","z5WrgDzNIZ0","DX5_o-mumvE","ki-Afm4arC0","cJzOUbYrQiY","Ks6I2rtI4ms","r03V9OEJlgg","SCq8n_hOcN8","QU8g0XNyHRw","M4ZoCHID9GI","J-dv_DcDD_A","BidS_rcf7UU","R1TSiB9OuVM","eVmxh5Uft0Y","3TCcDE4fi4Y","p6E9R9qv1No","op4B9sNGi0k","9jI-z9QN6g8","ZbB4SYJNuTo","Pgd_Tgi-pbQ","vbZbnpbVc0w","i0p1bmr0EmE","fAAAZqFmDfA","U9BwWKXjVaI","KQRq9FZqNj0","WtE011iVx1Q","ZEkImgh--PE","U4fErC9skHE","tYDmvYhQ6wI","-l6wrTvMcbY","BNzc6hG3yN4","J75enyWdbBM","6uGQ_ypTw08","4oYYVrEFWE8","kX0vO4vlJuU","PVbQrvlB_gw","_7z85ipjSwA","7snvaAmSHo8","d1D1SJ-KqaQ","J3vav5Sfhrw","DKPCBAlDw2A","z4dH6hEMuwk","i3cN9elJWvk","VaGcPRMY5UM","ZcCp7488puc","zVc-K1kKkVk","CPy0-J6pxKI","T8lWjQRhQXY","h0xHxZpNAHw","VXa16Zl81vE","4ughEPQGd8w","6_DgXvcfhYg","2nUW3nIOOOg","I2sRc3j7IU0","O02MnrL_wrc","PxJrWCSJfBk","EhSXsTSNDyo","f55HngFE9YM","qE-gdNIL8WI","HE8SYbMsm0E","TSA9VZduuZ4","R9q5lBy2w1E","au2n7VVGv_c","r-d5HI-zC3I","DqSBQqj94JU","ycy30LIbq4w","gNTIOZ3jJJo","jVXauWq9Hwg","jY3lRSmdLQg","Z5ze4CUAkE8","4DQ-2tDzJxw","ozbnTScWups","O-fydBL9g_k","aZUopuhqwCM","jnQ4V-wajLY","jMf16G4kZUo","fGqdIPer-ms","dx9mF1KJr0s","2aQykuIaJVI","YGXiVHTy0JE","H95362B0YOg","T4FAg5A4wQk","y06RDyNXqbM","uovntV3ZMDc","iPf_ifCKftc","TdyllLZeviY","fsoyuZDgkxM","Ob4Nk6gz8Ec","f5I79eakR8E","h208HbsyTzs","XYl_Zr8nvBo","Z4b6BPaO944","ufynqs_COF4","36tggrpRoTI","w9PkRku5srg","fNVUTgd4pio","CG9yQ8PXf6o","u_C4onVrr8U","efxiDBygvdg","e1YqueG2gtQ","DdLYSziSXII","ObRqWRfC5rA","KI9e5T8X4DQ","VDndE432GpU","iWZmdoY1aTE","NukmFF__G-g","Zg165-mZ7x8","sn3Ct2_L4OA"]}
{"category_id":"10","end_day":"18.06.05","number_of_videos":103,"start_day":"18.30.04","total_views":356479804,"video_id":["ING5Ygbqo_Y","iWZmdoY1aTE","NukmFF__G-g","Zg165-mZ7x8","KI9e5T8X4DQ","u_C4onVrr8U","efxiDBygvdg","ufynqs_COF4","36tggrpRoTI","e1YqueG2gtQ","w9PkRku5srg","y06RDyNXqbM","T4FAg5A4wQk","uovntV3ZMDc","DdLYSziSXII","iPf_ifCKftc","TdyllLZeviY","vUTI4bPdlgE","VDndE432GpU","Ob4Nk6gz8Ec","f5I79eakR8E","ffxKSjUwKdU","fsoyuZDgkxM","h208HbsyTzs","fNVUTgd4pio","Z4b6BPaO944","XYl_Zr8nvBo","MctZLEYlU4s","CG9yQ8PXf6o","z5WrgDzNIZ0","DX5_o-mumvE","cJzOUbYrQiY","SCq8n_hOcN8","Ks6I2rtI4ms","r03V9OEJlgg","M4ZoCHID9GI","J-dv_DcDD_A","BidS_rcf7UU","R1TSiB9OuVM","eVmxh5Uft0Y","3TCcDE4fi4Y","op4B9sNGi0k","p6E9R9qv1No","sn3Ct2_L4OA","9jI-z9QN6g8","ZbB4SYJNuTo","Pgd_Tgi-pbQ","vbZbnpbVc0w","i0p1bmr0EmE","U9BwWKXjVaI","KQRq9FZqNj0","U4fErC9skHE","ZEkImgh--PE","WtE011iVx1Q","tYDmvYhQ6wI","BNzc6hG3yN4","-l6wrTvMcbY","J75enyWdbBM","6uGQ_ypTw08","kX0vO4vlJuU","PVbQrvlB_gw","_7z85ipjSwA","d1D1SJ-KqaQ","J3vav5Sfhrw","DKPCBAlDw2A","ObRqWRfC5rA","z4dH6hEMuwk","VaGcPRMY5UM","ZcCp7488puc","CPy0-J6pxKI","T8lWjQRhQXY","h0xHxZpNAHw","4ughEPQGd8w","VXa16Zl81vE","2nUW3nIOOOg","I2sRc3j7IU0","O02MnrL_wrc","EhSXsTSNDyo","qE-gdNIL8WI","HE8SYbMsm0E","TSA9VZduuZ4","R9q5lBy2w1E","Oyf5o1zWMd0","tsp7IOr7Q9A","zvb2kBii-OU","7tm6bhXE5mQ","jdH2Sy-BlNE","Ck4xHocysLw","it-ru_UiMgE","rxmtHVSVjdo","1Nu_oGucpDI","C_ijc7A5oAc","CX11yw6YL1w","DSRSgMp5X1w","5GHXEGz3PJg","dARAN1z2KqY","EbSOKsFHwU8","wLWlmJABZOg","Wpm07-BGJnE","DkeiKbqa02g","oWw1BcFhk-k","31OMf1H5Rk0","86sFN_2kw5k"]}
{"category_id":"10","end_day":"18.13.05","number_of_videos":102,"start_day":"18.07.05","total_views":529070345,"video_id":["VYOjWnS4cMY","p8npDG2ulKQ","Wpm07-BGJnE","CX11yw6YL1w","vjI4Alon-3Q","DSRSgMp5X1w","oWw1BcFhk-k","DkeiKbqa02g","5GHXEGz3PJg","dARAN1z2KqY","31OMf1H5Rk0","rxmtHVSVjdo","wLWlmJABZOg","tcaw6lzYt1Q","tsp7IOr7Q9A","EbSOKsFHwU8","7tm6bhXE5mQ","ING5Ygbqo_Y","iWZmdoY1aTE","NukmFF__G-g","Zg165-mZ7x8","Oyf5o1zWMd0","jdH2Sy-BlNE","Ck4xHocysLw","u_C4onVrr8U","efxiDBygvdg","ufynqs_COF4","36tggrpRoTI","it-ru_UiMgE","e1YqueG2gtQ","y06RDyNXqbM","w9PkRku5srg","T4FAg5A4wQk","DdLYSziSXII","vUTI4bPdlgE","f5I79eakR8E","zEf423kYfqk","ffxKSjUwKdU","VDndE432GpU","fsoyuZDgkxM","h208HbsyTzs","fNVUTgd4pio","Z4b6BPaO944","86sFN_2kw5k","MctZLEYlU4s","z5WrgDzNIZ0","CG9yQ8PXf6o","DX5_o-mumvE","SCq8n_hOcN8","r03V9OEJlgg","Ks6I2rtI4ms","1Nu_oGucpDI","M4ZoCHID9GI","J-dv_DcDD_A","C_ijc7A5oAc","3TCcDE4fi4Y","op4B9sNGi0k","sn3Ct2_L4OA","p6E9R9qv1No","9jI-z9QN6g8","ZbB4SYJNuTo","Pgd_Tgi-pbQ","vbZbnpbVc0w","i0p1bmr0EmE","U9BwWKXjVaI","KQRq9FZqNj0","U4fErC9skHE","ZEkImgh--PE","tYDmvYhQ6wI","J75enyWdbBM","BNzc6hG3yN4","-l6wrTvMcbY","6uGQ_ypTw08","_7z85ipjSwA","d1D1SJ-KqaQ","J3vav5Sfhrw","DKPCBAlDw2A","VQhjbCxOxdo","FRjOSmc01-M","KUUjtUP2CrE","Il-an3K9pjg","zvb2kBii-OU","PVbQrvlB_gw","8h--kFui1JA","l884wKofd54","Yo0RvZZz_ds","Ibp6KqGRVbY","BZyUEu1osf8","tjA7nAHOAww","igT1QKKm2GE","icyhX6PjKjM","PfLCyR6Efvw","1ce456Nnkt8","_XyBa8QsVQU","w_Cf-LT0Ajk","IP8k2xkhOdI","LFxjwBfFIiY","4YFo4bdMO8Q","aHUmy5PvPjQ","h_GwO10HroY","iPf_ifCKftc","tlILlcCE8Sc"]}
{"category_id":"10","end_day":"18.20.05","number_of_videos":87,"start_day":"18.14.05","total_views":361439197,"video_id":["p8npDG2ulKQ","Wpm07-BGJnE","oWw1BcFhk-k","tsp7IOr7Q9A","aHUmy5PvPjQ","EbSOKsFHwU8","zvb2kBii-OU","_XyBa8QsVQU","NukmFF__G-g","Zg165-mZ7x8","Ck4xHocysLw","jdH2Sy-BlNE","u_C4onVrr8U","ufynqs_COF4","y06RDyNXqbM","e1YqueG2gtQ","T4FAg5A4wQk","DdLYSziSXII","ffxKSjUwKdU","vUTI4bPdlgE","f5I79eakR8E","iPf_ifCKftc","tlILlcCE8Sc","fNVUTgd4pio","86sFN_2kw5k","MctZLEYlU4s","DX5_o-mumvE","SCq8n_hOcN8","r03V9OEJlgg","M4ZoCHID9GI","J-dv_DcDD_A","C_ijc7A5oAc","3TCcDE4fi4Y","op4B9sNGi0k","p6E9R9qv1No","sn3Ct2_L4OA","9jI-z9QN6g8","ZbB4SYJNuTo","Pgd_Tgi-pbQ","71Es-8FfATo","BspHjvU11y4","tjA7nAHOAww","IP8k2xkhOdI","8h--kFui1JA","igT1QKKm2GE","w_Cf-LT0Ajk","Yo0RvZZz_ds","l884wKofd54","icyhX6PjKjM","Il-an3K9pjg","S1XtMT9ER0o","Ibp6KqGRVbY","VYOjWnS4cMY","VQhjbCxOxdo","FRjOSmc01-M","1ce456Nnkt8","vjI4Alon-3Q","5GHXEGz3PJg","dARAN1z2KqY","DSRSgMp5X1w","tcaw6lzYt1Q","iWZmdoY1aTE","36tggrpRoTI","zEf423kYfqk","z5WrgDzNIZ0","3rkXFyt7EXw","niviooakBLs","x-R19oA1m8w","LFxjwBfFIiY","PfLCyR6Efvw","KUUjtUP2CrE","CX11yw6YL1w","31OMf1H5Rk0","rxmtHVSVjdo","gsKjJRSmYio","WyuPSLj_6aw","2tDKp41nrw8","P3iLo_JI9oY","6YNZlXfW6Ho","uovntV3ZMDc","6SuMbFuKDf8","rDl3gAJpm_4","Vm_CmfA5gRI","9mQk7Evt6Vs","7C2z4GqqS5E","pcJo0tIWybY","UvDJ-ZdHiSg"]}
{"category_id":"10","end_day":"18.27.05","number_of_videos":85,"start_day":"18.21.05","total_views":333939245,"video_id":["7C2z4GqqS5E","pcJo0tIWybY","UvDJ-ZdHiSg","6SuMbFuKDf8","rDl3gAJpm_4","gsKjJRSmYio","WyuPSLj_6aw","3rkXFyt7EXw","niviooakBLs","71Es-8FfATo","x-R19oA1m8w","BspHjvU11y4","tjA7nAHOAww","igT1QKKm2GE","8h--kFui1JA","IP8k2xkhOdI","Vm_CmfA5gRI","Yo0RvZZz_ds","l884wKofd54","w_Cf-LT0Ajk","Ibp6KqGRVbY","Il-an3K9pjg","VYOjWnS4cMY","VQhjbCxOxdo","FRjOSmc01-M","PfLCyR6Efvw","1ce456Nnkt8","Wpm07-BGJnE","KUUjtUP2CrE","P3iLo_JI9oY","oWw1BcFhk-k","vjI4Alon-3Q","5GHXEGz3PJg","CX11yw6YL1w","dARAN1z2KqY","DkeiKbqa02g","31OMf1H5Rk0","tcaw6lzYt1Q","rxmtHVSVjdo","tsp7IOr7Q9A","aHUmy5PvPjQ","EbSOKsFHwU8","9mQk7Evt6Vs","zvb2kBii-OU","iWZmdoY1aTE","NukmFF__G-g","Ck4xHocysLw","6YNZlXfW6Ho","u_C4onVrr8U","36tggrpRoTI","y06RDyNXqbM","e1YqueG2gtQ","T4FAg5A4wQk","uovntV3ZMDc","DdLYSziSXII","ffxKSjUwKdU","vUTI4bPdlgE","f5I79eakR8E","zEf423kYfqk","iPf_ifCKftc","tlILlcCE8Sc","fNVUTgd4pio","86sFN_2kw5k","MctZLEYlU4s","DX5_o-mumvE","r03V9OEJlgg","N1HAMUAXzbs","3Q2j5ApzSqs","UKserM-i0_A","X1VzzNbfPaM","-bx_vG94LSo","7PmUtmfTmbg","aEM2kOrrNJI","mQ055hHdxbE","nyVsiKX8ojQ","W60dqZCEpiY","ErKz5mD61q4","RNlQU-7y9Fo","kFMZUxX6K6o","G3Sl2vJrmf0","hq1ijbMabsM","S0NMTuz9Duo","4KtBBzHWmTI","GfxNGjfSKRY","2PH7dK6SLC8"]}
{"category_id":"10","end_day":"18.03.06","number_of_videos":86,"start_day":"18.28.05","total_views":290276954,"video_id":["wS4ESheuHDY","RNlQU-7y9Fo","kFMZUxX6K6o","aEM2kOrrNJI","G3Sl2vJrmf0","hq1ijbMabsM","mQ055hHdxbE","S0NMTuz9Duo","sdnD09M5uj0","3Q2j5ApzSqs","UKserM-i0_A","4KtBBzHWmTI","GfxNGjfSKRY","X1VzzNbfPaM","-bx_vG94LSo","nyVsiKX8ojQ","W60dqZCEpiY","N1HAMUAXzbs","pcJo0tIWybY","7C2z4GqqS5E","7PmUtmfTmbg","UvDJ-ZdHiSg","rDl3gAJpm_4","6SuMbFuKDf8","3rkXFyt7EXw","niviooakBLs","71Es-8FfATo","x-R19oA1m8w","BspHjvU11y4","igT1QKKm2GE","tjA7nAHOAww","2PH7dK6SLC8","8h--kFui1JA","IP8k2xkhOdI","Ibp6KqGRVbY","l884wKofd54","Il-an3K9pjg","VYOjWnS4cMY","VQhjbCxOxdo","FRjOSmc01-M","PfLCyR6Efvw","1ce456Nnkt8","Wpm07-BGJnE","oWw1BcFhk-k","KUUjtUP2CrE","P3iLo_JI9oY","vjI4Alon-3Q","5GHXEGz3PJg","ErKz5mD61q4","CX11yw6YL1w","DkeiKbqa02g","dARAN1z2KqY","tcaw6lzYt1Q","31OMf1H5Rk0","rxmtHVSVjdo","tsp7IOr7Q9A","aHUmy5PvPjQ","EbSOKsFHwU8","9mQk7Evt6Vs","iWZmdoY1aTE","NukmFF__G-g","Ck4xHocysLw","6YNZlXfW6Ho","u_C4onVrr8U","36tggrpRoTI","e1YqueG2gtQ","y06RDyNXqbM","T4FAg5A4wQk","uovntV3ZMDc","DdLYSziSXII","oVruAfu53z4","LF-1zy8VII4","scLYjsvrUMk","E5yFcdPAGv0","aJOTlE1K90k","8JnfIa84TnU","VmwOMtkDxtk","xTlNMmZKwpA","2SJ0hgdciNE","YynKelHGhNc","z14A0Vblm0I","T3zm1_JSPOQ","hHaUQh6Gx-Q","D_6QmL6rExk","tml1mo26jmw","nhs0fuubs1I"]}
{"category_id":"10","end_day":"18.10.06","number_of_videos":95,"start_day":"18.04.06","total_views":280816732,"video_id":["swqmsRWM4rY","E5yFcdPAGv0","aJOTlE1K90k","8JnfIa84TnU","D_6QmL6rExk","YynKelHGhNc","z14A0Vblm0I","VmwOMtkDxtk","2SJ0hgdciNE","xTlNMmZKwpA","T3zm1_JSPOQ","hHaUQh6Gx-Q","LF-1zy8VII4","wS4ESheuHDY","scLYjsvrUMk","kFMZUxX6K6o","sdnD09M5uj0","G3Sl2vJrmf0","hq1ijbMabsM","aEM2kOrrNJI","mQ055hHdxbE","S0NMTuz9Duo","3Q2j5ApzSqs","UKserM-i0_A","4KtBBzHWmTI","GfxNGjfSKRY","X1VzzNbfPaM","-bx_vG94LSo","N1HAMUAXzbs","pcJo0tIWybY","7PmUtmfTmbg","UvDJ-ZdHiSg","rDl3gAJpm_4","6SuMbFuKDf8","3rkXFyt7EXw","niviooakBLs","71Es-8FfATo","x-R19oA1m8w","BspHjvU11y4","igT1QKKm2GE","tjA7nAHOAww","2PH7dK6SLC8","8h--kFui1JA","HbaQ9xnoMGQ","Ibp6KqGRVbY","IP8k2xkhOdI","l884wKofd54","Il-an3K9pjg","VYOjWnS4cMY","VQhjbCxOxdo","FRjOSmc01-M","1ce456Nnkt8","Wpm07-BGJnE","oWw1BcFhk-k","KUUjtUP2CrE","P3iLo_JI9oY","vjI4Alon-3Q","5GHXEGz3PJg","ErKz5mD61q4","CX11yw6YL1w","dARAN1z2KqY","tcaw6lzYt1Q","31OMf1H5Rk0","rxmtHVSVjdo","tsp7IOr7Q9A","aHUmy5PvPjQ","EbSOKsFHwU8","9mQk7Evt6Vs","nhs0fuubs1I","y5SxNJSGDTw","J1L3nDC4mEk","gsKjJRSmYio","Kbj2Zss-5GY","VY1eFxgRR-k","uSDRtVGLcWc","2MiQonPvlVM","36DAv_m8Mlw","JvVYL7s-HMc","Ytzc6ehAvOM","iQp1_GfDhwQ","BmLSua7LPR8","41PTANtZFW0","IAWI6nMQhQI","Zz_JEN74evU","3KmIMuLh4Vs","MOP50VQBdCg","AcjX4z2_Z5c","IMwganRtaPM","L9FA9U4s3Tg","g4ELX7LyXDw","JXZG_Qcm6Nw","E4c7EE8_IX0","7dGwk5-QMpc","AbEHRrq7xwU","osGl1krYP-g"]}
{"category_id":"10","end_day":"18.17.06","number_of_videos":79,"start_day":"18.11.06","total_views":83560849,"video_id":["l25AL0BdD6w","VhQmTmqcEY0","IMwganRtaPM","BmLSua7LPR8","Zz_JEN74evU","41PTANtZFW0","MOP50VQBdCg","Kbj2Zss-5GY","g4ELX7LyXDw","VY1eFxgRR-k","3KmIMuLh4Vs","AcjX4z2_Z5c","IAWI6nMQhQI","L9FA9U4s3Tg","JXZG_Qcm6Nw","36DAv_m8Mlw","uSDRtVGLcWc","2MiQonPvlVM","y5SxNJSGDTw","JvVYL7s-HMc","swqmsRWM4rY","J1L3nDC4mEk","8JnfIa84TnU","E5yFcdPAGv0","D_6QmL6rExk","z14A0Vblm0I","xTlNMmZKwpA","2SJ0hgdciNE","T3zm1_JSPOQ","hHaUQh6Gx-Q","E4c7EE8_IX0","wS4ESheuHDY","scLYjsvrUMk","Ytzc6ehAvOM","kFMZUxX6K6o","G3Sl2vJrmf0","aEM2kOrrNJI","hq1ijbMabsM","mQ055hHdxbE","S0NMTuz9Duo","UKserM-i0_A","4KtBBzHWmTI","GfxNGjfSKRY","X1VzzNbfPaM","AbEHRrq7xwU","-bx_vG94LSo","N1HAMUAXzbs","pcJo0tIWybY","7PmUtmfTmbg","UvDJ-ZdHiSg","rDl3gAJpm_4","6SuMbFuKDf8","gsKjJRSmYio","niviooakBLs","3rkXFyt7EXw","71Es-8FfATo","osGl1krYP-g","x-R19oA1m8w","BspHjvU11y4","igT1QKKm2GE","8h--kFui1JA","2PH7dK6SLC8","HbaQ9xnoMGQ","Ibp6KqGRVbY","uKxWP56VStM","l884wKofd54","IP8k2xkhOdI","Il-an3K9pjg","VQhjbCxOxdo","FRjOSmc01-M","1ce456Nnkt8","KUUjtUP2CrE","ErKz5mD61q4","Gz8KNxufA_c","IDpWeURKkbI","7uzjz51S--M","mUYsp5baMXo","1gSu12JpKP8","yEWb6bsd5lo"]}
