{"channel_title":"Disney•Pixar","description":"The teaser trailer for Incredibles 2 is here.\\n\\nDisney/Pixar's Incredibles 2 opens in theatres in 3D June 15th, 2018.\\n\\nEveryone’s favorite family of superheroes is back in “Incredibles 2” – but this time Helen (voice of Holly Hunter) is in the spotlight, leaving Bob (voice of Craig T. Nelson) at home with Violet (voice of Sarah Vowell) and Dash (voice of Huck Milner) to navigate the day-to-day heroics of “normal” life. It’s a tough transistion for everyone, made tougher by the fact that the family is still unaware of baby Jack-Jack’s emerging superpowers. When a new villain hatches a brilliant and dangerous plot, the family and Frozone (voice of Samuel L. Jackson) must find a way to work together again—which is easier said than done, even when they’re all Incredible.\\n \\nDirected by Brad Bird (“Iron Giant,” “The Incredibles”) and produced by John Walker (“The Incredibles”) and Nicole Grindle (“Sanjay’s Super Team” short, “Toy Story 3” associate producer), “Incredibles 2” busts into theaters on June 15, 2018.","id":"ZJDMWVZta3M","latest_date":"17.25.11","latest_dislikes":"11173","latest_likes":"421289","latest_views":"26072307","title":"Incredibles 2 Official Teaser Trailer","trending_days":[{"date":"17.19.11","dislikes":"2072","likes":"157941","views":"4746854"},{"date":"17.20.11","dislikes":"4684","likes":"262451","views":"9920833"},{"date":"17.21.11","dislikes":"6789","likes":"332272","views":"14478580"},{"date":"17.22.11","dislikes":"7892","likes":"369520","views":"17613871"},{"date":"17.23.11","dislikes":"8694","likes":"395711","views":"19999878"},{"date":"17.24.11","dislikes":"9540","likes":"410051","views":"22118673"},{"date":"17.25.11","dislikes":"11173","likes":"421289","views":"26072307"}]}
{"channel_title":"PostMaloneVEVO","description":"rockstar ft. 21 Savage (Official Video)\\nSong Available Here: https://PostMalone.lnk.to/rsYD \\n\\nConnect with Post Malone:\\nhttps://www.facebook.com/postmalone \\nhttps://twitter.com/postmalone \\nhttps://instagram.com/postmalone \\nhttps://soundcloud.com/postmalone \\nhttp://www.postmalone.com  \\n\\nDirector: Emil Nava\\nProducer:  MaryAnn Tanedo\\nDirector Of Photography: Kramer Morgenthau\\nEditor: Sean Fazende\\nFor Rojas Vision\\n\\nMusic video by Post Malone performing rockstar ft. 21 Savage.  © 2017 Republic Records, a division of UMG Recordings, Inc.\\n\\nhttp://vevo.ly/zMBE75","id":"UceaB4D0jpo","latest_date":"17.29.11","latest_dislikes":"34499","latest_likes":"1174338","latest_views":"34275219","title":"Post Malone - rockstar ft. 21 Savage","trending_days":[{"date":"17.22.11","dislikes":"2070","likes":"123810","views":"556200"},{"date":"17.23.11","dislikes":"13588","likes":"549729","views":"7558742"},{"date":"17.24.11","dislikes":"17999","likes":"686142","views":"11202281"},{"date":"17.25.11","dislikes":"21325","likes":"789844","views":"15162291"},{"date":"17.26.11","dislikes":"24883","likes":"899113","views":"19654814"},{"date":"17.27.11","dislikes":"28606","likes":"1011677","views":"24802714"},{"date":"17.28.11","dislikes":"31701","likes":"1100488","views":"29753467"},{"date":"17.29.11","dislikes":"34499","likes":"1174338","views":"34275219"}]}
{"channel_title":"Marvel Entertainment","description":"There was an idea… Avengers: Infinity War. In theaters May 4.\\n\\n► Subscribe to Marvel: http://bit.ly/WeO3YJ\\n\\nFollow Marvel on Twitter: ‪https://twitter.com/marvel\\nLike Marvel on FaceBook: ‪https://www.facebook.com/Marvel\\n\\nFor even more news, stay tuned to:\\nTumblr: ‪http://marvelentertainment.tumblr.com/\\nInstagram: https://www.instagram.com/marvel\\nGoogle+: ‪https://plus.google.com/+marvel\\nPinterest: ‪http://pinterest.com/marvelofficial","id":"6ZfuNTqbHE8","latest_date":"17.07.12","latest_dislikes":"53011","latest_likes":"2606665","latest_views":"89930713","title":"Marvel Studios' Avengers: Infinity War Official Trailer","trending_days":[{"date":"17.30.11","dislikes":"21972","likes":"1735931","views":"37736281"},{"date":"17.01.12","dislikes":"34078","likes":"2157741","views":"56367282"},{"date":"17.02.12","dislikes":"41154","likes":"2331359","views":"66637636"},{"date":"17.03.12","dislikes":"46172","likes":"2444960","views":"74789251"},{"date":"17.04.12","dislikes":"49170","likes":"2513103","views":"80360459"},{"date":"17.05.12","dislikes":"51008","likes":"2555414","views":"84281319"},{"date":"17.06.12","dislikes":"52176","likes":"2584675","views":"87450245"},{"date":"17.07.12","dislikes":"53011","likes":"2606665","views":"89930713"}]}
{"channel_title":"MigosVEVO","description":"Listen to MotorSport (feat. Nicki Minaj & Cardi B) everywhere here: https://Migos.lnk.to/MotorSportYD\\n\\nCulture 2 COMING SOON\\n\\nFollow Migos:\\nhttps://facebook.com/THEMigosAtl\\nhttps://twitter.com/migos\\nhttps://instagram.com/migos\\n\\nMusic video by Migos, Nicki Minaj, Cardi B performing MotorSport. (C) 2017 Quality Control Music, LLC and UMG Recordings, Inc.\\n\\nhttp://vevo.ly/ciroXn","id":"9v_rtaye2yY","latest_date":"17.14.12","latest_dislikes":"27521","latest_likes":"514356","latest_views":"20136000","title":"Migos, Nicki Minaj, Cardi B - MotorSport","trending_days":[{"date":"17.08.12","dislikes":"987","likes":"67459","views":"601001"},{"date":"17.09.12","dislikes":"9020","likes":"238398","views":"4514272"},{"date":"17.10.12","dislikes":"16708","likes":"341149","views":"8404844"},{"date":"17.11.12","dislikes":"20223","likes":"399205","views":"11300167"},{"date":"17.12.12","dislikes":"22631","likes":"440304","views":"13934414"},{"date":"17.13.12","dislikes":"25019","likes":"478518","views":"16824026"},{"date":"17.14.12","dislikes":"27521","likes":"514356","views":"20136000"}]}
{"channel_title":"GEazyMusicVEVO","description":"New Album ‘The Beautiful & Damned’ Available Everywhere http://smarturl.it/TBAD\\nGet exclusive TB&D bundles here: http://smarturl.it/TBAD/officialstore\\nSubscribe for more exclusive G-Eazy footage: http://bit.ly/GEazyYTSub\\nG-Eazy Official Site: http://g-eazy.com/\\nG-Eazy On Twitter: https://twitter.com/G_Eazy\\nG-Eazy On Facebook: https://www.facebook.com/G.Eazy\\nG-Eazy on Instagram: https://www.instagram.com/g_eazy","id":"l_lblj8Cq0o","latest_date":"17.27.12","latest_dislikes":"29570","latest_likes":"553602","latest_views":"25184395","title":"G-Eazy - No Limit REMIX ft. A$AP Rocky, Cardi B, French Montana, Juicy J, Belly","trending_days":[{"date":"17.20.12","dislikes":"3315","likes":"134874","views":"1836462"},{"date":"17.21.12","dislikes":"11130","likes":"255347","views":"5051587"},{"date":"17.22.12","dislikes":"15176","likes":"325585","views":"7729028"},{"date":"17.23.12","dislikes":"19028","likes":"394642","views":"11542143"},{"date":"17.24.12","dislikes":"22112","likes":"444887","views":"15191078"},{"date":"17.25.12","dislikes":"24877","likes":"486548","views":"18832489"},{"date":"17.26.12","dislikes":"27146","likes":"520228","views":"21993346"},{"date":"17.27.12","dislikes":"29570","likes":"553602","views":"25184395"}]}
{"channel_title":"SpaceX","description":"We have an updated version of this webcast that includes both side booster cameras and additional Starman views here: https://www.youtube.com/watch?v=bCc16uozHVE\\n\\nWhen Falcon Heavy lifts off, it will be the most powerful operational rocket in the world by a factor of two. With the ability to lift into orbit nearly 64 metric tons (141,000 lb)---a mass greater than a 737 jetliner loaded with passengers, crew, luggage and fuel--Falcon Heavy can lift more than twice the payload of the next closest operational vehicle, the Delta IV Heavy, at one-third the cost. Falcon Heavy draws upon the proven heritage and reliability of Falcon 9. \\n\\nIts first stage is composed of three Falcon 9 nine-engine cores whose 27 Merlin engines together generate more than 5 million pounds of thrust at liftoff, equal to approximately eighteen 747 aircraft. Only the Saturn V moon rocket, last flown in 1973, delivered more payload to orbit. Falcon Heavy was designed from the outset to carry humans into space and restores the possibility of flying missions with crew to the Moon or Mars.","id":"wbSwFU6tY1c","latest_date":"18.13.02","latest_dislikes":"12230","latest_likes":"379285","latest_views":"19994026","title":"Falcon Heavy Test Flight","trending_days":[{"date":"18.07.02","dislikes":"2557","likes":"199462","views":"10582444"},{"date":"18.08.02","dislikes":"7802","likes":"300312","views":"14816949"},{"date":"18.09.02","dislikes":"9761","likes":"338792","views":"16806832"},{"date":"18.10.02","dislikes":"10894","likes":"358133","views":"18026231"},{"date":"18.11.02","dislikes":"11550","likes":"369244","views":"18898278"},{"date":"18.12.02","dislikes":"12005","likes":"375777","views":"19453342"},{"date":"18.13.02","dislikes":"12230","likes":"379285","views":"19994026"}]}
{"channel_title":"Marvel Entertainment","description":"In theaters April 27. Get your tickets now: http://www.fandango.com/infinitywar\\n\\nFind out more on Marvel.com - http://bit.ly/2Iv6ouB\\n\\nFollow Marvel on Twitter: ‪https://twitter.com/marvel\\nLike Marvel on Facebook: ‪https://www.facebook.com/Marvel\\n\\nFor even more news, stay tuned to:\\nTumblr: ‪http://marvelentertainment.tumblr.com/\\nInstagram: https://www.instagram.com/marvel\\nGoogle+: ‪https://plus.google.com/+marvel\\nPinterest: ‪http://pinterest.com/marvelofficial","id":"QwievZ1Tx-8","latest_date":"18.23.03","latest_dislikes":"30566","latest_likes":"1513428","latest_views":"46707200","title":"Marvel Studios' Avengers: Infinity War - Official Trailer","trending_days":[{"date":"18.17.03","dislikes":"9119","likes":"975747","views":"19716689"},{"date":"18.18.03","dislikes":"16902","likes":"1242233","views":"30180849"},{"date":"18.19.03","dislikes":"22416","likes":"1355012","views":"36112519"},{"date":"18.20.03","dislikes":"26137","likes":"1420088","views":"39980116"},{"date":"18.21.03","dislikes":"28312","likes":"1465001","views":"42862117"},{"date":"18.22.03","dislikes":"29812","likes":"1494997","views":"45064699"},{"date":"18.23.03","dislikes":"30566","likes":"1513428","views":"46707200"}]}
{"channel_title":"ChildishGambinoVEVO","description":"“This is America” by Childish Gambino http://smarturl.it/TcIgADirector: Hiro MuraiProducer: Doomsday with Ibra Ake and Fam Rothstein of Wolf + Rothsteintour tickets and merchandise available at childishgambino.com","id":"VYOjWnS4cMY","latest_date":"18.13.05","latest_dislikes":"161813","latest_likes":"3037318","latest_views":"98938809","title":"Childish Gambino - This Is America (Official Video)","trending_days":[{"date":"18.06.05","dislikes":"1660","likes":"109193","views":"546527"},{"date":"18.07.05","dislikes":"25829","likes":"801866","views":"14171087"},{"date":"18.08.05","dislikes":"51548","likes":"1405376","views":"31648454"},{"date":"18.09.05","dislikes":"79717","likes":"1841549","views":"47169016"},{"date":"18.10.05","dislikes":"104379","likes":"2183745","views":"60776509"},{"date":"18.11.05","dislikes":"124291","likes":"2478908","views":"73432600"},{"date":"18.12.05","dislikes":"140711","likes":"2735961","views":"85092067"},{"date":"18.13.05","dislikes":"161813","likes":"3037318","views":"98938809"}]}
{"channel_title":"Guardian News","description":"A computer-generated voice has become perhaps the most divisive subject on the internet since the gold/blue dress of 2015. It's one word, but the source of furious disagreement is which one. Is it Laurel – or Yanny?View the video at https://www.theguardian.com/global/video/2018/may/16/what-do-you-hear-in-this-audio-clip-yanny-or-laurel-takes-internet-by-storm-video","id":"7X_WvGAhMlQ","latest_date":"18.23.05","latest_dislikes":"10985","latest_likes":"69478","latest_views":"16627543","title":"Yanny vs Laurel video: which name do you hear? – audio clip","trending_days":[{"date":"18.17.05","dislikes":"97","likes":"1273","views":"370671"},{"date":"18.18.05","dislikes":"1761","likes":"15713","views":"3772817"},{"date":"18.19.05","dislikes":"4256","likes":"31902","views":"7512073"},{"date":"18.20.05","dislikes":"6828","likes":"46063","views":"10804447"},{"date":"18.21.05","dislikes":"8790","likes":"55893","views":"13335769"},{"date":"18.22.05","dislikes":"10146","likes":"63480","views":"15227410"},{"date":"18.23.05","dislikes":"10985","likes":"69478","views":"16627543"}]}
{"channel_title":"Maroon5VEVO","description":"Girls Like You” is out now.http://smarturl.it/GLY For more, visit: https://www.facebook.com/maroon5 https://twitter.com/maroon5 https://www.instagram.com/maroon5 Sign up for updates: http://smarturl.it/Maroon5.NewsMusic video by Maroon 5 performing Girls Like You. © 2018 Interscope Recordshttp://vevo.ly/51VylS","id":"aJOTlE1K90k","latest_date":"18.06.06","latest_dislikes":"36133","latest_likes":"2178332","latest_views":"47778378","title":"Maroon 5 - Girls Like You ft. Cardi B","trending_days":[{"date":"18.31.05","dislikes":"4520","likes":"406604","views":"3057987"},{"date":"18.01.06","dislikes":"9906","likes":"740543","views":"8713137"},{"date":"18.02.06","dislikes":"17463","likes":"1207659","views":"17301320"},{"date":"18.03.06","dislikes":"23176","likes":"1547848","views":"25497666"},{"date":"18.04.06","dislikes":"27830","likes":"1780877","views":"32513514"},{"date":"18.05.06","dislikes":"31829","likes":"1958595","views":"38912181"},{"date":"18.06.06","dislikes":"36133","likes":"2178332","views":"47778378"}]}
