{"category_id":"24","end_day":"17.19.11","number_of_videos":125,"start_day":"17.13.11","total_views":39878296,"video_id":["10L1hZ9qa58","kJzGH0PVQHQ","il_pSa5l98w","KObFEYCaRx8","g8QsfJhFpjY","4du1KXBl4YU","KHxdrECEsD0","1ZAPwfrtAFY","ZIHhuwvT7R0","EJVvdjDGnak","vMLs3kIuhzA","P-pycrmifwU","WXN8BzAsi3A","E_e3nSdBiqE","yPOnlqGGGGU","UTVFNrRwL1o","KskjXRkmJW4","g7BHnHzwOVo","4f20l8mdBh0","Jwa0Qh1muyA","Uf_rqW2yTgs","hJ6nM40tuKQ","u84lPMD6UaE","ZJaR1RPrvkA","d380meD0W0M","A_XgvSkbCvM","B6IxqP9z9XE","NhyolxnS-Qs","Dxg-ELOg-L4","qEf_2YN1XaA","jvcBAsE72Lc","reoTUboruJ0","xNfzGWB34b4","rx5dx6HxBgg","LWkkT7y0sa4","xHu2OBXVOY8","LLF_PS4r6Ik","SaT0lLpb0RQ","V2VquEl3zzE","9e-90Sz_iN0","zFrllD9D9HM","bFcHu8jCBRw","g6ydk-TTdYM","mhV_vlCc2y8","2nn-UJIqTNA","y5TM_K-ldDs","TQypXve0Ork","SYtxYDSUF90","TFneepFU0Dc","VwBb77AZOxI","pGBRAKrYwEw","IWaW35OaLBU","XZsTzaBizs8","yEMSUnFCf2o","caUHggmbKFs","OK297-PAEs0","TTcgaz5u9U0","Lo-DguXKxkk","RGuAnFgu9ew","DZ9vgenKvDc","R_PvsjjXRz8","JSqL2yaWSKE","8_Wt0G4b7i4","Ybk37X2YJxo","8WfHX9Q8S6w","pHWs5wsYfw0","GcJSg7ZFVwk","D6yCN-UQalQ","RZ54XSb_4oU","B5vg6tD8IKs","Hj2GF4YG1Ww","GN4kB3D7aaM","iWQ4OwUIiYQ","viUWXtRLNgo","8uP0-0IOaxk","MaR_mrHmo7Q","HhTRGnR9X6I","5xYzLjwDoPM","fi5GZwNq3gA","nNhclTpN_w0","2XXMMxtcrK0","kTJVJJOTrG0","HMEBI2uWkkY","M1_u9gCoCXU","fpxBxp9QKrk","yoraaGd5gvg","56zxKLA0SuQ","5mcBxqAAH5M","CfLCQ7UV7JE","p8XP7A7kvzM","coOKvrsmQiI","BoGvzZW9aDg","r--yffbacS4","_CpikPu5ojY","f8XuDoum8Hc","lOZWTBgELag","VpnNR3z_pAM","xwA2L2HogYI","Ilc76vV427c","aJleFt0EV7I","MXGNBurVnb0","cFvFRcwpOuk","wXVrRZm8mhA","ysOGmCHU6C4","UG9PxlRX2aI","EaLI1lfw_wM","84x-etyfzrE","QaXTOCVe9kM","WhnHKIT9124","OpmaY3WJyoc","5sVY2KcTuAI","pxnmZ-VEBfI","wn04wJoj4T4","nRjvxbDj80k","KkUAbgA6d6Q","JZgJnC7U8Yc","hziHYKyZEBU","lZhpU2sZav8","A3lznY84lHk","esMhJ-gstkw","povWr5ji6Dk","48PQ3SGK34U","a1z34DSeGTg","N344CxexIV8","k1KR-JK39dk"]}
{"category_id":"1","end_day":"17.26.11","number_of_videos":18,"start_day":"17.20.11","total_views":53781727,"video_id":["ZJDMWVZta3M","zMxIW7uwDGg","TSblrnXKfkE","zVc-Oe1wZGc","Lt46fYe7ul4","LyqEhGyeF5g","VhSiLkpuWJE","KSD5Gn5s7wE","zQD5NLOQWoE","U3vOQIOTa9I","Iilm9IeFGho","CzmIrPvIzxk","9vHzfUkSEsk","0p0VtcirXgE","59ABUAcdUO0","q6TzcYC3uWY","ffb6G1ZsgXs","IWSOknSI9TU"]}
{"category_id":"24","end_day":"17.03.12","number_of_videos":158,"start_day":"17.27.11","total_views":82240451,"video_id":["ED0PSAElYio","sXAwqoJ-WUA","cwrt_dMmRW0","Nid_Zbt_axE","50AZQFDGqPc","yv5i0oTHubc","DB4Y1TokT6w","pgc7yopnewg","JLi4NGNQIkE","1IVy3oxN9i8","VcE0Cun5Bd8","h6c7m7Do6Hs","KF9pKtHC-pI","f5KKZ6HYXWg","HbSpJUwpQ0I","TtiLD-h_HgM","QuvPfSnC230","C8EykP6KbG0","tL58a9fIXJg","g2F_3Ve-_wE","_r0mH98oPlg","cuPnkpruj4Q","yef_HfQoBd8","F4AEdWCB37o","H4yQqge5-Bc","6ynnEXV3Yk8","M__1C40ZIUo","7eupQ0LwzKs","OF2Bnpx9ANc","7YTlLQsszH8","84pbZG-RMQg","9b6byAsuaMs","VcvkoAn6PPg","fWH1ImLu8ew","qX0A20VyElQ","xVtVUiP-7sw","kGBeq4MjNG4","eXv0OdgvBxw","KNaLwYUk3-8","9pGOWCnVMcQ","GDF3STI5FZA","yqGjQjSxM7Y","nrE67FL0K7o","0koNztY_F6A","LGCslFvv4lA","Wlz1ba0NnhM","lPSd9gkcjgQ","mPmg-1-UoYQ","jfD2HcRALh4","EVPMzmeTlXU","wQF8kTOVp3g","6wN12oKQYl8","2AUn3KYvbXg","OSVgsmhJLBE","pi36z_ReHK0","9ScU2wOFZDg","-4LXo4UtUr8","cRUOr0y12kc","aM6RFJ5qQO4","3J9wLlAbwh0","Xy-qsiE7Gro","I69o8N2alSs","5lbLSfEdBeI","TmCnvdoZ39A","XGEFeVzceNg","HNniVtQtWxA","UnfOSfas0UQ","gqpM8_fanbc","txnyOamVWm8","hhMnexT2p2E","4ydzEQ1bVSo","HFkDcHlxpQ4","CgImeJcZEb0","RHMa2lWWvV0","aCLgXLzwwk8","Kk651Yyf7B4","rGwu4PZGdAQ","eeMpv9AZmf0","tLkfkSztkmk","oNfIlIOuh84","wPMG631l8to","Lf_l_kyh-eg","Dxsymh_rPqA","6ZfuNTqbHE8","yKkheNpuOKU","XDXOjF0F0i0","gYVjHIc8wVw","ub6B1L35DS8","sWetrgRiMBA","sxJyYnkDHh0","td1xI8BD3sk","1DJVxuY2Fxw","_JqzCrRzgjY","20Xf2D47USU","rBw9RV-KTwY","I3mzn5tZOUw","fDyK4NLerc8","hl_8dKBUIHY","X0v6vnvVXcw","IFHfhB9K0U4","H53Y-LoFlUI","3VcC34zLA6U","M5QmMWc0iR4","cZIOEORESWk","RrLE9kglP_Q","TGXjtYG0oHA","Ego0VrMUfhk","fgu03YieB6M","0Lf1Baw_j4Q","J-tjx9KAZ20","2WsjCedYzdg","yoYntdIlRS0","dVC8ABg92fk","3t1va8Z3LZM","cs_sWQX45NU","AnVgFzs9Bh4","bxUoh5YxY5s","GjWc35AUbcA","lK91826fm3M","vWhKDByshDs","u2ru-EwFsn0","veVBbxZyzKU","f98A-1q3jgo","IbxFCTCVEXA","UiAcWM16uHc","7h-sX2qpEb8","ennVCgmslT0","CCnWllegNhc","gywC5t9JxSA","oajM8-n4p3g","PmUYvqy6yGU","6WgnE6J07e8","9ZTDk9Sx030","1vzYs_X4yLw","kf6M9Qumyf4","H1a9k7Mnpew","i48o5jdePys","2_YiKWygojs","BtuY-6G7P_E","MyGn84kUhms","eMiOXlzVMNc","KX1ygyJrKrs","D_olJ7mjWow","oKRGrL7CjN0","tzvbOwmBTbg","uuENwoAGhrc","rM_f8jmKKnw","8569cjQAjms","9GN7Bi0jP0E","KJFu6lZULo4","ySQbARx-X5o","ZR1928D_M3A","b0cET6inXj0","Mu-d5hw1qTU","FgTb0fwIjMY","0n_S-RA_NgM","LTqyxVzSbr0","1dZEnQmICfs"]}
{"category_id":"24","end_day":"17.10.12","number_of_videos":169,"start_day":"17.04.12","total_views":121513986,"video_id":["6ZfuNTqbHE8","6WgnE6J07e8","UmtRPx-pYpI","XjT6-n9aJ3s","1vzYs_X4yLw","OhQ6lNlHLQE","9ZTDk9Sx030","auZVpcFr-S4","P8bIW8NaBq0","kf6M9Qumyf4","jeYdQuhPvi4","AREQS-6zfWA","i48o5jdePys","RVQZ2BmSehI","gcx2UexjG3Y","Qco6CCuk8KM","GDKIIbrAfaw","p-R1FIo6xK0","Khg8JCK6PMI","cs_sWQX45NU","fpMiRMvmf5I","vcjm6k25z2c","eMiOXlzVMNc","hikgpPkFwbo","B56WNdMHtjQ","pjagqAGyoS0","HFCfYCewHuA","BjWfuh-x9F0","t_MoOWvkEeo","bg6m1ZRhAvo","T14GHpnONz8","dVC8ABg92fk","1dZEnQmICfs","oKRGrL7CjN0","Beb2Iblr4sY","Y0O0rD1hJ6s","Mu-d5hw1qTU","2Hk9kq03bFg","MyGn84kUhms","rM_f8jmKKnw","5lbLSfEdBeI","U-v6HDIdC94","0n_S-RA_NgM","0jBOb_F7d80","KX1ygyJrKrs","8xEQdVEexN8","neiery7FVQ8","uuENwoAGhrc","_qvlycb-asw","266EI7hdjFs","Tr4X1Ev2l-8","Fs3ndz2gitw","onvHEjy6OzM","etzkziNGth8","STtILs39v9w","QuErOh8Owko","31E2SuA8zY0","o_zLoJondXM","vdHFa7HsGW8","FETzRhcnmTM","_BL0Gg-w8QM","ncwdTsIZMEM","6aNn8OKOhNA","NOt4Ybpnzj0","HNSPBvvp7-A","IJ_8Q50w_no","mXIRkr_RYms","_QYSDjAvLmY","eARKYQVn8rU","S8kxh8ffa7c","Zh9yq1fgJvY","IblwqRj9PCs","myGAsu-RCwY","kO7qz5u_GiY","CEO5ttOL8s4","YbFCADgXXK8","7vfv8xplkLA","jcDWZ_e6Vlc","qxo9OzKb-iw","T-mYWopP0Eo","ZQvGkF2lxhQ","s0nJ75BGcPE","dkxdxfaiYks","KDeHSl9ueg0","czhSzmxN3WU","0ZtQem11FDo","jnSWLVshJ0g","kOUdzGsbBP8","EWSZDYafj38","d0jkiwnme74","h3OD61AF410","J6PBvi2ZOKI","IjOzqI9VQIw","9yu0T0ii8Ok","8pcba-H4Iu4","Wkf61IKHHKU","pCIPS1HxZcc","YYaaBGcWT68","gYbjqmNUSww","06Uzhn2sC2Y","-5Fy_wPc6gU","e95ZcmNi_hQ","_uDxUj_6DLk","dNppXNV7s3A","kQvRWXuMd5M","z8znufL0UZ4","FlsCjmMhFmw","r8kw0cQmHWM","NwsVtBiAaCc","iSD4ZX3PVSs","baf7nC9hl18","5JaaLKkeotE","DEnRjVcgU8c","fl3gun0J8XM","64K0ZNYZBs0","C4yma23zGsU","UxNxcQIHTfk","iJIhujbH7w4","1p4RGhUiSrs","TdvKdUm-kYk","q9ncawDK2Wc","N4Jl7Qx8jyo","bhBZ9xusfs0","xxXZy_sKrtw","Gp40Uztk3bg","ZnZ0eNb6t2w","2OSjL2U52Hk","pjDLp2gw7HE","SE_jEP7-IDs","Ba5Zo8Y427g","IxyGgI0yV-0","P9Ulw1ZfyxY","ZDQqwXZDk3c","i-MZRNeAmBI","fHWaKx5MnNc","gwSGUosPbvc","cwi0KsPqej0","UlNgIRaGumc","saNC0oA2NH4","XXpUsJcL7CY","KZcwOlj3SGU","vn9mMeWcgoM","PHmLNpdH59A","3TOnJI1BqzU","VaM2jEHxVUI","dl--XgEZxA4","WhKbxViySLI","p91n_1t5bt4","2z8tMpPdK2U","dSDcvcScZok","ao7rtrWuwxs","YJw3MrRSX2k","ZQc34LzQeZ8","aHDV2mHzNgE","7th4TExL5kQ","eG9pCz3qVJ0","KwZ060iicYI","KALv1FCQLnY","zfcO8GYHPmE","Pw0F_H7CiW8","P9x5V2f_yDM","HRozbQXwQ1o","_kx26-PI-Hg","3e1NsQvhAs4","Te5bdrwmmso","hWlTq_SvXoY","A5XWo41Fhfs","PW1YP8RE1D0","w30zqrV6D0M"]}
{"category_id":"24","end_day":"17.17.12","number_of_videos":145,"start_day":"17.11.12","total_views":65305403,"video_id":["vn9mMeWcgoM","kBy56ajSK2A","PHmLNpdH59A","38Y-DxTukuY","TGlnbi_OpBw","FlsCjmMhFmw","3TOnJI1BqzU","BnYxQdgQi5o","fl3gun0J8XM","5Mw7CKw6RLY","dl--XgEZxA4","FZdjeCjHR5k","lM4JRVgu-dQ","C4yma23zGsU","o8wvpIUMfL4","eYbb0CZjF78","B1HH3fWOr2s","LlffEOOUCaQ","fRGQg1PO6Ys","ef_KR7-U3bk","VaM2jEHxVUI","MgAmmBPZQsU","WpEjZALEPVc","ZDQqwXZDk3c","p91n_1t5bt4","Jr1TDPKqlZA","KOqTYRQobcs","WhKbxViySLI","6bFlNGM45m4","g13BkabLzcM","n3JYWwFaCec","HRozbQXwQ1o","2z8tMpPdK2U","JBDWIGpKnwM","mhHkdxAwEa4","bmkYc2aODSk","kXKw2skbLdk","iDNESDyr5s4","5tLIJKtjYlI","BxtvSubERwE","pT_8SCKec0s","18XbqYqJ7is","MLSUiFGnOeA","H3g2GBRTzZ8","EwnsrU8roZc","oObOsdmwXBY","nUpg2jdxieM","OezSZeVdZCI","khPLWaBioOs","SmKNd9vbwic","GJ1Vvxak7t8","_J-QadI8iLw","Cq1p4rObZ-M","QHaJS-hoppg","hO3J5g315_0","zFkUxEYHbXs","cSp1dM2Vj48","h4jokeuedoA","pNNQw1wt-tA","NV6ogpOBYNA","irXtiNZGIU0","HdCsP1obMfU","WhIrj0f3agI","9V0hw6QjzSw","m2KZgwc-jBA","_2RRVOZAScw","X31GAj6beVA","4D6MgcUapS8","JXfMMNYUexE","__XgHijSqW8","3Xn3JgQc9qc","7S7xniaFLO8","ZkEyaJIQyU8","_MNVWEhD7YQ","OVKjMIwPqaM","sGUXN9LT80Q","niDBHEqRs2g","jmUooZZ96Mk","P4XprZQUEx4","dSxrZ1ETBU0","LYsNTDA3WCY","6ajCr0Lih4I","_CwOBWkK4hI","T9V59_z_Sm0","ciwGqzga_Ts","QLVhaoausGM","A7bMbZZ92t8","ITflhZqN9Iw","UmVSUuv514g","GcAp5sSSIwA","YqXpjgAKr3w","rt8pLzYgVjs","dRvwjTgAGPE","MDO2ALHQ-qM","5gJo1hN5nuA","rq6ZdOKouJI","1dNK7Fjpm8Y","hMv8mqlfoaM","abdue_485Ks","Oc7DgC3bIj0","gl1vzv96K8s","QS08leUQO88","ulH_5gS3jx0","bhF9fBKyMEo","j_gJDaBe11A","GY2K2uLMANk","TAUTRwEj9Rc","aJfIh6vmmSw","htukLqYop6g","h_67XloYXTc","20aZHly_zTY","FWOUCA5zIck","Tjvml998_UU","JRolVtynz8g","GPV_kxv20GI","ax5RMteun4o","3H3dmVhoy_I","JUzlad-cQg4","H1J5jCVKE14","kNXZvShByPA","FqAJKJlexE8","n39LjU5ldcw","TKvGxz_icuo","uSK88LGouEo","G5STtCZUEMg","r4X3ehjy-mg","kpjKbaZQJKU","PbA1UjF2ag0","yR1OwH_gmiI","H57MO6wVHM0","ifwaHnf32e8","tZ5sEAG4ty0","nzTNNz1qzAU","1-JNKm26dG4","K674LKBUukk","kp8zuVBX03s","iiURzrjJseQ","w3tA7PX3wqs","UbzX2Q6_QdU","TzpuAqrw54Q","UCoVXBzprOU","QtGue7HuuwA","u-CDjV9MPQw","GPNPRnLZtsU","0k4jne82Qc0"]}
{"category_id":"10","end_day":"17.24.12","number_of_videos":36,"start_day":"17.18.12","total_views":53357682,"video_id":["xZsONNB3gXU","CixoPJ-BUGw","beHCFMkodEY","dZ0fwJojhrs","qUnUoxa8Bww","Hsbd0ebtCF4","Jtzn9OQ20Vk","EN32N-HlGtE","f0VA3xyt2pM","oDDqFC2OUKM","7pbyoNwmcpc","eiDiKwbGfIY","W0sWnTzIcNY","hnuaKesCOO8","3TtxYU7oKOI","O8lzxs_b9Rg","pPns-DIwhII","ORIpWftFyqo","5CG-AXOAYko","byU2uSU2tBc","4g39QA0mfvE","M2q64UowX9g","NaX-oGJEZI8","4izUqU1VfSI","fguRnROCs7U","lQOMzMzX73M","uDf_WLrM7gE","WS7f5xpGYn8","zIYju9E8bIg","W3R4GufVf6E","yscQtS_Lay0","nAPEWf7L8ag","CsSsigYQrOM","dmY9PY_IoYY","QF9dcrBABdc","gvDeCm_jd8E"]}
{"category_id":"10","end_day":"17.31.12","number_of_videos":30,"start_day":"17.25.12","total_views":41660115,"video_id":["P8ZWk3S14ec","RQaVzbxZqXY","7axyUaubiCE","qbxvxDmVhRk","CsSsigYQrOM","lhDiV9rd2Sg","dmY9PY_IoYY","9Vyol9k58cY","8ktEOccsbbI","02CtKrU-hDc","PEdrDKS1JTA","vCXGFk7bVxs","xWi8nDUjHGA","aemnUmMoPfM","Os9ce4XFS1M","7MaV42Z3UnM","QlpXQWrGNAY","mKpPhVVF8So","GhklL_kStto","TdqEfE3cs5s","uV3t0n-HX-Q","x1tFeb7uR7I","foQtnYBeFNA","UumBg2myFrk","wp3kcWOda6k","lGF8nd0mZVs","QuGQ3QVvxZk","MDZomGkIrgU","nBJX1mWnrak","IG6r9Z9zWtc"]}
{"category_id":"24","end_day":"18.07.01","number_of_videos":140,"start_day":"18.01.01","total_views":42067863,"video_id":["cstA-AoF68g","y5uKhAsNVks","giWhhm8q2oM","9gZJLA3I4no","rq0e-kO1uLA","7XrF2bn7LgU","7C4CjMuAInE","iQ2bPjNjtlY","G90kJlY8AHw","72ZELOsd_w0","Jm_dWKz2HUw","YhISOvFmYe4","LPVXV5YSANY","rz_SgYcmrso","Mu2xiFekdfk","r0zUkZccPQE","VwciSlF4e9A","kTzeUlWY1SY","g8kzR3wEk-E","C6a5Aw2FkBA","y-ChG3ytFYg","hEk1_F0qoWU","a2HXUha90BY","ukQTbcR_vBE","bYqqa4mhLq0","0MdI8R0e8V4","i2AWgeqSuy4","KWIUIoTlufI","_Nq9lvrskPo","QcjrtPYGVbE","H2O-5iwiLYE","tg3jwZuLjr8","z-KUX-kpeqQ","7HDzx-vMGi4","5SIWrSCw3eg","r8kXoDi-x8M","VDP3iqeBAnU","aQ8BjJvDJ4g","LMIIFG8tHK8","RF7DhGIQE1k","55tYSCEuHVA","EhSp7D1ZrBo","Pq-MinfnOSA","07OS6CW8ifM","V4WrziiFXPw","BLXjbEfDSEU","G-M-TYeprHM","xaEy9D6T-wI","9zoqSS61HOs","DnyYeUxVlQI","9k8HxQizcqo","PaSuea47bWo","x2g4tavcarw","Q_aY0xgutaw","rHX7lHnuAw0","NRyFxxJmAwI","T85l5uiBz1U","ZjKqwFZT_w8","1Hkvkdymw8M","vgY3wrF1t4M","i1MCCn34UoI","Powr3Fjz1Z4","JgwsWw4Uzyc","RDjsxfTZF2o","3O7BCaKvZtE","DZIq4w8YteU","nBvK0Tk0Uk8","fmUp13Pa3Uw","rduHrYxvJC8","KdeuwsEgqRo","9p2d1hEaoMM","mr2fiD4TuEQ","f1T80x3DRO4","vbiiik_T3Bo","DoQdnIJc5-c","XfMfePkc20M","c10IPupVBAg","z1CdlHl5dmM","uk_qCmiqYO8","8V08Gu1DOgE","8wVSSamFj04","lJsIVSck0jE","OHGnJq7BjvI","3zQVAumvdf4","yEdSoJlYw88","gNX5O7wRLCE","3JiTMRtB4l8","G0CW30S-I6Y","a7KoGVrVvRk","Ra7JyMSGXZc","PJTmHEszjAw","a7VA4ZlRuqg","IbJYmFQecM4","2fHzDaNR4nk","7P5KIRRINrc","k9vuCo8tgkY","t9VlWhkqWtg","UqfFrfaBaMw","iSLbQK5MXwY","4VgcfxLmHDM","G6B1C7vg1ng","PoFWt3TJaYg","trCRiYMuE7c","OzpPSDB-6iY","jP9FaTT12ks","EX3OXkajGyo","ySy8mcceTno","wLIBF4Y0HvU","Zmz7x7OXjtY","nW1izlKicy8","o4SJa_1dRww","jM04TFf4yU4","DR_B_FyA-6I","j8LN-SYc7wk","mzRqIPVmyg8","ZIdqYB7Ij_A","3qH-_qgHHQI","SlQTAJfpCRg","7TZfpauB3gQ","Xsz7G3BNpDU","5-b9VWdvaUg","j6484HyaMic","rSoMWY5iDAw","F7g8iB-iL90","EKvpYRiC8NU","Ubpo4xjXW0Y","XNikJCwTlqs","fzgBeVs7rV8","xQEl1QPZGWQ","AyjM0ozIzcE","tHnQtzdGmno","StqG630CA9U","dbDqMXmQEFU","vDWuq0cn-78","biv-EMDhtXM","6abORm58u8M","krsb3i8WK24","NWg7RUbROp8","aAOKKPrIX98","npEKkKXPixY"]}
{"category_id":"24","end_day":"18.14.01","number_of_videos":113,"start_day":"18.08.01","total_views":37774181,"video_id":["97h9fBWltBM","HKYR54uam0Q","AtkjageFeiY","J0WPU-f9mxw","3qH-_qgHHQI","sbN6zthDv4s","UiITmI06X6Q","dYRAtfuWyaA","ruKECFkcqqg","Wqe8qWtGJfk","ZIdqYB7Ij_A","m2eCszBKIfY","j8LN-SYc7wk","mVq8xYUPurM","22DU5EOlZC0","hHmYqnUftpA","lIMagTfmFno","rSoMWY5iDAw","yirqm4rmnT4","RF7DhGIQE1k","4ub9cNHJVfw","Xsz7G3BNpDU","SSI5kKq4YYI","Lg8RMAHE2x0","ZRwF5xz4cg4","GsSEHuzEigE","jlG0zlSm4zA","bTv7IXWvO4U","iSLbQK5MXwY","icxplRjHoi0","AyjM0ozIzcE","pH491OczUGg","4GS32GLTnHE","sF6J6265pZs","jJ1AT4Rz8Vc","7NygcPJPE_o","szhw_kZuLHo","soTkCP4EtPo","f1i-70IPwhs","zq0GM5kfOCc","MVw6OfXb-lA","EIPe8HngLKU","EGT9GKG_BrE","Aahj3atxdS4","TFktziLOsFg","UxS0lOqqgmg","a1tvkHx7iW4","PuctcXmZ270","XfLyzM8_Oqc","h9J_olor3Ag","RhyxuAXt_uc","7Sj21YiURi8","72A5XT-xtF8","rgdcbx0lLjg","wyE_PZ4DNhM","3ZS0MU0iTvI","fZXYJ2Yf4-Q","ejZ2MhklVf0","YLsqixEdspI","6aO0O0KagXg","kJCUgcRPAhE","1pvz2vAADMo","xJqXgAG5ox8","qt7E5SkHwSE","t4KSD9XW8rk","K2k2lkgecnE","gzYxCP6BF9o","3KJ0e6jj-ds","yUAj7pQCwyE","pJEAFUT8e2o","KYmQ88uelmk","LDz4HYOJL2w","2MWlNTZDbIM","TehG5PXhuBg","2nmLd5Gf-uo","4-aavPEzmHc","SgdVQY4kbho","yNyt-Anp06I","mgCbon31GoY","EocrNOs28oA","Pv2k8eyuOSw","_cOsfsfrluU","eUeZ6YupSiY","I8lvZ5hfHpU","eRyvGUC3yHs","WT-lZdTa8zA","NfG9Jl-hxqQ","Q0w-uhg-5Yg","gTl5DeVqzN8","8_tv2QBZ4WU","2kI6bUdLZaw","eXdfm0Xgd34","ZI2H5mMCmhA","7SrSu2egBD0","FRkz2o8i8dc","bVtCZ7Zhnqc","BgW30TWkwzQ","XNi9thjL8k4","CSa3jWSEZZ4","lZP0hXDLsYU","HNEcE7-odCo","KgfDonjRZy8","TvEpYnAo0Tc","o5rU4hqN9o4","XzFklNfsaTs","WKnIxGpjdHU","t-xnSylpj1k","AUvK0p-Ozbc","FC6iTAH_aOE","oRmQ4iM409A","6wG8b-qzM7g","HEmbJxqK35E","8COpSoA1xis"]}
{"category_id":"10","end_day":"18.21.01","number_of_videos":51,"start_day":"18.15.01","total_views":55964643,"video_id":["dfnCAmr569k","p4lh1h5hdFI","N-S8qAQBquI","J3Jx_dOC27c","9dfzkUEpEf0","lVE456ceg7A","6ZB3Ogq6C60","6QQ4V976_aw","PSSxIjuS-aY","PmiEtQT8TpI","lQy1uADW8_k","ggJMQHltiQc","LXsShle-JKI","PJWBgE0nPkg","kCJeqDdzjkg","uQjZvVfgs1s","Tb93daf9gfY","7sDgJi9z4Us","SA2uW6_UkHY","MU1h4m8oqpE","mPCL6yY2d7U","dJ3YBw4ii54","MPt-AH9isAw","6H0bd1vAA3c","a1uNkQNUNDg","neuBFUOnBJ0","RlAN6EpUxvM","4g_XQpyDVE4","2aNMFQPQmwo","1jvY2h6b9pQ","vFiXnSXr3kU","xAJwmYwMJH8","eACohWVwTOc","surcS-nuBHs","qpzQOAmxjKo","xvYBg6MWPbM","RI4v1o9zc6U","pn6M7_L1JbQ","k8MsKn2QPEg","RSL1-rvGmj4","qYAiAivwTvc","ux_8aTpw9CU","mebB8lcBNSM","IWqeTxCdsrk","eF8fQRkWaUQ","_46jcc_oA0M","pWT8Snks6oo","CHZAj_kaHuY","HcefsokYgJk","TJyy_qz_qII","URgqLY3Z7PQ"]}
{"category_id":"24","end_day":"18.28.01","number_of_videos":151,"start_day":"18.22.01","total_views":42247554,"video_id":["j2O68Ho3Zgg","Cv7AzAkXZuY","9u-zwfDvgrs","6eRlGufav7w","JTr2c_Cx4rU","j51MsbQxNQA","hnINpTGFbtA","_Ifh6vRJxKk","oUTuhhd09GI","VN60MZlCZn4","3sOUIvarA-M","LwIaKhvI3r0","IBXj3NnIEl8","Wlk_Cszv2TI","9eF8k2D5UpI","vzmAVbMR1FI","phNIuWhe5ww","Wm3m1BezHow","qJYHegeG3kU","vIN7-n368qY","vqT0FTjYnt4","PA19cJo8IsA","bMY0tfmj95k","Ckdwsx3mWxA","dYdUOvB3l-Y","0R8DWtZtLEw","Pe4wFYYoGEU","f0IoDElmVBE","21Z6OM3ZcbE","A_hXDztjOoI","xWoL9ta1uMs","gqQP-vQb7j4","zBhP2lCMS7U","HNDQxtDwyD0","P2qOCZk6RT0","gw7CLFl8z64","DAkWnqWDGok","yNHtyP1DyE0","ph87XKOjZ0s","U09EYMi6aMc","IzISxr82gGQ","3Azs1fs9vNc","Dsud40rh1h8","4mB_UUVd_Uc","GXzo3jhPSAI","UOkyvwwUjps","naodbT3KsO0","0pBFBN_F5CE","KJSX-52-xxY","SODVWU6uTu0","gKQBh9C8pwY","Owiqe2T3ZEY","Bzpb5szSgXg","MD2tm6Z5eH0","OGVHmoCqVUk","1yh4CNBWauw","Sh_MpV3HtjQ","8V-SbbJ7c2U","hCH-S62dGuU","f6WDM-QTwEo","Lw7OucL_k8s","lmh7oScnK14","_vvvSyBNiHc","w-Tp4uXus2g","PgrFJxJUbLA","S-3rJOJVA1o","-7yTJ7WdbSQ","0cfCOYT9sd0","iK0kASAm1WQ","tX1KEIwTH6U","FVPtvz3oSNY","q7mW4qiuiho","-8zTgjMMVWw","HN1nO9hHq18","9crAlCrrsJk","LPggspG0R8Y","05CHGMEQ-8M","Qdwb5Yu-2s4","ygAOTkf9DdM","97G_-2Mrw0I","0V76YwdlQMo","1Drha8HZN_c","7EtHkyjl2B8","xjEczPCsmqA","TRUHXERK7LE","k-xS4NwiWrc","mnL1k-mhUXk","BeUF3kQPk0Q","vfPpeW67CfM","fUHDRkoWv98","8OwO2zyz55U","W698tjAFyjg","S_CQYuFpzmo","bJ_xQmmdtHM","C8BWEaGyhUM","WabptqXRxhw","z4x9YLoc4JU","3iy8u71uM4w","bX8YyWk-CvA","9uqrmu5KNlg","w-5MF5CiWqo","uJLQ5emm-0k","wes6mVmRSeA","DerULXw7Ad8","sgX_StgXGF0","sM7TWy8YebY","NIZdSurKJxo","xilrVsHPk5c","Mg9NphC-Z-I","rDkjsZ6i4FE","znYbKxZmIbw","aQy6y5r_9MU","0JED53VkDVc","ck47IYhCVjc","uVWplXKyxCA","7BROr-mtGw4","Gxp71HNV2Dw","fUTTyrCzt3A","FC61Ew_Nfew","UC3xdEYmyJU","09OnyipJ9JU","4jvpR5cwcP8","YNY1Nhdk_E8","1gzpqJkUsvM","RKc0VggPWSs","OCs9fgS88xM","OZmLMcYrvpU","yVu_wJl0wgI","xmTHyoms5Vo","ixcclXqEY_Q","GsyMAbsohxI","RUiKwEU22Fg","CqU8bF5bAbc","s0eNfufEem0","uHI_iTUxndE","TbubNIo2r-Q","OXv8rT6Ir0c","4ldL36VFU8g","Kd_pZwGkm6k","lraeia5ZHt0","uvgLNiQHrkA","BoLtBTc5l9s","RNIlW4NQgLo","8YYZGAxlJaI","98sRjs-nhzE","bxaPGw_mPFI","m1h8qa6Jc60","xeWjs3kncAU","53Pzg1WI_rc","Z4669P5uVo8","SJlmVOG8qj8"]}
{"category_id":"24","end_day":"18.04.02","number_of_videos":96,"start_day":"18.29.01","total_views":27019259,"video_id":["mt-pg8FBBDw","Mg9NphC-Z-I","1Drha8HZN_c","76GuHQccj98","OCs9fgS88xM","flgC_W43Qjg","xb0iBrBG6fo","JDYQCV5bZ9Y","wmLgU6-FE0s","ixk886J6Xf0","7_mEeWfipdY","CcTmgbprcAM","WCaeI1vlLRI","rDkjsZ6i4FE","JUW6SxcHAxw","c1Ki3XQ99Cw","yVu_wJl0wgI","TcdWr9ikx4g","4ldL36VFU8g","EcuHYFpewsU","cw9jXb3UOXE","Etbt_3IGDew","7m-pP3PnbCA","VfBzYnbKHUY","b54t1CY8qyg","qAXwEVi1tvQ","H7cmQzW2RtE","HhNjMDjqrUY","t0vh_guIcmg","98sRjs-nhzE","zyvYkpoLeSU","81UWfnz0n4c","VgCrOSoGd6o","SFQEVtizh24","UMAMPJ2ZZvA","QqI_dpqteC0","W6abyARVpLU","AaLTCtMsqgM","yGEUmkf5zhM","qx5Nm31Liis","zOi6qrGZ5vE","YNPOyYRkJrg","D3VkXE4nK2s","pXyCnqy6nZg","r9YzUCrhpLU","rR7ZM1-LyCY","CJh_vPllvX4","19LcKVgJ9SA","S0NSWmn-Ddc","fCOI-3hJKKY","0vVROeA2vKg","LSOKej5-eP0","HyYEjlfKCLs","rHA0KEhVNUM","UdGQON7u9cQ","b1duW7RGFmM","CnAYIDkPm5k","12hMTCdfLvg","114rbGU2Sfo","w7IYQzkGZ0w","dFZIzItyGcw","_RoNm0FcNn4","hNf2udnJ200","10powFeX0Hs","grdrnzncy-8","w7U-CkS8Ga8","PoJ73OXEEy0","y5p-gxTm3WQ","jRXuVGUyWYM","8_rTIAOohas","4xfWclNV1jw","QOTadQ2zN5Q","tDu8nmQ3PmA","KyONMk85mPg","ZQBzCh_qz_A","9G5fuBG9ZuU","ZQ4VHs4LwhI","Czac1W577iU","NG8Jm2SRCqM","QlMJlp2cFtw","biNcyoWah-o","ipWfcK1HVdA","-3US2jeyGlc","6qr8tW_OVU0","qRp3w33974o","IcICF3fOkKY","SW3XVvjA7TU","ztGIsPDsA2A","fCQJ4TmdH54","9rqB4yNYsIE","6uvlWIfoKgs","vUOuXzG6cDs","g2YhFvb9kb4","h7AE3L5lg9o","BKCExTeqO0U","uCM--sf04fM"]}
{"category_id":"24","end_day":"18.11.02","number_of_videos":128,"start_day":"18.05.02","total_views":52130493,"video_id":["dvUTfQhVVrY","DnEYmG30PQk","v5SlTRZouY4","_o01Xi3vU50","00MDAhT7bdk","aFGzLzsdRzA","TqyI5sW7hNU","u1RGKDuO04g","rM7WHRZbwA4","Wg5K2wfous8","ZtZkAGmu5yw","QlMJlp2cFtw","YO6ywR9Y4jA","Y6_Ec7i19qk","Czac1W577iU","ioTFAXQCb1U","nJHesynS-sA","exvcct4tRG4","3uWReK3nbYI","WLH8hZRbPjA","sV9Nc4mprO0","M3XHACq0OhI","oIMFToUjCno","vUOuXzG6cDs","PdZWJ-Vejw8","biNcyoWah-o","NG8Jm2SRCqM","uckszooobng","dJwtFbbRQyE","qRp3w33974o","PoJ73OXEEy0","jtZ2N84I5bo","j7MwuBLQW7k","k5SemdFy7DE","Tx69Ix8WXkM","ipWfcK1HVdA","aYJy4enQbV8","73kAjUSe59U","fCQJ4TmdH54","3ryhogPAhkQ","86A9WMFoqCk","iJeladxDeBI","WqlHcyrtSD4","BwJQj-iFMFk","uCM--sf04fM","4xfWclNV1jw","rZeHe2wGMkE","HWLkT-A9ciY","IcICF3fOkKY","6uvlWIfoKgs","4CoU7qSD5Sw","seV2GZLiH5w","Amk1ySywtzw","r19PApItzEc","Y4RrlyChohE","pVxOVlm_lE8","NooW_RbfdWI","1HbxwoWn3c0","X1DzTTSehoQ","E465eAFxDIQ","KarUOTNkwhE","4Dbqy5mlIGY","s1NkRKhH9ss","RPvRJZkr_ow","WvqwUpMCok4","n_8JT5FsyuQ","I6ZU9N8A0M4","E-bQHrXqWgA","sUbLdSG2PJQ","inKwAh0vrv4","qYeYj2ApO6w","C0kD2LTgMI0","6P_7oVl3XWI","rtiwIkQYUko","AAuSqqFBJTY","JNuLtvgYwNM","NZTF1Vg3M2E","3uREDNRuXVA","u3ACkYF-O9A","QMK1Pb1xugg","ZaFdun8Liqo","8kb6sNtHB4Q","70BCrSUKHWI","4ITuWQiP7Ik","hH9JEF2GRT4","ayjWr_0gQws","H2wqonfOgK0","yFp2jZFVv5c","DVeI_XVD1Mw","kl91SPl6imU","oGPc4AeNYRg","1U8jaIFJb24","y6FyiX6CJGs","eJvqdWn0O7E","dzxFdtWmjto","rdpBonYXgb4","Oo76nzAY6QE","yj_8DAuWbLo","Tiy_VZWkKe0","mEcZE_fFCz0","w0WiNYjGuqA","IG1FZOLQJNI","Tz05LiQBAQE","cUDMjspWgkI","4BjTHvJZ8IQ","2hkhKftPcIY","NwV4wn18Ys8","TkpV2bUthdo","jaap2tlFagg","mCDlC_fBBBM","U4pZc-FmsPE","7R4XPIaB1lg","ZrpyTdNGXBE","O7DoSaFM7D8","bYHfxbzhZy4","hWJ24zAT_wc","5ZtuGiSgidE","h_gMmGEoBCQ","kZ3Ua_zToo4","HeLyHoJO-mI","VZNjiGU36II","5OkaxQbfdDM","gLt3NQ4A_oQ","av0YxR_yYa4","iwh1JYInglk","e6o_VLw8qIA","O_whGoi_Q8Y","DV7H3CWyS7c"]}
{"category_id":"10","end_day":"18.18.02","number_of_videos":42,"start_day":"18.12.02","total_views":43790162,"video_id":["tzh-kQvtmiw","uLTfIm5aptQ","eFfduTxO3FI","KqY4d-GXoRM","9sQkjMgFglY","PRe4GBjfKfM","rUWIZgMtZw0","QioFeesI1qw","P0yA12jo6WI","2xzjKIfgfaQ","mvppwULNJLo","8S79QKPHDpg","n92qIk6nU84","pC2yUlN2kMU","Gxs1iOxbBg4","pqnNO4pFREI","jp0n4TPfA5A","91dCMceBGkg","13z2kF6TiCc","SlsatcvCpuk","BHHIlEv_YdY","8-XkeP6qZU4","2bv1eY6tFYo","uYmpUa38-Fk","D4fC4HVpP3M","dYVMN11-zek","ApLzE-TLBYU","F3GSEVCw9sM","ihwimHKNTnI","ryU8v2hh_1M","d-JP7LkG8EU","IEoL11rLOXo","5SlvNprgEzw","XXfTL-umTnE","U2KRA1JdQ68","YaqJwnVebuo","_hMQe2U4c6w","gQuQkWoShbU","mVutD41HaDs","RblRQrFXv_o","87yjqtuK1RU","2v2o-8hIKjo"]}
{"category_id":"24","end_day":"18.25.02","number_of_videos":107,"start_day":"18.19.02","total_views":57673803,"video_id":["DtpFKvvOxJA","aVoFPeiN77s","5vzcu0ZXdFw","xXUUnv1W1vc","mt2KmKCLzcI","RLNhdRNR0OM","4J02dop_gYY","lfMyikSJfqk","JL0Jcs5SDoM","ERfz6yUvElU","Sg0w734G5kE","1L_GpH3uSso","pSYlHYyAmPU","RtBCKW0tLRk","I2eUVwey9pU","vyvsA2ev3SM","ln2sjXMpx78","I7WAiKAfQ3M","3eg9pPk-Umk","_itgA1qgQWs","4wfGEKQbdTw","P2fgQfuQNI4","rLlRw6yqFPg","jyLJ-Ee0pWE","d-QbMJosdSs","9svDaqOVM7s","qYpIo1DYMyo","yWPzdaf-BIw","3Mvx1Ri3WRk","DuK_Wlzo0Rs","uOUQJ3_o1T0","vbw-TBhwSVo","V0d77Ji-w7c","odO0FAIjBz0","zJqEa95Y1Bk","PuK808tn1Lc","fEWXLOO6TrY","qxNaRmS5r9g","9GkYcX99Pl4","-0neBEVK-3Y","MX5WHOUo8gM","Jz50eTT6y8g","LFs94KxPaSY","_0M5IV3Z0ww","QCjk_NPsIqU","VM2Irpo4DHc","gjoG0b_r5wQ","5KWKmWHX46M","R0zRN574yyg","YX1_2DPBO84","JvkQVbrMk1I","tEsa0MotkXE","2ivNQeYOWUM","H-nJ5XGjY80","KZ8q3_5kQl4","zdRj-FmLJ3o","5w8Ht9ECDfw","kveP3JnIwuU","uPgtO7BJGqw","us8e94yCFws","i25XjckZsWg","reS1Z7oNuf8","K-GLSdU2scw","AVmQRq2LAbc","iG6RwZwoN8Q","NAnfmT0xspg","wa-n_uD4BHI","kP16rFh0IIg","7QuZjipKodE","EbBuEL1OIEo","bU2BrJ1rFlo","AveKHcx4b34","F2lN25IayH8","wTHR9x5Cdu0","ad_higXixRA","zULo9vPB2S0","IPHOXC2uON8","jMRrE7_dmLM","vY6Uf3O5uR0","5W6rLMpitAk","X09ovQVb1YU","z-Tm08sJk7c","3G8yCdIEH8g","ZEQrtkM77Rk","Er7GS0aK754","_aYnysxozyE","slI4hnxpDKg","86VjgW1wDfI","RKwYOrsIBlc","NQIkUVRBzfA","bc-7p3k1D6o","K4IKSsYoJew","blySvGEKGY8","O3G9J3r-BR8","81pMBn-6bRM","b0BnOq-b1eU","eOCTibfbQTI","sSNuKvFlz5E","1uBP0wfOk7M","k963g9IwC8g","yvlECdM1rI8","f6beXMO0Hjs","QdsNrzO2Bng","LyheMkd_a6g","WACGTtC8JgE","Oig2eCtIHA0","xcRxhK_bAo8"]}
{"category_id":"24","end_day":"18.04.03","number_of_videos":102,"start_day":"18.26.02","total_views":46377338,"video_id":["0Xj1inkyHko","F2lN25IayH8","0jU1fXOUr98","C8kAZoUpAfE","Ca84M23Vrzw","-4BScB2GHI8","C3bYhRS2unQ","oBXFFxQBuX4","pOaW_Pj_0Rw","8RfteH_UG3M","mHSR2WBxKXw","an3-_6R0Q5o","MIkSyZlMWP8","bSA8z4WoVKo","c_7_uXp_IcQ","QXjFt684nnM","mVAQYxO-Utg","xL-fV3MWEmg","8n7VCC4Xxzw","7xaI9tu5ZZU","TB_McxE_ovc","lOqSAEhh21g","gS9adUnhB2s","wTHR9x5Cdu0","mZNrn2rQruc","RKwYOrsIBlc","p8XiUJhbOXE","Ky53VUgL4os","LTgluz33HVw","7rfsVUD1g4k","BEpzZy5dGZ8","xSt82bXKhkA","a9_oVKNGUjA","J3yloCpVth0","ffLeuHQf5XE","8Nr7q7-3qOw","r09UAUqS2Cg","AW4lFfZOLcc","xTpm58ztqEY","LMcNZoFdK2o","ZF0R8nM8kmU","9KXt60GLm-k","qQdaIcXQOyE","McnKKLr_IHo","kBf_8f07hBs","OEX5nfMCdrs","sHlOHZQacME","ISksGKZhZ6A","Djvz06j84JA","NqU9uJXxT8o","8YBIVRjWd6Q","jFjbGxWS1Oo","fcwEe0od1W8","Ywch6ZS5g5s","XkhLHzJfDpA","k5ZFiPE7oP8","g1oEIRxY3XM","g9NPLuIvM2c","UeybP7rjYkE","q168JzYLUNM","mEZF_4KeFLE","qTvrzXELn-k","vGXU4BLKIKY","htOndiM5ERo","3VCMKI3vbX8","2obMLs4kAKQ","WczCW9C29-Q","LW7XYjwhbpE","31pq9NjME0M","PP2SSbSfsnc","oigDKXK_xMk","9vRsixjLK5g","YXzkNbrWV14","CKtfVLz24qk","KlwjChAiHm8","IrfCpRtfGYg","M3ZCKHU0PQQ","qBjvxUseb3A","xvLV3dglvBE","jrZQr3Ts9PI","BCCbpfKl_LM","Ce4qkWyUBKI","mcvN-05vUcY","hOe0U6nIrNo","u6DqT0OA15M","u5Sqb6d8Ljw","HK63mYhZ64c","XVKHUQrLf9I","Kc22g3yWTIM","i6KIe3rlWSY","vTglnKvkFBI","ZQj4C_ytDlM","ywruD49dUzE","IZ1BOnIn-zw","qp6IWylY8RA","tugFFhML7VY","AbGjLUdEAG0","5SskeSZtC_Y","wci7R7spK-k","mctn16hLzhg","RoD1rAOZWGU","Z0rRym-8ANk"]}
{"category_id":"24","end_day":"18.11.03","number_of_videos":127,"start_day":"18.05.03","total_views":52518566,"video_id":["VdFfPoBkWJ4","RyOBy0RKJws","MkdGyNI5k7Q","Ix4lshS3j5U","hSfJk7YXusY","tCnbAAgfxH8","TTS8wx75ZPc","YomJwM64EOw","8EuXrHC4l3s","XB5gYFEJ9gw","94yKLV8k2aE","e5kh5pnazBU","KplJi4r2III","9nuwMyNodxE","UVWHmrKJgt8","Ogti8Y8a1MY","_8SlJUpKn7E","hOe0U6nIrNo","2TjoZXLgbLY","j9MBWZ37UCo","41JIFnzXPUg","wRMjVNHWmEE","bJJOzPOsduE","Z9eegMRl2Gw","PNJnAozldOE","E4ula1jfaiM","XnahVOqCMK8","MUjH1J2_9wo","MBMQs9OlkMo","u5Sqb6d8Ljw","papWW9424zc","tugFFhML7VY","zOC2f9lYXBA","i9opVE6_T_Q","AOSq-SkhyKU","KuT5K7WDY5M","v5xH-g5IHIE","FPm7xM849-E","JZf9UPGqcRc","bJxUMHgvPxs","JIwQ0ck1L4M","MPCdWG8zIAQ","GjU32NgXOP4","dBSprHonOO0","PRavR35WK44","Y0ex2VlbbdI","qdUNbpio-8o","LEcbagW4O-s","gFlvAhIevnw","KW0pr0jqAWw","I-NccHHiWU4","V00PcEnXc7k","orkPrGSAETs","DwHPlawAJ2Y","p9ZmShm1428","8MJeOafIASU","5I5_ZdlymEc","3YT1ex69-_k","6hwR-FuX3oI","Sk1_ytol_bg","1-v5cDWU5no","gJJHJZGDOmM","HdMvDKhD6sc","KzSU8XD5EcU","adKIo1ntTTg","C6FlXWl_Os8","ddSObsitRJI","lFEfSLkP37Y","3OUiHe1L73E","S7SV-EVEWEo","F7yf8MJUqhk","MEEbaQfxbqk","Ge_Fb1qQQ2s","ipbr3SPxtBU","SxtTo6m0rEo","QCjkbXAN4uE","qRIdM8y3izU","aziP2wrZqME","Ffj8pSYX6G0","XlrLFPj3Agc","V98DU_549u0","FWtr--mZ8Ao","DwPe_KYiaRs","AfqPD6kb7nA","NdRyncS4m_A","kg-E_f0ykIM","Vpj_0mvDBQA","kPTKhab4mfA","t7cWvV-XyFI","jVnkv4kI1ko","A53_PQZo6Pw","bBYp6MRxR6E","kHBeFj73H8Q","3rwpd1PcCdM","uzYYYE6hnyI","1L6Nrdjyp_4","neGYRmOBMRs","UaZ_ZMwXbtI","AuInu_SdT0I","5a36qYexzjg","4im5fmrSJ0g","Jkw5gLF_2Rc","RkFCDLkRhY4","-3p8qT-Mzhk","t0EIEy7yubU","fS0--tIcYGs","6D8PzG9thcE","IvxI4WPvwQ0","N6h2W3PdW60","pAQhexhPoj4","ANN7E6yzvDc","-3iXPJwKItI","eLXE0b6GnFI","33OpANSRJEs","zlSkwzITbjQ","sLxaDn6T6hc","JSUO-lZ7Bpw","9tImXthQ5FQ","f-ODGYVExXs","3acxT_LfaOI","ENpy00E7ziw","RiYlS6czepM","jVgsqsLmdto","1_Q4j9N6cxk","7kQ4fy1vgr8","OQwC3mqXGcY","nRHNBLFy1q0"]}
{"category_id":"10","end_day":"18.18.03","number_of_videos":29,"start_day":"18.12.03","total_views":55227288,"video_id":["ZG1Su0QwPYs","Qvd43XKY-f0","aLce0YrMTsk","tlZBKJ703Tk","fuoCUfdqZFI","YLOOdfifC3Q","e_gFKDMb0FQ","YWZXjZKhivg","JMiAadxj8Js","tCXGJQYZ9JA","7oqm94UfE7Q","sohRVnflO0w","UbpcBUvfEMA","hZaymtrdZ8g","4toAdkTPoSM","TRjQieicOlE","0dlIo6AuNgk","eFujfILhVoc","7LB-L5YMKzc","OPG6RNNZ04M","sPK8bwoqJvI","I7nbSzLCtEE","YasQ-U0QWR0","3Kt5tobRNt0","tM6A7YGqA8k","qQEX5cr6q2o","moQkYreWwL0","Lcij3jhmslU","XvIpLfV5GKo"]}
{"category_id":"24","end_day":"18.25.03","number_of_videos":127,"start_day":"18.19.03","total_views":52902078,"video_id":["QwievZ1Tx-8","sueMmTm-M4Y","0KVJcOTWZ_c","DjTarIkoR7g","JATYGQrOXG4","FNRhc3aYqFg","swkqokzNs_c","iM4h5jhy1Us","hp47UvOr80w","o1_asi0zWv4","EjQhPXSXgAU","EM73ySeaPCM","rsbshRIHjVQ","Uy0wWKwXzhM","YHFGWsQrafY","BU8TS4A4DI0","EMuhARaSS_E","X2mBKmgs5Fk","Sw018TePayo","9Yc7ecXD64k","o84gV-7yqdE","TW8ZKtKuLKI","WED6gIYX0Ko","ZCPwpcurYns","FkPE_21bhrM","9WL_YkPchsY","gxMDolO4JNw","2X8pOISnvDg","ylC3Xt5gv7o","cg03faCyBws","LG5fXQ1O-xE","ML3OD-ihsfg","NFRFEGfN5eU","E-GBB2Ygm64","rWmv4OzdHQw","G0Eg4WXmErM","tTqLFs0rT_Y","1V6rUOvieZA","U93UyoOK0XA","S4tDMbu2PD4","3WNXcEKqA68","rs2RlZQVXBU","wUq0QFaMBvc","2K8uyZcB5Fs","QlcKU76r_Gs","m25jHnE08cc","rvdIwQbrN6E","5D_GgPx3jH8","qNEPqGU-hTw","ef8siDxfjWo","s2-UCIXJAyw","RmO8IITolmg","wxrl4WWmwL4","Ftes6SjnCYw","WaIOS1V2n60","ZSnVjIUqwSg","2UBfSkohSOw","vrhCIRWRj0U","UOfM-htL31w","HTkZLXK8yGw","hN9d--TqA9c","TRjusyhJuh4","esLQ_TBSen4","5KgVJBP8ihI","SpWsbQHPTGw","LQ07x5sXSfs","Pa1upoadPoM","b0Qb9DMhNsw","lyrUuEHDcEk","_l_tKA6bPjU","k1KiS3GHTrE","hbdpMSHjWkc","kmCFcccfUtk","HD9Ng0gs3E0","PRX12Wtq76k","mK9C6wViwn4","hVSn2JXJm5o","9wts-7nihUU","CeZA7pJVlGE","vhqWJTp_MKA","zEnty1WWiFc","Jarzxjkg8hg","__XaQ6q2ZbI","zFUR86FIfFU","kCDA8mkZISM","Jq-sqsx-AMk","Y00cvQP9oL4","WJ6F9NG2UWo","Uhc6pgU8W88","ME5bQritbWE","Ku52zNnft8k","EhvkasLmMS8","PoxG4j7v-CA","9zko9tPc6Lk","tZUu-iuXZD0","M5YscDQztgo","nyMNXMFl14s","dzeI3BhZg-M","3XxuJy4cKho","unVvGSBN-8c","9atKB0lV0uw","qlvG_85vCbs","03zEvcYt1eQ","P42_y9ehISQ","GFS2YfmiPwg","l8d9zQdUIRY","BYWd6B7GleM","K94gQq0sJ-U","qDUyZliyRIU","gDIPCZtTGVg","S2Clf5m3Ai8","BF7wHATkHE8","KTl0-EqbwmY","VHMh7DF_ng4","QjSVOZLITcQ","MwZ0MbAwaqY","qVV6Vutk5e8","FcKFVbB87SY","G6FEvcoSl8Q","Ql7lAA-0n4U","DoLtyggMEK8","T3qcb_9lRr0","4csQhMHvQWk","c8vWK1lpMZg","3_iGVWbKygk","cCHJ4WM2gnE","3LrO2qOIhpk"]}
{"category_id":"24","end_day":"18.01.04","number_of_videos":115,"start_day":"18.26.03","total_views":49029880,"video_id":["EyPXz6hKa_s","A02DgEXB2hs","MYoYYQVGCc0","MiUFhVrG598","f-e-4UWd1eA","ng4pyzyrIb4","Uhc6pgU8W88","jE6SRnRZ32k","tDUX2ulqk-c","zYoum2gQip8","qDUyZliyRIU","WJ6F9NG2UWo","pjgbj8KKKdI","m--0_3vTr8I","Y00cvQP9oL4","poftDrTUiQw","S2Clf5m3Ai8","yf4NB3O329U","fb7DPhNbFc0","QjSVOZLITcQ","5ub2ALPl89E","_ICvqEuI7P4","GFS2YfmiPwg","aiTPa9nD-_U","iYKJ3z9auCU","rZAVK_66j84","ki2qncKdkqI","h_epksfkmmw","kZ3ij2i3nHA","fCWrF19GQnM","QE8J6vz3fYs","KhI4xzwYImA","KKTli67I340","53smGgdkBcU","EN_c8gBuvP8","JhVQllFg-2Q","XI8vaIASFmE","PGT1LNRVuNY","58Qy2GEdEg8","GCqA_HhQLHA","qlPU6UYwN90","qARpGcNS0ns","9PDPMR3sL_k","kD6yrB-N0i8","79MjHknHx-Y","4z1cXD4NG-w","a__HU4Tt6PE","mRyRgIW00u8","0_w4OWI_p8o","WwaTzS8tXV0","wpOT5yMPFWU","HXamTw5raPQ","AMGbpPDqnkQ","Oidtf4Ev8cQ","34Kq9jZcge8","YZ1UN5gvLjQ","3IYNmenNBoc","7yT8kR89RZU","XCMyDvUqQnY","qrks9Zu0f1w","OfIhm9SvmX0","1qnu1Bmg_lA","nF3v61P8ZoQ","5KO5E-ROWro","0Y-jrWhBULQ","z1ZnJzOzIaA","KzvqvHkxzsU","4yCsPPhZTms","tDUZe55N1UU","VXhjJZnlESs","T5JtuocuuHY","CWrdxq5OWO0","iSZq3l-Fmbo","keA8FfXMaRg","fETOc6r23ko","7K2PmIM5i98","sGKQeLHnuBw","FrZreXB21YM","YXtWw7609T8","QxCVv3M6AhI","yxyB2OvSzBs","noaGgfTFJNQ","xaQfTINsKGc","CMupY0yjDqg","7Y0GSMYRCzA","L-W5E0-vNUk","N-f-iS-PHIA","pI_UW1F-1c8","jY9Q9jiqKMI","H8eka8W7oBs","Jc8COx3TvpM","bCfmB_FG6os","abqavYCnXiw","OzFdM_S37ms","VmFmCpkvSIY","I_FCP3T7O4Y","hOgBvYyuVKs","M9jyvruYEJc","WdISF-ivBgo","QOaMkRXvEIk","uvSMjZpOguA","Ruxf5EBQTsg","zIBjsnd9Ukc","GPUMSvyH4vc","YqiPaR4mjoE","iWHNNkHZ4mM","MKAEoq_VHYw","T-A24953CdI","YQCywLrgXH0","Dlsf4BAWVEg","x1-ueeO14jI","SJuB0IHbEMQ","niVERJGc3Bw","BZpNWeqkhDo","tm-g-AxahE0"]}
{"category_id":"24","end_day":"18.08.04","number_of_videos":100,"start_day":"18.02.04","total_views":27156146,"video_id":["t-My3vpDBvA","JwB_qfwFXZY","NxvzisNwyQI","pI_UW1F-1c8","SuL-JnQsiKc","taAqKeI9eQY","4mB0xAi1iEA","ElDPLY58pIM","45WAhpRs5Yo","_btXeNuigvw","H8eka8W7oBs","f309S9Y6Q5M","H3LnUt0b9Cg","zxVWKXrmDRM","NzK1AKg41ZE","4AJigX9bJO8","B_HOxcVHyEE","l2hcLfqc4qU","jY9Q9jiqKMI","yMY7-0W9yD8","Dlsf4BAWVEg","2wlYHYFNPtM","G_QCqneZfkY","Me6L_sbd3Ys","SBPUWKby3T8","H1qlY9NWtKk","WJ9lMV8UnSo","3sFFcg0osgU","1wMXRgWAEZ4","8YQnIsREZTk","EqVijmCOfis","QgpmTrkTdmc","KlZYpIM5b5E","YXKCx5B_fEE","2byW16U3tmM","xpK4tK4DenY","s8_a5TxpjIk","w0EXeivltKU","kj1HTVrez-U","9fB0GBwJ2QA","yzq-xYRS5GY","D2Ife4tzCb8","WvOwrLP6Qgs","u_nrjjXlO1M","wBK6GYgdzG0","_sLxAHAvcks","ogTs9uqE-rU","iUjcRQ48ciA","a5neMxN5I5w","g1XvR6LWgG0","1khfKEd8018","OLEp6P5DmUo","vQlU2oxsHe4","fXAlCbVtKB4","p485q7uhcjY","YRNurF82QGs","atpU_6zbsHw","ioJHQk_ady8","wuBiAFU4aXg","dbvKTBrB7Ko","NtxavjjCpcE","wPSxk-nSQXo","06yknTMEMbY","s7X7F9NWtoo","zFFV2Gr8LYo","7mryaMsQw50","-0qyoTYp7Lg","4SMMf-nvg7U","BgMl9H6drMg","mo6Aj5fim4k","oqg2IeXNy6c","hzdyJtjyIo8","1lD9Y8HR1cs","AvD3LO72OcA","VoJrDmf93v0","nCW6WnRoxcU","M6xE9mfd1sk","6gJfw-NVVe8","BW_DMTsSM00","Uzu_E33_TFo","5hLsZ7oHd8E","bvNonoGTjgw","nh_eZnSZCLw","5k0jdnnxbVY","FN479NZ1ZeY","Tbz7Y5-qf1o","tpiNRbSyVG4","WssxscJp9eE","1g5mF_pw3TQ","3rrkcdKFN0o","cphpCPRrIIE","IXGcw48YpOQ","BmoeYztkzBg","S4wVIK13ciM","uKZlI_vu314","PIbj_05_ICo","4yb1yZk86ag","Jsf-2w9THuI","WiJCzFJh3gk","yN0O8UaTnRA"]}
{"category_id":"10","end_day":"18.15.04","number_of_videos":11,"start_day":"18.09.04","total_views":12041364,"video_id":["dUaCEs3HfdI","9dBepLCkjZQ","J-dv_DcDD_A","bqx08H6wfI0","M4ZoCHID9GI","Xe53gFvlUD4","67LFrXVIA00","07HDitEkDhg","OJCkO1w9JoY","QgjgzMxLR3w","5YIThlVcjbU"]}
{"category_id":"10","end_day":"18.22.04","number_of_videos":33,"start_day":"18.16.04","total_views":48938184,"video_id":["9dBepLCkjZQ","dUaCEs3HfdI","J-dv_DcDD_A","JtnPpxe8K7c","DInfmi-YIiw","E8jrQAmQYRA","67LFrXVIA00","tMJyud9sFuk","M4ZoCHID9GI","T-qbxsXgv_4","LFSacMbImys","J2whskXsZe8","k6VdVviZFRg","ng2RyBxm_iM","g4HDfqEWf6Y","y76BJN0_0QQ","UJORrlMkz1A","MsTEzgur1ds","YHmYop9Bc_Q","yhKjkjDM5C8","6l21a-M6jqo","F0c9WalOIh4","FCUPcNBpq4E","2ha8YQ0SyyE","UXN-Vv1z9s8","TQ-B5df2Le8","wLBrjrcMlCo","NWv1m1G_5yw","h3cgHyusc5s","tlILlcCE8Sc","AIu48zGbrI4","VNZ3jKa0y9Q","Aho8h_BYTO4"]}
{"category_id":"24","end_day":"18.29.04","number_of_videos":118,"start_day":"18.23.04","total_views":80012640,"video_id":["Nhmk0wSXl1o","41QTrSsLuok","nLHC3pGgwj4","3RKsPYaBDs0","D2OiJPUbJBo","jSxKvP5VaTA","fvK7Hv-b8dQ","cL1LJ2WPgWY","UlqoobYv8cM","6ZGMomOaRqw","qGVhnuIA_kA","DhR0juCzn3U","TMrUP3VTqaY","gr60GYwc4kw","0xzKguw9tcE","nndXA7mGrhc","5asNqv1u0oI","J3ve3CZ5rog","P3mWuuMeBKI","7HRJaUxUQxA","K9tw0LPYuFw","fBdFlSRSyC8","L_WFqfoORL4","bBMrUsS_lvw","PEbjOAx-ElU","hUG_wnVz39w","ROBFSnYfNX8","5qxNL1XPDnY","17v_08294oo","HI5gaYgG4to","ulTGtpkvwv8","FNAnGJ2yRSE","YvTwcX5G8NU","acCXveTQM-U","tHmAPWOo2jY","fJXWRFizc6E","AJvSZr96vTY","JKa-zo6gJpo","gPuxJYAuT_g","T1ic-3DwFN4","UKkNcfTvVjI","5XiCR7p13Ak","NJPZrEPSLKs","7-1gwm3uvkg","EKiNW_cUMbo","cMN9jqoHQts","5xnZ_CeTqyM","vzPtfvn_X78","kOeFLVLKlMY","cRBl1PkGcbo","rRr1qiJRsXk","u9Mv98Gr5pY","eIp7PYuAu0k","luU2o5o1vPA","AixkpAKEerE","7rTmRRDSRWQ","bjxB0oYI6z8","HE5arCl17cY","nxC8OI9gtiY","te9ZYLuYEC8","589V8qqcJzk","wp5qVJ835pk","RMIpeQHkexE","GvrpSm6d7_E","M-nKvjXmeIM","oCoEN8frx7U","MUufMZHPedQ","cZEumkQ_h6U","SI4MKw2imOM","Q9SIBNWC1F8","TacJGY6L7TE","k5chI_5-HmU","RKO1-0PI18g","TNPn4vnWyew","6k9HO69T-yc","vuHyVP7v8os","StxsWkeQpjM","H9ui6HGyCt0","tL8zSoSGZEI","AM_ijxzt3hY","ow78ktpKcS0","5OiNMz_LoeA","vWFq2T5j390","fBsXBjn-6W0","j2--oxrEdw8","tJZwjj6MC9s","r7fjdsSM7H8","FT4rYF48g20","vhglWbib0z0","Ehl9k5Fsax4","kK1GU2vYV1s","hHTxLbW8JBE","FlVeVqUCrjw","Lzu-KVt7NsI","oMau9WxsAIU","SeW-f3Pynu8","D5D90CLAILY","Ija8gz5YRX8","tcwRfPW7XeU","IS8H4yVjAlo","v6Z4QQIqCU0","nLaQO1rYFLo","_yf4la-ddmc","_lg8sNpeOUM","1DQ8k3-sz-4","0n40nA1RjOY","hq4zK6RaGvU","4Zm-xH11D0c","5JYqTSSH6IA","QJUK0N2R0oU","BQp1O4RqwlA","ZddIRXUIiFs","8w3R7VgOsKk","8r_88-GQg98","ibgIzUoss2c","yVY7yBl6UEA","J1w51DB4LZo","3VUwjNx7Xew"]}
{"category_id":"10","end_day":"18.06.05","number_of_videos":40,"start_day":"18.30.04","total_views":51728508,"video_id":["t0DvlqtufNM","IaeLD8bbZFo","oMNqsSVuYvA","aNwWdF8qq-M","cyPyIj08drw","iWZmdoY1aTE","sVA-SDYndg8","ubawFigGGGU","6RcZKX_Y5Ws","Y4jDso266mc","prpFIbl2ZQo","_3_0nZu1GJk","BqW6YBJx3go","n3liqIgCeAk","l1ERiRFyghk","GWWHI7SE0KQ","FsQvINUjEus","_kPbMBMxKdg","RWFdAgFRDfI","bC4xNZxqMss","M-zfwSqWajw","bFCVXPTJt_4","oRLL2rpgrsg","kYs_-iqfO_k","p19qiGKZmfA","1b9oQiBHMpU","DkeiKbqa02g","1E9j4689ZWQ","Ab7wBY666vY","mAGWdbngsek","Rj-QHYOheSY","XHsdVLHYCnM","m82CeMRZ3WA","woXWxwtLDS0","G7RW-KVDeEo","v8JWgpbIIeM","bD2T_YuVhrw","iXK0xmn3vMc","9s7_dnARi6o","p1SMYy9sE9Y"]}
{"category_id":"24","end_day":"18.13.05","number_of_videos":106,"start_day":"18.07.05","total_views":52621096,"video_id":["QX-yPEu885s","BvoDi0PpFPo","GoAdwD3VBV0","xOYNd577rIg","0fFw-q98GQY","ttMYkpL03CE","WxpVc_8QzeE","dD-YA5GXp4s","vBOFnyucDcA","w9BJkvwHquU","9NUBYNqNazM","RU6Y6ZRkP9Y","M0DJx_EqFxU","6Q0AazVu1Tc","AkUgf2jIPyI","rlwkjeevtZU","t3U05X9UbPA","7KolfbvdcLI","oUENTeHPdC0","0z_ER0n1mbA","FgX2_Xefelg","BGe1HKXZU_0","RBL0U_jyfXk","SkoVHIQXtog","i-zfoywTw-g","z8f7cPHN0SA","A1L8vkywBcg","VUH_DIgULc0","dmYghbivxWQ","fQvYMRtjQJU","bAhxSr6yY00","4QAkdymQb5c","qdlX4Di8O2A","Ytrg7kIwLhY","6JymCwpTnS8","gWoyEc-n1GE","qN_zQOeGfu4","mXQuto1fMp4","BjaEca-Oa_Y","0l35jAGQPOI","koQ_MZcIF_U","ZRyXRhxtyb4","1KbFEKsmRwA","4eZxvnmnrvk","0XuOkYlUWIs","VEvTU59QxK4","haZYCCPnnj4","7xkPdmPjplY","n5tcTFTUDH8","rOv6kBZbk00","zKUtYpUsjjg","6IK70-nLc_g","A1hRXruLKw4","Ny6T1WyLK2k","4YHhMz4QASs","EBALpepxigU","yi23MMG7zKQ","W7S4jPxaPno","C5z6jcw0LP0","iNQq32twAH0","yqoSnfnFT3U","RJKdrsWCgus","vB5iSOSfZpU","e6d5TOZk2-4","Rgr8u4iAjTk","GRTGJ5bgV3M","rcYdMd908AI","2GhCUd6SQdg","_unz4N9IIYc","0oaoxj65iy4","a6kEj3LI8xs","GwpZKy05D-w","j5maoYx2_F4","wQjmJOk2ctE","qQpGmDhxgRE","5yfvTsLUazQ","wn963ng2igQ","39iCCXA8uC8","K1Xm4iPTQGo","sGEwug3liqU","WtGDvbmTYtk","dbhT0P2N_FA","TE3tEl9S27U","WhZ-9aJXsXY","aiZYzq0MtL0","EqmIKVZHSJU","e8b31uqh_YQ","Q6M255BZ0HU","vJJxV4goxo0","tHd0twRKZ9s","x9-C1Zr0lKQ","3emHDYBbIrE","MKSaI7dTYME","aUCeQdu-lM4","Fn36EVTC3kY","pSz4jfv9hlo","30mSNZtgAdE","FSSbGBIY_-I","TI09lRZ19QQ","UfKmSfgFxi8","FvwiZtJLtt8","9qCNq52GBI0","OkxCkz1KCZo","gOy4HbD6bfQ","llr5eNlskGM","00nigwd2aGI"]}
{"category_id":"24","end_day":"18.20.05","number_of_videos":71,"start_day":"18.14.05","total_views":44755694,"video_id":["T6nZ2yXrh6A","f6zIqnPxRMc","0rxtYQSf6BE","eDFkaR4guz0","te8YyVDvjLY","uk9otWH4hIU","RVQJ2DnBfWg","QyKjemyDJMg","vJJxV4goxo0","g_AotHkf5QE","DUJFJ23RW6g","R4LA6v2u47Q","6XeuMzd5Na0","z-uUOFG59XA","UpwcofzPPec","ShC0BANlgh4","nuIoxlJYCXI","_zZuXsHW82U","mcU26JO6Xrg","xBht9TG7ySw","7DOk1KMtd9M","eszAgtg-Z9U","F07glrBPJ8o","S8NbmjKEy_A","nn5GU5Fiyus","jH93U3_8044","bscQk5nBQqw","I4PzRRZ_8B0","BzrYAbVwioU","XNqdFxwtuo4","xrs6-RgAQ-8","2Yfi8XxI6fw","GUQuLss6nzA","CFgGmk3KGmQ","1VXw7T244jY","I2hExqRK9ts","-Tzrej7X-1U","CaNIlCM5G2o","nlozE2m-NMc","BmJUu5GqdpE","BNdPAEBEhQU","Txsj-DgYbv4","VlDQAWVjYuY","w6ae8kGEJK8","aGxE3HibqWY","Q9Tk-M0FcuI","Yj7U4E8NUUE","Hx1Tdg6Mp64","7k_5vluwRAI","P4t80OyKius","Lrn8i2zFtG4","Cmcwns8jCpU","_CP07rMx5Gs","bvNrTJM2MYw","sWolkgKs2og","f_R9_xdhuNw","BC7RkUQjUKc","vwe-yqcsM3U","jVXQ0ofH45k","mjIi2H6al5Q","iIcgliXe4nU","CgobAvfsXWQ","I6kx5GKJYGw","Zua6WUB6iV4","lJAySKHHg5k","ixvhgpPPHX0","NdVkyJqM1XU","qh3lrVdQXE8","6NEEhWP_tRc","mQNDGTfma0w","TKwA-wBKXkU"]}
{"category_id":"10","end_day":"18.27.05","number_of_videos":32,"start_day":"18.21.05","total_views":53900596,"video_id":["j-I0Uxbh1uY","y-PQiShdTKA","Nkh00qokVBA","iPimqm8a1Nk","6CL8RdmcYwQ","si-SWBSJvTI","5iKIqK6iBuo","Z6t2EpwtJxM","Gsj3Uj2MAGo","9l6ZsvNWEtE","wICmv0cw8So","aWDsUYX9S7k","LBouZZqO0mc","Gwb6XaddA20","ldW4kgaLCiE","Q-A62p6sJ5E","FjoH83si-bE","V9tw4yMJ600","iSallxKpm8Y","4Poic_Mj8WM","lN9WqViMBKk","XVsEuEN-9Z8","voG07pt-KYI","E5bO-chVuZQ","LSWZGgJ0K0Y","qSyGvA3kugI","e8XoJsBCi2k","zrUl5WgyquY","D9kxpUcWID0","c35eFM3ai6o","aOctSYoPLXk","Dh9oLcNK5dg"]}
{"category_id":"24","end_day":"18.03.06","number_of_videos":100,"start_day":"18.28.05","total_views":38975703,"video_id":["_WLRrZE4Ug4","4lq43svBFLA","UNIXnayqdHw","LmYWMB-u73M","bINdKq2K_WE","ZSd1Ll2nnCw","SalvkPyC-pk","PGoKaLp1Nro","pD01wFRmM98","cClJGI_TY_U","bPQegnJ1loo","U0PWKkf4gow","wlYEgwwSb4M","WtZ67PxaQDQ","bYP_6IOPv88","NDgGal7bj5M","uqIimB2dt4s","i7DiqkznlvE","P1TvbCi5Zak","RAOS3nP2oY0","rsII-IIPFSQ","L59DvD-q61U","ql-WQp-jKp0","QCybY-kdhIU","naGY4_ZVDd4","hPkzZO4nT6Q","ruD-L3FI3VQ","8D1fLSgvFnc","vDadyTfYXjE","KY4Ulc7f7Po","FlEbEGTCLZw","qpQo_-25zOg","MaKUmY3E6fk","D6XxicOdFfo","yNXW6Yr0EeI","mwd9Y8UROGE","i8Ho5Q54IbI","b_7I7kANNgI","C_2ZH7K2sL0","tuam-FqCkhI","PXlVzMiRIHw","MZO8IgL2mN4","rAYdbt8Xor8","bPfiWUK3-90","qjx-PP8lw1Y","ogBL0952thY","SDCffmveHp0","1J76wN0TPI4","VGQ1BM_DKKU","BqoRhZM4Sas","5Y1SzdjGb_8","XJ9SzV8gSwQ","GqVZrcSDVBY","2d69Yfuimk8","__03GOeEMZI","4jlzBKYIhjc","3lCn-hLeB4s","gPYKPJ1RYJA","WZk-mJUQb1Q","cBGIbzzSJCE","uNy1ir0OO7E","UH7Y28tbjsk","zys43i_RKHM","fe4_MN9k-yg","nePS94qjI6c","t0zZIFVN8zQ","cPxii4_WJes","nSESXknYE_Y","_MBDzGNYsFo","s2a1T9kK_e4","KcoWdDrPkaE","T0UuGU7Uipo","kzEQNDNaSXA","_Swzcu4en3s","gR0XvajmaMY","TGxBmuU5NkY","EDy1vR0n204","IF1BHPB5GSc","gXHau5ebHLo","GEXuZmSNbUc","xvDm4koa4CE","vFWlCsjWFMw","M0oZG60WD9Y","VQLv3xBbHtI","NO4qNHkaZn0","dROvhepEATs","Qylxag3_RhM","rKBHwWJOjtA","Nl7xXyFzIV0","iiQlL8amoPQ","mzK5Azn0Mrg","yfhPNUeeMEU","fnHorZxcwyM","vWpQK8UsoBg","SXC_w2_PU3A","0AGMg91t4sE","MlEQZ0qY7vk","2QTPYBK_iLg","MRNHC9t7C0c","rtwzZzPkyS4"]}
{"category_id":"24","end_day":"18.10.06","number_of_videos":94,"start_day":"18.04.06","total_views":96109934,"video_id":["vFWlCsjWFMw","1J76wN0TPI4","UbFo4U43e5g","M0oZG60WD9Y","y-hg-wS732I","2h8sbU6iZHQ","sosljVNKfgQ","2s4GMLkTNv0","cSLv_HM6tr0","Qylxag3_RhM","VQLv3xBbHtI","5gWsGXJTuPQ","l_zhJyIDO4s","elBmCws127w","EDy1vR0n204","BqoRhZM4Sas","D5Mq4E62oss","VGQ1BM_DKKU","T2YJYVYYhfI","MfZKOiaq0sU","ht0k6-Ihu3U","aK-Bo7NqUyg","6kn4iy0pg8Y","JmgvRzHNDVc","7uD3bnbG2sY","5hpkINjCf7A","68406oiodLA","9_mHg7Xx32Y","tWzUQyoJr1I","gWNPhBou7T0","3AJECml36C8","KeBpmhyz2Gg","TUsuorh1dv4","IB-a8J6sz_A","DPbheyCNXFM","28j8h0RRov4","y8M5KuXHGik","Ubdg1z4N7Rc","TOuz_GxO-H4","bF_naHpa-T4","or1hMNj6-I0","tMQ7VVit04M","oHvCLICs8Sk","dfJLdQbhLSI","HJLiyZ618-Q","ZTZrWUQywyA","IKiJsr5mm3A","TfTDVXXs5LE","7ZuY-Spr3Yo","LdWS3t9PMvY","TQFKWUPQnVM","y39OCwSCmZU","HlKgaAcCnls","qFy5XyZsUeo","2kxeAg1Ydi0","yHRlVjx3tGk","g4Hbz2jLxvQ","DGjs2c_FQmg","1jhbgD4BGvM","xuzU4ji5Ms4","dpf2-sB8Yxk","jjdq3E8tSGg","03CrCnAq3xA","RK5xfFFQsTw","prgbaGi7_Ls","0yDowZSS26Y","R1B-WENvg74","Ql6MD0WoV68","Jodbdj52Vc0","g2orJgNOpnU","SiduJA4p7SQ","naW9U8MiUY0","KEj2jmEjP_4","bc5oDTmaFWY","phBgk_3m0Do","25xrub6bxeo","5CbJqvlLf7Y","t4ALGzx39Zw","D7q5y2chaTk","nP4eMiaGpog","1p1oCoMjqvQ","s9CB7FxjcbQ","JNZXF7Qi3Ec","HX1RBvIGsj8","UPbi1oG5UPg","EJsp2HSTyOM","yyHk8eG0VHw","b0Q0thPEnwM","Hd1PfUUjoWE","FIHU2IwhrwU","gQ9OK6Fr5qo","Jlbs-kVZB5s","ek1ePFp-nBI","EIc3B5ljJwc"]}
{"category_id":"10","end_day":"18.17.06","number_of_videos":21,"start_day":"18.11.06","total_views":26333933,"video_id":["64UX1npgRkI","6MdyvhrtLBs","dUNeStFgxWs","mRbvhHil2hI","9fyeNrb7wag","dMNHW4IAOd0","UfS84WABvkQ","BUobY0YtF48","Majhxb0QwaY","a_c4eabLFS8","GtYz-CXBlXE","LpYlebfz4fw","a4oVaZ2O8iI","z7ddTuNukvQ","mfC-E6oku9s","JMNIdf5tyro","yh55XHVioo8","Q5tj5ZmP7mk","rACUJRvOKy0","lctpxIeBFWA","0G0Naw43hGQ"]}
