{"channel_name":"The Tonight Show Starring Jimmy Fallon","total_trending_days":208,"video_days":[{"trending_days":1,"video_id":"BsjQqm60ZEI","video_title":"Dance Battle with the Stranger Things Kids"},{"trending_days":8,"video_id":"gjXrm2Q-te4","video_title":"Jimmy Fallon Pays Tribute to His Mother Gloria"},{"trending_days":6,"video_id":"89PKbJ2NAqc","video_title":"Maroon 5 Busks in NYC Subway in Disguise"},{"trending_days":2,"video_id":"4FgV0yBZG6E","video_title":"Star Wars Whisper Challenge with Daisy Ridley"},{"trending_days":6,"video_id":"Fh3zmz7Ravw","video_title":"John Boyega Shows Off His Best Michael Jackson Dance Moves"},{"trending_days":1,"video_id":"l4HxWVA59zk","video_title":"St. Vincent: Slow Disco"},{"trending_days":2,"video_id":"WsZXJKfJ52g","video_title":"Bridget Everett Performs a Karaoke Version of Miley Cyrus' The Climb"},{"trending_days":3,"video_id":"wLZIWQnACjc","video_title":"Niall Horan: Too Much to Ask"},{"trending_days":7,"video_id":"mriYyuDmB58","video_title":"Zendaya Shows One of Her and Zac Efron's Trapeze Fails for The Greatest Showman"},{"trending_days":1,"video_id":"KMTJrFPie6w","video_title":"Jimmy Fallon, Anna Kendrick, Darlene Love & The Roots Sing Christmas (Classroom Instruments)"},{"trending_days":1,"video_id":"P2z7Jwu5OfQ","video_title":"Rebel Wilson Shares the Secret to Her American Accent"},{"trending_days":19,"video_id":"8LPVjHxXvJM","video_title":"Jimmy Interviews Cardi B"},{"trending_days":2,"video_id":"mRo6MnXObuE","video_title":"Camila Cabello Debuts Never Be the Same"},{"trending_days":3,"video_id":"hcCCe_R8e9U","video_title":"Camila Cabello Almost Kissed Nick Jonas on New Year's Eve"},{"trending_days":1,"video_id":"QqJZxmU-iZM","video_title":"James Taylor Sings Fire and Fury (Fire and Rain Parody)"},{"trending_days":2,"video_id":"P6K9Y6FWo74","video_title":"Jimmy Fallon, Camila Cabello and The Roots Sing Havana (Classroom Instruments)"},{"trending_days":6,"video_id":"QsSxRElRe1I","video_title":"Tag-Team Lip Sync Battle with WWE's Triple H, Stephanie McMahon and The New Day"},{"trending_days":1,"video_id":"g7IfZX91qV0","video_title":"The Gentlemen's Chorus Sings Green Day's Good Riddance"},{"trending_days":6,"video_id":"d6wJfdfFnYY","video_title":"Migos: Stir Fry"},{"trending_days":1,"video_id":"VSKuhdmYkUU","video_title":"Liam Payne and Rita Ora: For You (Fifty Shades Freed)"},{"trending_days":3,"video_id":"SDGHRQyZKes","video_title":"Sam Smith Will Only Do Karaoke to Fifth Harmony"},{"trending_days":4,"video_id":"nE_TyW-7F4Q","video_title":"Justin Timberlake on His Super Bowl Halftime Show and Prince Tribute"},{"trending_days":1,"video_id":"Rtyv9919Lh0","video_title":"Kylie Jenner Reveals Her Baby's Name, McDonald's French Fries Cure Baldness - Monologue"},{"trending_days":12,"video_id":"af6L1jBZGYA","video_title":"Jimmy Fallon and Paul Rudd Recreate King of Wishful Thinking Music Video"},{"trending_days":5,"video_id":"Ox-DSihhpBM","video_title":"Chloe Kim Photobombs Fans and Finds Out She Made the Cover of Kellogg's Corn Flakes"},{"trending_days":3,"video_id":"yzJtC835sio","video_title":"Google Translate Songs with Kelly Clarkson"},{"trending_days":5,"video_id":"PdWe5ULGy_s","video_title":"Singing Whisper Challenge with Alicia Keys"},{"trending_days":8,"video_id":"ZKg3jKEbgqs","video_title":"Marshmello & Anne-Marie: Friends"},{"trending_days":2,"video_id":"UM_3NQtO9BE","video_title":"Kali Uchis ft. Tyler, The Creator: After the Storm"},{"trending_days":3,"video_id":"XAcjj16GMR4","video_title":"Rihanna Chased Down Aaron Paul in a Parking Lot"},{"trending_days":1,"video_id":"XKrV_JqZX1Q","video_title":"Name That Song Challenge with Blake Shelton"},{"trending_days":1,"video_id":"dl7tsRkAD7w","video_title":"Virtual Reality Pictionary with John Boyega and Bella Thorne"},{"trending_days":1,"video_id":"eYf1IKFNHgM","video_title":"Panic! At The Disco's Brendon Urie Sings the DuckTales Theme Song"},{"trending_days":11,"video_id":"kD-_iyS95AQ","video_title":"History of TV Theme Songs with Will Smith"},{"trending_days":2,"video_id":"oU651Rj9QP4","video_title":"Black Panther Stole the Idea from Tracy Morgan's Black Bobcat"},{"trending_days":2,"video_id":"7SAisWFutbw","video_title":"Dr. Evil Gets Fired from Trump's Cabinet"},{"trending_days":4,"video_id":"GoNT7uT8oTA","video_title":"Al Capone Helped Jack White Make Humoresque on Boarding House Reach Album"},{"trending_days":1,"video_id":"hNpgwz8wvE8","video_title":"Rex Orange County: Loving Is Easy"},{"trending_days":1,"video_id":"lq0WUudJiSM","video_title":"Offset & Metro Boomin Perform Ric Flair Drip with the Real Ric Flair"},{"trending_days":1,"video_id":"A9R5tJPbcKI","video_title":"Wheel of Freestyle with Black Panther's Letitia Wright"},{"trending_days":4,"video_id":"lHNmUUi6LzM","video_title":"Tina Fey Addresses 30 Rock Reboot Rumors"},{"trending_days":1,"video_id":"VVoePRCvENk","video_title":"Adam Sandler FaceTimes Justin Bieber While on Vacation"},{"trending_days":1,"video_id":"ZNsvGhLM42c","video_title":"One-Second Prince Song Quiz with Questlove"},{"trending_days":5,"video_id":"82QbMrg2HoI","video_title":"David Blaine Sews His Mouth Shut in Insane Trick (w/Jimmy, Priyanka Chopra & The Roots)"},{"trending_days":1,"video_id":"rXqh6AcIb-c","video_title":"Ariana Grande Spills All the Tea About Her Album Title and Release"},{"trending_days":1,"video_id":"NaY91YjVbEM","video_title":"Musical Genre Challenge with Ariana Grande"},{"trending_days":9,"video_id":"VZsBRynPXHY","video_title":"Jaden Smith: Icon"},{"trending_days":1,"video_id":"R9YYmoJjBxI","video_title":"Fast Dance-Off with Jennifer Lopez"},{"trending_days":4,"video_id":"DHMBJ2do1XU","video_title":"Arctic Monkeys: Four Out of Five"},{"trending_days":6,"video_id":"m6lY1GXTu5M","video_title":"Ariana Grande, Jimmy & The Roots Sing No Tears Left to Cry w/ Nintendo Labo Instruments"},{"trending_days":25,"video_id":"zbGSbZXzvqw","video_title":"Cord & Tish (Will Ferrell & Molly Shannon) Preview the Royal Wedding"}]}
{"channel_name":"TheEllenShow","total_trending_days":207,"video_days":[{"trending_days":2,"video_id":"vht9VHo8r5c","video_title":"Ellen in Adam Levine’s Ear"},{"trending_days":12,"video_id":"8hKbIhrb1WU","video_title":"Kim Kardashian Lets Gender of Third Child Slip"},{"trending_days":3,"video_id":"IOuFE-6Awos","video_title":"Ellen Makes 'Friends' with BTS!"},{"trending_days":1,"video_id":"jrfsschAssI","video_title":"Liam Payne Answers Ellen’s Burning Questions"},{"trending_days":3,"video_id":"OZqsFkJpvj0","video_title":"Ed Sheeran on His Girlfriend and Working with Beyoncé"},{"trending_days":1,"video_id":"JgByDCdtNE8","video_title":"Tiffany Haddish Details Her Dinners with Barbra Streisand & Taylor Swift"},{"trending_days":3,"video_id":"TbniWvd5OZ4","video_title":"Lin-Manuel Miranda Performs 'Hamilton' in Under 3 Minutes"},{"trending_days":1,"video_id":"PE6a5Amt7O8","video_title":"Gwen Stefani on Her Experience in the L.A. Fires"},{"trending_days":4,"video_id":"bye513KciIk","video_title":"Gwen Stefani Talks Moving in with Blake Shelton"},{"trending_days":1,"video_id":"SWeEeugBQ6w","video_title":"Sia Unwraps a Special Holiday Performance of 'Snowman'"},{"trending_days":5,"video_id":"h_67XloYXTc","video_title":"Will Smith Watched His Sons Jump Out of an Airplane"},{"trending_days":14,"video_id":"aP0izmLk-Q8","video_title":"Ellen Is in Justin Bieber’s 'Mistletoe'"},{"trending_days":2,"video_id":"WY_l86QcMmA","video_title":"Ricky Martin Talks His Tush"},{"trending_days":5,"video_id":"7Khl8D9RVvw","video_title":"Khloe Kardashian Talks 'Surreal' First Pregnancy and Possible Marriage"},{"trending_days":4,"video_id":"Pl9oc13p534","video_title":"Tom Hanks and Meryl Streep Play Each Other's Iconic Characters"},{"trending_days":2,"video_id":"6781x0TTSks","video_title":"Demi Lovato Plays 'Who'd You Rather?'"},{"trending_days":1,"video_id":"BFZz8wHL2a4","video_title":"Camila Cabello Heats Up the Stage with 'Havana'"},{"trending_days":7,"video_id":"QVoleJYgdM8","video_title":"Saoirse Ronan Plays 'Who'd You Rather?'"},{"trending_days":13,"video_id":"Xz3GEsF-VKA","video_title":"Pharrell Meets Ellen's Favorite Kid Trainer Demarjay"},{"trending_days":1,"video_id":"BWhqHJtvbPo","video_title":"Gus Kenworthy Thinks the VP Is a 'Strange Choice' as Leader of U.S. Delegation at Olympics"},{"trending_days":5,"video_id":"KTbOAMEmnfI","video_title":"Sean 'Love' Combs Makes a Fashionably Late Entrance"},{"trending_days":8,"video_id":"colIbxVLUrA","video_title":"Dua Lipa Shows Ellen Her 'New Rules'"},{"trending_days":1,"video_id":"aydY1eiGjgs","video_title":"'The Greatest Showman' Star Keala Takes the Stage"},{"trending_days":1,"video_id":"z0iTGgVhPKE","video_title":"Oprah Finally Has Celebrity Friends, Thanks to Ellen"},{"trending_days":1,"video_id":"_bzQ6sMFUb0","video_title":"Parkland Student Activists Talk Gun Control"},{"trending_days":2,"video_id":"Ob48twC1yf8","video_title":"Parkland Shooting Survivors on the 'March for Our Lives'"},{"trending_days":1,"video_id":"hEXCdNnUErY","video_title":"Heidi Klum Plays 'Who'd You Rather?'"},{"trending_days":2,"video_id":"bTE_EEuVRe0","video_title":"Ellen Surprises Jimmy Kimmel with a Dedication to His Son"},{"trending_days":1,"video_id":"vN-9kXivHZ8","video_title":"Olympic Ice Skater Adam Rippon on Being a Hero for LGBTQ Youth"},{"trending_days":12,"video_id":"mctn16hLzhg","video_title":"Jennifer Lawrence Explains Her Drunk Alter Ego 'Gail'"},{"trending_days":1,"video_id":"5SkwvwSydmk","video_title":"Sean Hayes and Ellen Have a 'Battle of the Gays'"},{"trending_days":1,"video_id":"ckS1F3mJzb0","video_title":"Kendall Jenner Doesn't Have Baby Fever"},{"trending_days":4,"video_id":"YiEFcURJ67U","video_title":"RuPaul Wants Judge Judy on 'Drag Race'"},{"trending_days":2,"video_id":"CW_UQL2gm7w","video_title":"John Oliver's Children's Book Trolls the Vice President"},{"trending_days":16,"video_id":"yOOiVK31h7g","video_title":"Camila Cabello Performs 'Never Be the Same'"},{"trending_days":4,"video_id":"1XKSo2mFC6c","video_title":"Kid Yodeler Mason Ramsey Performs"},{"trending_days":7,"video_id":"J-7FkW1Cuic","video_title":"Steve Harvey Dishes on the Kardashian/West 'Family Feud' Episode"},{"trending_days":7,"video_id":"GZlCYNxt-Jk","video_title":"College Student Wows with Her #Beychella Moves"},{"trending_days":1,"video_id":"23ILq4uxd-w","video_title":"*NSYNC Plays 'Never Have I Ever'"},{"trending_days":2,"video_id":"efNXlVeeLIw","video_title":"Waffle House Hero James Shaw Jr. Meets His NBA Idol Dwyane Wade"},{"trending_days":5,"video_id":"xIZYxqqpjJQ","video_title":"Kris Jenner Speaks Out About Kanye West"},{"trending_days":2,"video_id":"CpXaNIT8P5I","video_title":"Adam Levine Wants a Maroon 5 of Kids"},{"trending_days":8,"video_id":"GiEuzWc62V4","video_title":"An Unforgettable Performance by Panic! At the Disco"},{"trending_days":8,"video_id":"OKA-3wsJTs4","video_title":"Sandra Bullock Answers Ellen's Burning Questions"},{"trending_days":11,"video_id":"pO481doRObY","video_title":"BTS Takes the Stage with Fake 'Love'"},{"trending_days":1,"video_id":"COeinmZMYaQ","video_title":"Young Dylan Covers Kendrick Lamar"},{"trending_days":8,"video_id":"bNJOpnztYgg","video_title":"Samuel L. Jackson May End Up in Wakanda"}]}
{"channel_name":"Jimmy Kimmel Live","total_trending_days":207,"video_days":[{"trending_days":1,"video_id":"NWdc7PyZNLA","video_title":"Guest Host Jennifer Lawrence Interviews Kim Kardashian West"},{"trending_days":3,"video_id":"VsYmwBOYfW8","video_title":"Mean Tweets – Jimmy Kimmel Edition"},{"trending_days":12,"video_id":"nlodY8nMw-A","video_title":"BTS Surprises Super Fans & Their Moms on Kimmel"},{"trending_days":1,"video_id":"JAcKgCfTSq4","video_title":"Bono and Chris Martin Sing 'One for My Baby' with Sean Penn Cameo"},{"trending_days":1,"video_id":"0W86V2KcqiU","video_title":"BTS EXCLUSIVE Off-Air Performances"},{"trending_days":4,"video_id":"8kFnLQySIzU","video_title":"Jimmy Kimmel on Twitter War with Roy Moore"},{"trending_days":2,"video_id":"aw-r_G7rfnU","video_title":"Guest Host Chris Pratt & Chris Stapleton Sing “(I’ve Had) The Time of My Life”"},{"trending_days":4,"video_id":"KXRYlfjlFLk","video_title":"Tracee Ellis Ross’ Children’s Book for Handsy Men"},{"trending_days":2,"video_id":"yqulWPljawo","video_title":"Jimmy Kimmel Returns with Baby Billy After Heart Surgery"},{"trending_days":2,"video_id":"BLOIU9DpLq4","video_title":"G-Eazy with Halsey - Him & I"},{"trending_days":20,"video_id":"INHVfx05Sy8","video_title":"Will Smith on His Competitive Friend Michael Jordan"},{"trending_days":1,"video_id":"bJ-wMCV05EI","video_title":"Sean Diddy Combs Reveals New Name"},{"trending_days":4,"video_id":"NJAtY43vsl8","video_title":"Khloé Kardashian Reveals Pregnancy & Delivery Details"},{"trending_days":1,"video_id":"0RxhuBwCwMs","video_title":"Meryl Streep Fails Oscar Quiz About Herself"},{"trending_days":4,"video_id":"rMFxV-l3qG0","video_title":"Trump ACTUALLY Called These Countries S**tholes"},{"trending_days":2,"video_id":"WipbEpll-rQ","video_title":"Hawaii's Weekend Missile Mishap"},{"trending_days":1,"video_id":"VGPKryH8D2o","video_title":"Wolf Blitzer Accepts Donald Trump’s Fake News Award"},{"trending_days":12,"video_id":"FvBcYkY7ZGo","video_title":"Adam Levine Almost S**t Himself While His Wife Was in Labor"},{"trending_days":8,"video_id":"FTldNZ7V8ls","video_title":"Jimmy Kimmel & Stormy Daniels Watch Trump’s State of the Union"},{"trending_days":6,"video_id":"AtCLwYFRp4o","video_title":"Hair Stylists React to Trump’s Hair Flapping in the Wind"},{"trending_days":1,"video_id":"w9JQf4Lw46g","video_title":"Charles Barkley on Mean Tweets, Eagles Win, Lakers & Marijuana"},{"trending_days":5,"video_id":"Z0vLiQLpsc8","video_title":"Jimmy Kimmel on School Shooting in Parkland, Florida"},{"trending_days":2,"video_id":"xe6o4ex7-YA","video_title":"Jimmy Kimmel on His Reaction to Fergie's National Anthem"},{"trending_days":11,"video_id":"QZL2NrrhjHY","video_title":"Guillermo – God's Plan"},{"trending_days":1,"video_id":"8U88dHTfDiA","video_title":"Katy Perry Guesses Who is from Her Past"},{"trending_days":2,"video_id":"ahSKGi_21xg","video_title":"Mean Tweets – Music Edition #4"},{"trending_days":5,"video_id":"goR0ki9OUts","video_title":"Kobe Bryant on Fighting Shaq"},{"trending_days":6,"video_id":"6BhLaE0PHRA","video_title":"Lionel Richie on Embarrassing His Kids, Awards & Stevie Wonder"},{"trending_days":11,"video_id":"t9QxlDaI3Y4","video_title":"Dua Lipa - IDGAF"},{"trending_days":3,"video_id":"UuGl1BVCr1Q","video_title":"Roseanne Barr & John Goodman on Roseanne Return"},{"trending_days":2,"video_id":"CmO2143BzYA","video_title":"Jenna Fischer's Wardrobe Malfunction"},{"trending_days":2,"video_id":"yN0O8UaTnRA","video_title":"John Cena's Epic Response to Dwayne Johnson's Threat"},{"trending_days":6,"video_id":"LVPzYHk5VW8","video_title":"Daniel Caesar and H.E.R. - Best Part"},{"trending_days":1,"video_id":"OtkMzh9lilI","video_title":"Gwen Stefani on Her Fans & Las Vegas Residency"},{"trending_days":11,"video_id":"9XaUPRA6ZAI","video_title":"Jimmy Kimmel Pranks Scandal's Josh Malina"},{"trending_days":10,"video_id":"OrnpSe4OChM","video_title":"Mean Tweets – Avengers Edition"},{"trending_days":2,"video_id":"r2vDabFVj-A","video_title":"Miley Cyrus on Smoking Pot & Liam Hemsworth Scaring Her"},{"trending_days":7,"video_id":"Am6NHDbj6XA","video_title":"Donald Glover on This is America Music Video"},{"trending_days":5,"video_id":"2vPw8QbzFTo","video_title":"Laurel vs. Yanny"},{"trending_days":4,"video_id":"NBOT5jigRy4","video_title":"Miley Cyrus Pranks Jimmy Kimmel"},{"trending_days":10,"video_id":"-i1_jpjmdJE","video_title":"Blink 182 - I Miss You"},{"trending_days":2,"video_id":"0Np4K_PAfnI","video_title":"Generation Gap NBA Edition - Isiah Thomas vs Isaiah Thomas"},{"trending_days":5,"video_id":"4FXO1Ydzkpk","video_title":"Mariah Carey is Writing Songs with Her Kids"},{"trending_days":2,"video_id":"UbmGPOHJYpA","video_title":"Kevin Durant on J.R. Smith Blunder, LeBron James & Partying After Finals Win"}]}
{"channel_name":"Saturday Night Live","total_trending_days":206,"video_days":[{"trending_days":3,"video_id":"3s1rvMFUweQ","video_title":"Taylor Swift: …Ready for It? (Live) - SNL"},{"trending_days":2,"video_id":"j7WlcSwe8Ws","video_title":"Weekend Update on Donald Trump's Asia Trip - SNL"},{"trending_days":1,"video_id":"hSXf6ozQEwo","video_title":"Leslie Jones Had a Dream Just Like This - SNL"},{"trending_days":12,"video_id":"_H1vcldAsP0","video_title":"Eminem: Walk on Water, Stan, Love the Way You Lie (ft. Skylar Grey) (Live) - SNL"},{"trending_days":2,"video_id":"B3S9H0129Rw","video_title":"Saoirse Ronan and U2 Can't Understand Kenan Thompson - SNL"},{"trending_days":5,"video_id":"1l26UFQ06eQ","video_title":"Welcome to Hell - SNL"},{"trending_days":2,"video_id":"yqFIrrcmsJI","video_title":"James Franco and Kate McKinnon Get Beaten by SZA - SNL"},{"trending_days":7,"video_id":"A8HLnDP6uRM","video_title":"Visit with Santa Cold Open - SNL"},{"trending_days":1,"video_id":"hOulcmOHCIQ","video_title":"White House Tree Trimming Cold Open - SNL"},{"trending_days":21,"video_id":"ibI5-k5sin8","video_title":"Cut for Time: New Year’s Kiss - SNL"},{"trending_days":2,"video_id":"d6awT91VKUw","video_title":"Sam Rockwell, Not Halsey, Won a Golden Globe - SNL"},{"trending_days":5,"video_id":"AiyZ92_JZxA","video_title":"Morning Joe Michael Wolff Cold Open - SNL"},{"trending_days":2,"video_id":"HaI5lLd3RvE","video_title":"Jessica Chastain Is Not Afraid to End Kenan Thompson - SNL"},{"trending_days":5,"video_id":"ZJkc_C5-Cd8","video_title":"What Even Matters Anymore - SNL"},{"trending_days":2,"video_id":"kDVMAIGZvvw","video_title":"Leslie Jones Does a Mean Will Ferrell - SNL"},{"trending_days":4,"video_id":"lpkRFHSpvGI","video_title":"George W. Bush Returns Cold Open - SNL"},{"trending_days":3,"video_id":"PUqi2P0ry6Y","video_title":"SNL Host Natalie Portman Will Not Be Rushed"},{"trending_days":28,"video_id":"QS8bma7LRX4","video_title":"Natalie’s Rap 2 - SNL"},{"trending_days":4,"video_id":"6IL4sMC_XBE","video_title":"Presidential Address Cold Open - SNL"},{"trending_days":1,"video_id":"Y5Zu1P4Hg3E","video_title":"Host Sterling K. Brown Really Loves SNL"},{"trending_days":2,"video_id":"3K4WG7Tqza4","video_title":"Sterling K. Brown Hosts SNL, Not This Is Us"},{"trending_days":4,"video_id":"pkJtiVCMXVg","video_title":"Family Feud: Oscars Edition - SNL"},{"trending_days":1,"video_id":"rqeQ2hRDDbc","video_title":"Pete Davidson and Chris Redd Are Bill Hader’s Biggest Fans - SNL"},{"trending_days":2,"video_id":"yVm38JyRCVQ","video_title":"SNL Host Bill Hader Explains Show Biz to Arcade Fire"},{"trending_days":3,"video_id":"LAQRtjvtQRo","video_title":"Weekend Update: Stefon on St. Patrick's Day - SNL"},{"trending_days":7,"video_id":"54BVvP7zvDQ","video_title":"Queer Eye's Tan France Takes Pete Davidson Shopping - SNL"},{"trending_days":9,"video_id":"NoyaSowvcJw","video_title":"Creating Saturday Night Live: Live Music - SNL"},{"trending_days":1,"video_id":"HfIgfy0HJHU","video_title":"Chadwick Black Panther Boseman Is Hosting SNL"},{"trending_days":2,"video_id":"wqsu0vtxQWY","video_title":"John Mulaney Tells It to You Straight - SNL"},{"trending_days":18,"video_id":"kXIF2FQpgjM","video_title":"Meet the Parents Cold Open - SNL"},{"trending_days":3,"video_id":"l2HlSkv5T-A","video_title":"SNL Host Donald Glover Is Not Here for Beck Bennett's Tribute"},{"trending_days":3,"video_id":"q2sI-T69sjs","video_title":"A Kanye Place - SNL"},{"trending_days":2,"video_id":"Ub3ot5DC_iE","video_title":"Amy Schumer Goes Behind the Scenes at SNL"},{"trending_days":2,"video_id":"Os4MTTzTKRo","video_title":"Amy Schumer Is Ready to Host the Best SNL Yet"},{"trending_days":6,"video_id":"RUCXD3_wW2w","video_title":"New Hulu Show - SNL"},{"trending_days":4,"video_id":"riaA0GW9jeI","video_title":"Cut for Time: Spirituality Rap (Amy Schumer) - SNL"},{"trending_days":25,"video_id":"Qcj15vHJTtk","video_title":"Royal Wedding - SNL"}]}
{"channel_name":"WWE","total_trending_days":205,"video_days":[{"trending_days":1,"video_id":"mCx26FLXWuI","video_title":"Seth Rollins & Dean Ambrose vs. Cesaro & Sheamus - Raw Tag Team Title Match: Raw, Nov. 6, 2017"},{"trending_days":1,"video_id":"8gFGhT5GpAs","video_title":"WWE fan interrupts Paul Heyman and Brock Lesnar to propose to his girlfriend: Raw, Nov. 13, 2017"},{"trending_days":1,"video_id":"jgshHi6XjJ0","video_title":"Ric Flair surprises Charlotte to celebrate her championship win: SmackDown LIVE, Nov. 14, 2017"},{"trending_days":5,"video_id":"5UL5wZJPLEg","video_title":"Maryse goes overboard prepping for Carmella and Big Cass' arrival: Total Divas, Nov. 15, 2017"},{"trending_days":5,"video_id":"tEA_n4mmBok","video_title":"Paige returns to WWE alongside Raw newcomers Mandy Rose and Sonya Deville: Raw, Nov. 20, 2017"},{"trending_days":11,"video_id":"D_Rl7NSpp60","video_title":"Dustin Rhodes pays tribute to Dusty Rhodes against Dash Wilder at Starrcade: Nov. 25, 2017"},{"trending_days":6,"video_id":"oUingTdSjC4","video_title":"An ominous force is coming soon to NXT: WWE NXT, Dec. 6, 2017"},{"trending_days":7,"video_id":"XtqJd4-VX94","video_title":"Superstars react to Mixed Match Challenge: WWE Now"},{"trending_days":5,"video_id":"EENwBr3Mp2o","video_title":"Samoa Joe, Sheamus and Cesaro brutalize Dean Ambrose in the trainer's room: Raw, Dec. 18, 2017"},{"trending_days":2,"video_id":"bwi9BNyKTcU","video_title":"The New Day vs. Rusev & Aiden English: SmackDown LIVE, Dec. 19, 2017"},{"trending_days":2,"video_id":"4Lng7bi50To","video_title":"Hideo Itami vs. The Brian Kendrick: Raw, Dec. 25, 2017"},{"trending_days":11,"video_id":"agmPDVtPEc8","video_title":"Hideo Itami vs. Gentleman Jack Gallagher: WWE 205 Live, Dec. 26, 2017"},{"trending_days":6,"video_id":"bGr7gouGzbg","video_title":"Stone Cold Steve Austin returns for Raw 25 - Jan. 22 on USA Network"},{"trending_days":4,"video_id":"zNs3AQOVeVs","video_title":"Braun Strowman pulls part of the Raw set down on top of Kane and Brock Lesnar: Raw, Jan. 8, 2018"},{"trending_days":5,"video_id":"4WaNHlisU4c","video_title":"SmackDown LIVE GM Daniel Bryan addresses the state of WWE 205 Live: WWE 205 Live, Jan. 23, 2018"},{"trending_days":20,"video_id":"61G3tDZQNhg","video_title":"Ronda Rousey confronts Asuka, Alexa Bliss and Charlotte Flair: Royal Rumble 2018 (WWE Network)"},{"trending_days":8,"video_id":"aXPCtdRxnGY","video_title":"Who will enter the first Women's Elimination Chamber Match?: Raw, Feb. 5, 2018"},{"trending_days":1,"video_id":"UsciN7COX1g","video_title":"Ronda Rousey puts Triple H through a table at her contract signing: WWE Elimination Chamber 2018"},{"trending_days":2,"video_id":"sHupIDugAD8","video_title":"John Cena addresses dream match against The Undertaker at WrestleMania: Raw, Feb. 26, 2018"},{"trending_days":8,"video_id":"gWV7JIxFcbY","video_title":"Cena vs. Styles - If Cena wins, he's in WWE Title match at Fastlane: SmackDown LIVE, Feb. 28, 2017"},{"trending_days":11,"video_id":"7Jz8wZbXuDA","video_title":"Ronda Rousey gets her WrestleMania match: Raw, March 5, 2018"},{"trending_days":14,"video_id":"FFsp5b4AUTE","video_title":"Roman Reigns is brutally ambushed by Brock Lesnar: Raw, March 19, 2018"},{"trending_days":4,"video_id":"GBTV5ekQwWw","video_title":"Stephanie McMahon sends Ronda Rousey crashing through a table: Raw, April 2, 2018"},{"trending_days":18,"video_id":"0aan7Vtcco0","video_title":"Ronda Rousey shows no mercy against Stephanie McMahon in her WWE in-ring debut: WrestleMania 34"},{"trending_days":1,"video_id":"5R2ZZ-t8XS0","video_title":"Charlotte Flair & Carmella sign contract for their match at Backlash: SmackDown LIVE, April 24, 2018"},{"trending_days":15,"video_id":"v0xBdIyNijk","video_title":"Charlotte Flair, Asuka & Becky Lynch vs. Carmella & The IIconics: SmackDown LIVE, May 1, 2018"},{"trending_days":14,"video_id":"E9pIhue2lSU","video_title":"Ronda Rousey to challenge Raw Women's Champion Nia Jax at WWE Money in the Bank"},{"trending_days":4,"video_id":"nOQxBSp563M","video_title":"Bobby Lashley ends Sami Zayn's disrespectful hoax: Raw, May 21, 2018"},{"trending_days":5,"video_id":"CbCVIrOK2qM","video_title":"Sami Zayn apologizes for insulting Bobby Lashley: Raw, May 28, 2018"},{"trending_days":8,"video_id":"gf7FV1i7lb8","video_title":"Roman Reigns unleashes an all-out assault on Jinder Mahal: Raw, May 14, 2018"}]}
{"channel_name":"The Late Late Show with James Corden","total_trending_days":202,"video_days":[{"trending_days":2,"video_id":"6p-QzY5bxJ0","video_title":"The 'Stranger Things' Kids Were Nearly a Motown Super Group"},{"trending_days":1,"video_id":"sottGW1p5os","video_title":"P!nk Carpool Karaoke"},{"trending_days":14,"video_id":"p8XP7A7kvzM","video_title":"Spill Your Guts or Fill Your Guts w/ Kim Kardashian"},{"trending_days":1,"video_id":"8z_cg5CypRc","video_title":"Kelly Clarkson Carpool Karaoke"},{"trending_days":6,"video_id":"jLM2ibaRbrk","video_title":"Flinch w/ BTS"},{"trending_days":1,"video_id":"Ps-nEyvsCKY","video_title":"Kristen Wiig Struggles with 'Hallelujah'"},{"trending_days":4,"video_id":"vW7H-DKivX8","video_title":"Take a Break: The Forum General Manager"},{"trending_days":1,"video_id":"0DpCDxoj_Xg","video_title":"'Santa Claus Is Comin' To Town' Carpool Karaoke"},{"trending_days":2,"video_id":"IQYLPEuAClo","video_title":"Harry Styles to the Rescue!"},{"trending_days":20,"video_id":"TZSVf-yD7N8","video_title":"Crosswalk the Musical on Broadway (w/ Hugh Jackman, Zendaya & Zac Efron)"},{"trending_days":6,"video_id":"Y_1CaQl0FJs","video_title":"Rachel Platten: Collide"},{"trending_days":1,"video_id":"5pJLKoB_yCs","video_title":"Royal Blood: I Only Lie When I Love You"},{"trending_days":11,"video_id":"Kpxn9nl02qg","video_title":"Melania Trump Sings 'Part of Your World' (Little Mermaid Parody)"},{"trending_days":1,"video_id":"3QohbrF0GIg","video_title":"Sam Smith: One Last Song"},{"trending_days":12,"video_id":"oaU82_uGTQg","video_title":"Drop the Mic w/ Helen Mirren"},{"trending_days":6,"video_id":"_Oht6ZNXx7I","video_title":"James Corden's Parents Take Over the GRAMMY Awards"},{"trending_days":8,"video_id":"FJ_TFXjr__4","video_title":"Meghan Trainor Music Video - Speed It Up, Slow It Down"},{"trending_days":3,"video_id":"hTFdtso911s","video_title":"Warning: This Monologue Has Images of Trump's Scalp"},{"trending_days":13,"video_id":"Vctcsa8Slxo","video_title":"James That Tune w/ Elton John"},{"trending_days":16,"video_id":"qzt7JvsYIuI","video_title":"Trump to Robert Mueller: 'It Wasn't Me' (w/ Shaggy)"},{"trending_days":12,"video_id":"lTyDsnDq66A","video_title":"Iggy Azalea: Savior"},{"trending_days":1,"video_id":"kWolKH3zwkY","video_title":"Tracee Ellis Ross Steals Things From Diana Ross"},{"trending_days":5,"video_id":"v1pN6cj8TuE","video_title":"Ice Cube Had to Bring His Ex-Girlfriend to Prom"},{"trending_days":2,"video_id":"R10qTLfwm8E","video_title":"Christina Aguilera Carpool Karaoke - Extended Cut"},{"trending_days":6,"video_id":"EUtaUM0mfc8","video_title":"Beyoncé Loves Anthony Mackie & Judy Greer"},{"trending_days":1,"video_id":"2MxAwOC_o5w","video_title":"Kylie Minogue Teaches Benedict Cumberbatch Line Dancing"},{"trending_days":1,"video_id":"Qn4ctBaNI00","video_title":"Don Cheadle's 'Avengers' Freestyle Rap"},{"trending_days":8,"video_id":"spOc_9ZhshU","video_title":"Will Ferrell & LAFC Use James as Target Practice"},{"trending_days":6,"video_id":"je2FN-j8AhU","video_title":"Wallows: Pictures of Girls"},{"trending_days":3,"video_id":"_H3OHSoNQUI","video_title":"Arctic Monkeys: She Looks Like Fun"},{"trending_days":5,"video_id":"enq2P7ltPBk","video_title":"Carpool Karaoke BONUS: Christina Aguilera's 'Fall In Line'"},{"trending_days":2,"video_id":"COLLKZ-q9TM","video_title":"Inappropriate Musicals: A Quiet Place, Taxi Driver & Shape of Water w/ Audra McDonald & Dan Stevens"},{"trending_days":1,"video_id":"-PJaVBbRKcI","video_title":"Coming Thursday: Adam Levine Carpool Karaoke"},{"trending_days":11,"video_id":"CZkUNPBlJIQ","video_title":"Carpool Karaoke w/ Adam Levine"},{"trending_days":3,"video_id":"Jodbdj52Vc0","video_title":"Shawn Mendes Carpool Karaoke -- #LateLateShawn"},{"trending_days":4,"video_id":"nc6pLSQGcHQ","video_title":"Shawn Mendes: Perfectly Wrong #LateLateShow"},{"trending_days":1,"video_id":"0enOVnTDmqA","video_title":"Hilary Duff Is Having a Baby Girl and Her Son Has a Name"},{"trending_days":1,"video_id":"6h8QgZF5Qu4","video_title":"Drop the Mic w/ Ashton Kutcher & Sean Diddy Combs"}]}
{"channel_name":"Late Night with Seth Meyers","total_trending_days":194,"video_days":[{"trending_days":2,"video_id":"dgW5kpeSB1A","video_title":"Jhené Aiko: While We're Young"},{"trending_days":13,"video_id":"5nEogChRGE8","video_title":"Donald Trump Jr. and WikiLeaks; Trump Meets Duterte: A Closer Look"},{"trending_days":12,"video_id":"4WnizmrnJlk","video_title":"Matt Lauer Sexual Harassment Allegations; Trump's Unhinged Tweets: A Closer Look"},{"trending_days":2,"video_id":"KdfCcEnJDlY","video_title":"Amber Explains How Black Women Saved America from Roy Moore"},{"trending_days":5,"video_id":"noUH5aYUBx4","video_title":"FCC Votes to Repeal Net Neutrality; Omarosa Drama Continues: A Closer Look"},{"trending_days":1,"video_id":"7HJw7_fmwjY","video_title":"Words the Trump Administration Wants to Replace"},{"trending_days":5,"video_id":"oqvGFqR2h4w","video_title":"Republicans Pass Their Tax Plan: A Closer Look"},{"trending_days":14,"video_id":"aeMv9uKpAZg","video_title":"Bitcoin Commercial: What Is It and How Does It Work?"},{"trending_days":1,"video_id":"nRJuIrO9GaU","video_title":"James Franco Addresses His Sexual Misconduct Allegations"},{"trending_days":7,"video_id":"4FBqT80fVKY","video_title":"Trump Attacks Feinstein, Makes Racist Immigration Comment: A Closer Look"},{"trending_days":13,"video_id":"8b6IQQMRYCA","video_title":"Trump, Stormy Daniels and a Possible Government Shutdown: A Closer Look"},{"trending_days":5,"video_id":"v0TiqC_C8wI","video_title":"Seth and Kelly Clarkson Go Day Drinking"},{"trending_days":20,"video_id":"hFFn8K2O4po","video_title":"Trump Wants a Military Parade, Lies About Immigration: A Closer Look"},{"trending_days":25,"video_id":"m6qubM54PtE","video_title":"Trump, Parkland and the #NeverAgain Movement: A Closer Look"},{"trending_days":2,"video_id":"OG6qjAivguw","video_title":"Kelly Clarkson Had an Awkward Moment with Meryl Streep"},{"trending_days":2,"video_id":"SBH83sXfsP0","video_title":"Kelly Clarkson Loves Trash-Talking on The Voice"},{"trending_days":17,"video_id":"BYG1qf3XJNM","video_title":"Seth Meyers' Wife Gave Birth in Their Apartment Lobby"},{"trending_days":12,"video_id":"VtZV_rFnI-4","video_title":"Seth Supports Michelle Wolf's White House Correspondents' Dinner Stand-Up"},{"trending_days":15,"video_id":"h0zMjd5ZAJ4","video_title":"Michelle Wolf Talks About the White House Correspondents' Dinner"},{"trending_days":1,"video_id":"U1MzkfRLveA","video_title":"Trump's Spygate Claims; Michael Cohen’s Taxi King Partner: A Closer Look"},{"trending_days":18,"video_id":"7a6irhXRudo","video_title":"Trump Cancels NK Summit, Pushes Crazy Spy Claim: A Closer Look"},{"trending_days":1,"video_id":"tJLtDRrimAs","video_title":"Trump Attacks Trudeau as He Heads to Kim Jong-un Summit: A Closer Look"},{"trending_days":1,"video_id":"Nw-BMNnr1Ko","video_title":"Trump Meets Kim Jong-un: A Closer Look"}]}
{"channel_name":"Breakfast Club Power 105.1 FM","total_trending_days":193,"video_days":[{"trending_days":6,"video_id":"GdR-iTH_f-I","video_title":"Miko Grimes Speaks Up For NFL Husband, Talks 'Baller Wives' Drama + More"},{"trending_days":11,"video_id":"bvBNvAMeovw","video_title":"Erykah Badu On Her Online Persona, Creating Moments On Stage, Soul Train Awards + More"},{"trending_days":1,"video_id":"pA5NbgdpRpk","video_title":"Lavar Ball & Sons On Family Business, Discipline, Donald Trump + More"},{"trending_days":18,"video_id":"hu_4yAZVNsU","video_title":"Kevin Hart Lives His Truth And Opens Up About Being Irresponsible And More"},{"trending_days":2,"video_id":"yyROtEW9Jdc","video_title":"Charlamagne Tha God & Joe Budden: This Year Was Dope/Trash 2017"},{"trending_days":7,"video_id":"6EHbZKLkeMg","video_title":"Laura Govan Addresses Rumors Of Pregnancy & Affair With Vincent Herbert: He's So Not My Type"},{"trending_days":6,"video_id":"BmMuLuG1yW8","video_title":"G-Eazy On Stepping Away From H&M, Being A Crazy Gemini, Halsey & More"},{"trending_days":9,"video_id":"_1mIPOYZzfo","video_title":"Diddy Speaks On New Energy, 50 Cent, Mase, 'The Four' + More"},{"trending_days":13,"video_id":"e2ExvdtmIyU","video_title":"The Breakfast Club Addresses Backlash After Amara La Negra Interview"},{"trending_days":3,"video_id":"N-XXZ01aWvw","video_title":"Faizon Love Trashes Dave Chappelle, Netflix Taking Over Hollywood + More"},{"trending_days":10,"video_id":"kZkIDiw0jDU","video_title":"Troy Ave Takes The Stand On The Breakfast Club, Talks '2 Legit 2 Quit', Street Cred + More"},{"trending_days":3,"video_id":"UedDBjWIMgU","video_title":"Blac Youngsta Talks Money, Music + The Big Booty Giveaway"},{"trending_days":11,"video_id":"JpvC3j9Qxus","video_title":"Mo'Nique Speaks On Racial And Gender Inequality In Hollywood + More"},{"trending_days":6,"video_id":"R4EvoDEmqzY","video_title":"CeeLo Green On The Impact Of Losing Biggie, Sticking To His Roots + The History Behind His Hits"},{"trending_days":15,"video_id":"f_lDdj755PA","video_title":"Desus & Mero Pressed By DJ Envy In Heated Breakfast Club Interview"},{"trending_days":8,"video_id":"6zRtrLBg3vk","video_title":"Deontay Wilder On His Last Fight Against Luis Ortiz, Battling Online Trolls, Family + More"},{"trending_days":28,"video_id":"aCAhbjLKkt4","video_title":"Bow Wow Talks #BowWowChallenge And Addresses Rumors In His Last Radio Interview"},{"trending_days":3,"video_id":"KisKKE6zIk0","video_title":"Meek Mill Talks Justice Reform, Opioid Addiction, Talks With T.I. Nicki Minaj + More"},{"trending_days":18,"video_id":"r17fqELkv7g","video_title":"Azealia Banks Talks New Single, The State Of Female Rap, RZA, Donald Trump + More"},{"trending_days":2,"video_id":"av4QVqEMWyk","video_title":"Pusha T To Drake: All Bets Are Off And Everything Is On The Table In New Phone Interview"},{"trending_days":6,"video_id":"IEq4clKnsdA","video_title":"JR Smith's Bonehead Play Costs Cavs Game 1 Of NBA Finals"},{"trending_days":7,"video_id":"_P3l2rwAaOs","video_title":"Diddy Compares Pusha And Drake Battle To 2pac And Biggie, Talks The Four + More"}]}
{"channel_name":"The Late Show with Stephen Colbert","total_trending_days":189,"video_days":[{"trending_days":1,"video_id":"iDXlWTRyxgE","video_title":"Gun Violence Makes Us Feel Powerless, But We're Not"},{"trending_days":2,"video_id":"ls31TkGSQGA","video_title":"Full Extended Interview: Joe Biden Talks To Stephen Colbert"},{"trending_days":1,"video_id":"SCnVbXlC1Ds","video_title":"Stephen Takes Issue With The 'Sexiest Man Alive' Issue"},{"trending_days":4,"video_id":"oSS6kGWNEeA","video_title":"Ben Affleck: 'I'm Not A Superhero'"},{"trending_days":9,"video_id":"DJXUWLs6FI0","video_title":"Desus & Mero Announce A New Project"},{"trending_days":8,"video_id":"k_aT3jAK_QU","video_title":"Justin Timberlake And Stephen Harmonize The National Anthem"},{"trending_days":7,"video_id":"PPCDMi5xmmk","video_title":"Trump Lost To The #MeToo Movement"},{"trending_days":19,"video_id":"g2GbkH12xMg","video_title":"Jon Batiste Performs Winter Wonderland"},{"trending_days":1,"video_id":"JBw1nwYJESc","video_title":"Anderson Cooper Walked Out Of The New 'Star Wars' Movie"},{"trending_days":4,"video_id":"XJiCE88hOmM","video_title":"Curtis '50 Cent' Jackson Teaches Stephen How To Beef"},{"trending_days":5,"video_id":"GpEuHHMy-Z8","video_title":"James Franco Supports 'Time's Up,' Addresses Recent Accusations"},{"trending_days":3,"video_id":"5O4h2x9NuTk","video_title":"Hawaii's Emergency Alert System Is Getting Ridiculous"},{"trending_days":7,"video_id":"O1RNq6rMbds","video_title":"Fall Out Boy Performs 'Hold Me Right Or Don't'"},{"trending_days":6,"video_id":"j6Z573n6-xU","video_title":"Thirty Seconds To Mars Perform 'Dangerous Night'"},{"trending_days":1,"video_id":"IJuZSD8GGZo","video_title":"Talib Kweli Feat. BJ The Chicago Kid Perform 'The One I Love'"},{"trending_days":3,"video_id":"9StYOIBLanM","video_title":"Chris Stapleton Performs 'Drunkard's Prayer'"},{"trending_days":5,"video_id":"xyXscDJSHD0","video_title":"J.J. Abrams Has The Script For 'Star Wars: Episode IX'"},{"trending_days":2,"video_id":"jOTLVy7kgXA","video_title":"Jennifer Lawrence Tells Her Haters With Blogs Not To See 'Red Sparrow'"},{"trending_days":7,"video_id":"itE8Cd85-QM","video_title":"Donald Glover Meets The Girl Scout Who Went Viral With 'Redbone'"},{"trending_days":7,"video_id":"FA2k2U_pEcw","video_title":"Reese Witherspoon Violated An 'Oprah Rule'"},{"trending_days":13,"video_id":"GKPIae1_LYw","video_title":"Betsy DeVos Flunked Her '60 Minutes' Test"},{"trending_days":3,"video_id":"CjjQ-T2n8S0","video_title":"Sean Penn-y For Your Thoughts"},{"trending_days":11,"video_id":"tQR5G3kvfNQ","video_title":"President Jimmy Carter Is Still Praying For Donald Trump"},{"trending_days":1,"video_id":"H4NjcO2GAMU","video_title":"Charlamagne: Trump Is Revealing A Lot About Us"},{"trending_days":7,"video_id":"o-nGPNn19vE","video_title":"LSSC Full Uncut Interview: James Comey"},{"trending_days":7,"video_id":"BrlpU99lGzI","video_title":"Hank Azaria: 'The Right Thing To Do' With Apu"},{"trending_days":8,"video_id":"_j7z_oPTvJM","video_title":"Paramore Performs 'Rose-Colored Boy'"},{"trending_days":8,"video_id":"jj6ibow2tdw","video_title":"Jim Parsons: It's Never 'Too Late' For Gay Representation On Film"},{"trending_days":8,"video_id":"nlozE2m-NMc","video_title":"Deadpool Takes Over Stephen's Monologue"},{"trending_days":14,"video_id":"wxe8weq5RtU","video_title":"Jon Stewart: Live From Below Stephen's Desk"},{"trending_days":1,"video_id":"I5vjN78Eroo","video_title":"Tony Awards The Musical Starring Sara Bareilles & Josh Groban"},{"trending_days":6,"video_id":"Klfho60budI","video_title":"Niecy Nash Has A Prince Story"}]}
{"channel_name":"Netflix","total_trending_days":187,"video_days":[{"trending_days":9,"video_id":"yef_HfQoBd8","video_title":"Black Mirror - Arkangel | Official Trailer [HD] | Netflix"},{"trending_days":13,"video_id":"5ELQ6u_5YYM","video_title":"Black Mirror - Season 4 | Official Trailer [HD] | Netflix"},{"trending_days":2,"video_id":"MJGkm0UwNRk","video_title":"Narcos - Season 4 | Teaser [HD] I Netflix"},{"trending_days":9,"video_id":"hH-wCe5oAv8","video_title":"Dave Chappelle: Equanimity | Clip: Voting in the 2016 Election | Netflix"},{"trending_days":2,"video_id":"LjNhW2mR1lM","video_title":"Black Mirror | Happy New Year | Netflix"},{"trending_days":8,"video_id":"vbiiik_T3Bo","video_title":"The End of the F**king World | Official Trailer [HD] | Netflix"},{"trending_days":1,"video_id":"-a12nTEcoqE","video_title":"Clip: Why President Obama stays in the pocket with his dad moves [HD] | Netflix"},{"trending_days":7,"video_id":"dhFM8akm9a4","video_title":"Altered Carbon | Official Trailer [HD] | Netflix"},{"trending_days":8,"video_id":"V2onC1_QOmU","video_title":"Coach Snoop | Official Trailer [HD] | Netflix"},{"trending_days":2,"video_id":"ma8te7ywEio","video_title":"Mute | Official Trailer [HD] | Netflix"},{"trending_days":7,"video_id":"VXvu5rtJNd4","video_title":"The Crown | Growing Up Royal | Netflix"},{"trending_days":11,"video_id":"hSvnepZS26s","video_title":"Marvel’s Jessica Jones - Season 2 | Official Trailer [HD] | Netflix"},{"trending_days":1,"video_id":"doFpACkiZ2Q","video_title":"Derren Brown: The Push I Official Trailer [HD] I Netflix"},{"trending_days":2,"video_id":"I5X3vC-XsU0","video_title":"Lost in Space | Date Announcement [HD] | Netflix"},{"trending_days":13,"video_id":"QNNcl2mEHzQ","video_title":"The Outsider | Official Trailer [HD] | Netflix"},{"trending_days":26,"video_id":"fzmM0AB60QQ","video_title":"Lost in Space | Official Trailer [HD] | Netflix"},{"trending_days":6,"video_id":"bU-vnDmxd1Q","video_title":"JAY-Z Discusses His Mother's Coming Out Story | My Next Guest Needs No Introduction | Netflix"},{"trending_days":2,"video_id":"wwVOmTImfLA","video_title":"GLOW - Maniac | Season 2 Date Announcement [HD] | Netflix"},{"trending_days":7,"video_id":"KxywNVLAf5o","video_title":"Safe Season 1 | Trailer [HD] | Netflix"},{"trending_days":10,"video_id":"94k6kEVGZzg","video_title":"Stranger Things 3 | Now In Production | Netflix"},{"trending_days":1,"video_id":"gXg2_yExgVY","video_title":"Arrested Development - Season 5 | Official Trailer [HD] | Netflix"},{"trending_days":23,"video_id":"0XuOkYlUWIs","video_title":"13 Reasons Why: Season 2 | Official Trailer [HD] | Netflix"},{"trending_days":2,"video_id":"7bfS6seiLhk","video_title":"The Kissing Booth | Official Trailer [HD] | Netflix"},{"trending_days":2,"video_id":"YMdo_0H1thU","video_title":"Unbreakable Kimmy Schmidt: Season 4 | Official Trailer [HD] | Netflix"},{"trending_days":5,"video_id":"-VgOGzBcMIg","video_title":"Queer Eye | Theme Song (All Things) Feat. Betty Who | Netflix"},{"trending_days":6,"video_id":"yNOAs3poxMw","video_title":"13 Reasons Why: Season 3 | Announcement | Netflix"},{"trending_days":2,"video_id":"9iM7W1Dvl6Q","video_title":"GLOW: Season 2 | Main Trailer [HD] | Netflix"}]}
