{"category_id":"10","videos":[{"radio_likes_dislikes":1359.1923076923076,"video_id":"T99oRpCsLtc","video_title":"[MIXTAPE] I.M - Fly With Me (Teaser)","views":127877},{"radio_likes_dislikes":1144.9473684210527,"video_id":"I_YATAIvd4g","video_title":"Jackson Wang - Fendiman (Teaser)","views":189799},{"radio_likes_dislikes":1001.0973837209302,"video_id":"PMEkmiQP5bg","video_title":"G.C.F in Osaka","views":2942269},{"radio_likes_dislikes":791.0133333333333,"video_id":"1YEXXIWqkMM","video_title":"[PREVIEW] BTS (방탄소년단) 2018 Season’s greetings coming","views":1002924},{"radio_likes_dislikes":657.5172413793103,"video_id":"D5tett-Kb6w","video_title":"Black on Black","views":338711},{"radio_likes_dislikes":625.0430107526881,"video_id":"g6vChgmVDQk","video_title":"[MUSIC FILM] MONSTA X_ THE CONNECT : D","views":535358},{"radio_likes_dislikes":609.1052631578947,"video_id":"OmetCO_ZFnI","video_title":"The Rose (더 로즈) - BABY MV","views":573371},{"radio_likes_dislikes":561.4655172413793,"video_id":"qwQRIKW8WNI","video_title":"빅스(VIXX) - 향 (Scentist) M/V Official Teaser","views":191564},{"radio_likes_dislikes":559.8061224489796,"video_id":"eW7LqZkIF2E","video_title":"NCT RECORDING DIARY #1","views":237667},{"radio_likes_dislikes":531.875,"video_id":"CVRsDpihaEs","video_title":"BTS on 2018 Billboard Music Awards Performance | Billboard","views":355819}]}
{"category_id":"22","videos":[{"radio_likes_dislikes":1198.551724137931,"video_id":"nByvlE7y71Q","video_title":"THE POPULAR DANCE TUTORIALS OF 90s-CURRENT W/BM OF KARD","views":165176},{"radio_likes_dislikes":671.7464788732394,"video_id":"axaovrFYNzY","video_title":"180613 JIN & V - Even If I Die, It's You (Hwarang OST)","views":793776},{"radio_likes_dislikes":423.6623376623377,"video_id":"z9BDS6s5Cw4","video_title":"BTS (방탄소년단)  - JIMIN &JUNGKOOK - Black Or White (Michael Jackson DANCE) @ PROM PARTY","views":270925},{"radio_likes_dislikes":332.04545454545456,"video_id":"MsCye16rIgw","video_title":"171221 Yunho's TVXQ screamed Jonghyun's name in the middle of concert","views":256834},{"radio_likes_dislikes":280.2,"video_id":"CnsSM4fkMlw","video_title":"[ENG] EPISODE BTS @2017 MMA","views":148485},{"radio_likes_dislikes":245.2018348623853,"video_id":"8bYZ9IbC1HI","video_title":"J'ai vécu dans la JUNGLE","views":182784},{"radio_likes_dislikes":239.37721893491124,"video_id":"NDA2sD9JFc4","video_title":"BLACKPINK - 'SQUARE UP' JISOO MOVING POSTER","views":753643},{"radio_likes_dislikes":232.17399617590823,"video_id":"1PhPYr_9zRY","video_title":"BTS Plays With Puppies While Answering Fan Questions","views":4112429},{"radio_likes_dislikes":220.27924528301887,"video_id":"jEZLPL-4VEs","video_title":"Everything Changed For the 4th Time","views":527598},{"radio_likes_dislikes":217.07692307692307,"video_id":"r1ukQLZxApw","video_title":"Ce que j'ai vu dans les PROFONDEURS","views":249547}]}
{"category_id":"24","videos":[{"radio_likes_dislikes":779.6190476190476,"video_id":"udAQmQ7W0Q8","video_title":"BTS Dish About Debuting New Music At The 2018 Billboard Music Awards | Access","views":189531},{"radio_likes_dislikes":640.8507462686567,"video_id":"MWb2vazaD28","video_title":"BTS On Their Favorite Body Parts & Their Fan-Organized Purple Ribbon Army | Access","views":262771},{"radio_likes_dislikes":637.2641509433962,"video_id":"S9TdkoI7-mA","video_title":"인피니트(INFINITE) Tell Me MV Teaser (Short ver.)","views":195269},{"radio_likes_dislikes":457.253164556962,"video_id":"Dg427G4M74E","video_title":"seth everman reacts to people reacting to seth everman","views":231333},{"radio_likes_dislikes":446.9259259259259,"video_id":"0sYTsdHWQ8c","video_title":"MONSTA X (몬스타엑스) - JEALOUSY (질투) DANCE CHOREOGRAPHY","views":138494},{"radio_likes_dislikes":435.4597701149425,"video_id":"FcQWmn-kF4k","video_title":"[SHINee's BACK] Ep.1 누난 너무 예뻐(Replay) (ENG SUB)","views":422489},{"radio_likes_dislikes":405.258064516129,"video_id":"RtI8iieSHqU","video_title":"[SHINee's BACK] Ep.3 산소같은 너(Love Like Oxygen) (ENG SUB)","views":304046},{"radio_likes_dislikes":373.328431372549,"video_id":"SgaElLVzReQ","video_title":"BTS Are Just People | The Real BTS","views":688120},{"radio_likes_dislikes":363.50581395348837,"video_id":"PPjWEft-sPg","video_title":"BTS COMEBACKSHOW - HIGHLIGHT REEL [BTS의 충전법 Part.3] 이럴 슈가!! 한 번 잠들면 깨지 않는다!│BTS COMEBACK SHOW 180524","views":646747},{"radio_likes_dislikes":344.2251655629139,"video_id":"a9DiyVhniYE","video_title":"BTS Tries Churros, In N Out & Gets LA Dodgers Gear!","views":699440}]}
{"category_id":"1","videos":[{"radio_likes_dislikes":527.6875,"video_id":"6tEQoF_8Z7s","video_title":"Place To Start (Official Video) - Mike Shinoda","views":225248},{"radio_likes_dislikes":415.95238095238096,"video_id":"o3t3Uq_dH-s","video_title":"H2E#28 : Unité 731","views":152454},{"radio_likes_dislikes":369.6857142857143,"video_id":"P6dEyiTDeXw","video_title":"H2E#25 : la Roue","views":114296},{"radio_likes_dislikes":309.97727272727275,"video_id":"1DJMJxyBE3E","video_title":"H2E#29 : les nez des têtes rouges","views":132804},{"radio_likes_dislikes":264.5502008032129,"video_id":"k8UmX17DXWg","video_title":"REAL VS. FAKE ANIME CHALLENGE (feat. PewDiePie)","views":353870},{"radio_likes_dislikes":245.21515892420538,"video_id":"lGEY8IulWiA","video_title":"Lucas the Spider - Musical Spider","views":684642},{"radio_likes_dislikes":232.6,"video_id":"CBF-sjryWEE","video_title":"Твое имя (Трейлер RUS #2)","views":934561},{"radio_likes_dislikes":232.6,"video_id":"qSQ7zRWX7jY","video_title":"Deleted video","views":934561},{"radio_likes_dislikes":194.6943866943867,"video_id":"4HU6Z7anycw","video_title":"Lucas the Spider - Polar Bear","views":613805},{"radio_likes_dislikes":179.63636363636363,"video_id":"Mv_Ke7YX_5c","video_title":"5 THÉORIES SUR MARVEL (#56)","views":158549}]}
{"category_id":"23","videos":[{"radio_likes_dislikes":478.81159420289856,"video_id":"Z-d2AErDRpA","video_title":"KIDNAPPING, LOUKOUMS ET PÈRE NOËL : BIENVENUE À NARNIA","views":152791},{"radio_likes_dislikes":395.3820224719101,"video_id":"ev_vhZwvVUc","video_title":"POTTER, SPARROW, GREY, RAIPONCE: LA RÉUNION DE CRISE !","views":175073},{"radio_likes_dislikes":383.962962962963,"video_id":"JlV8ywB6Hbc","video_title":"DANIELLE À DUBAI","views":151784},{"radio_likes_dislikes":383.3170731707317,"video_id":"kwbdEuAQD8E","video_title":"LE WEEK-END LE PLUS DROLE DE NOTRE VIE","views":175016},{"radio_likes_dislikes":357.67058823529413,"video_id":"iQysIuS1JLQ","video_title":"SON SUPER POUVOIR ? L'IGNORANCE - WONDER WOMAN","views":177673},{"radio_likes_dislikes":347.8791208791209,"video_id":"31p7TR1cWjs","video_title":"PANDORA C'ÉTAIT MIEUX AVANT - AVATAR","views":194861},{"radio_likes_dislikes":336.0405405405405,"video_id":"kAPzlxxCRFI","video_title":"ASSIEDS-TOI, IL FAUT QU'ON PARLE","views":133037},{"radio_likes_dislikes":296.8867924528302,"video_id":"yeZ8upLs_5Q","video_title":"LES PIRES ESPIONS - JUNIOR TV","views":165098},{"radio_likes_dislikes":282.5147058823529,"video_id":"LJGQonrcES8","video_title":"JE PHOTOSHOP DES PEINTURES CLASSIQUES !","views":117638},{"radio_likes_dislikes":272.92929292929296,"video_id":"Rykd2FE0PdI","video_title":"COMMENT ÉCHAPPER À UN T-REX EN TALONS - JURASSIC WORLD","views":181200}]}
{"category_id":"17","videos":[{"radio_likes_dislikes":326.7142857142857,"video_id":"ryEcqzBnQgw","video_title":"WWE Backlash Kickoff: May 6, 2018","views":710487},{"radio_likes_dislikes":225.99665551839465,"video_id":"1CR0QmCaMTs","video_title":"Fabio Wibmer - Fabiolous Escape 2","views":540522},{"radio_likes_dislikes":216.9795918367347,"video_id":"faGiTBsNcwI","video_title":"JE RECRUTE UN NOUVEAU JOUEUR AU VINSKY FC","views":122817},{"radio_likes_dislikes":177.7191011235955,"video_id":"ksL3ZcJ2vaw","video_title":"MON PÈRE EST PLUS FORT QUE MOI ???","views":145673},{"radio_likes_dislikes":174.1,"video_id":"62fhAW5SSNc","video_title":"JE RÉPONDS AU DÉFI D'UN PÉRUVIEN (MONDIAL 2018)","views":126678},{"radio_likes_dislikes":171.2932061978546,"video_id":"VRJmcxCrAOA","video_title":"Real Life Trick Shots 2 | Dude Perfect","views":4234615},{"radio_likes_dislikes":167.42857142857142,"video_id":"mwtftoZNcBo","video_title":"MA CARTE FUT: LES TIRS","views":151500},{"radio_likes_dislikes":166.9264705882353,"video_id":"idmWX49VrFI","video_title":"C'EST LE JOUEUR LE PLUS PRÉCIS QUE J'AI VU ! (CHALLENGE CONFO TFC)","views":128248},{"radio_likes_dislikes":166.44642857142858,"video_id":"NHrwcQQ38bA","video_title":"Candide Thovex - quattro 2","views":388810},{"radio_likes_dislikes":156.86363636363637,"video_id":"Haz04RrHbwU","video_title":"Equipe de France : Les Bleus de retour à Clairefontaine I FFF 2018","views":104475}]}
{"category_id":"15","videos":[{"radio_likes_dislikes":319.0923076923077,"video_id":"BWsRpT9LNcQ","video_title":"Fireworks - Simon's Cat | BLACK & WHITE","views":189282},{"radio_likes_dislikes":294.13953488372096,"video_id":"BkIuZVGTkM0","video_title":"Kitten Crazy Time - Simon's Cat | BLACK & WHITE","views":130290},{"radio_likes_dislikes":203.75342465753425,"video_id":"R-OZ2Tmi9pw","video_title":"A Christmas Yarn - Simon's Cat (A Christmas Special) | BLACK & WHITE","views":173681},{"radio_likes_dislikes":198.16101694915255,"video_id":"zTOqI-5AK14","video_title":"Children tried to save these puppies... they didn't realize their homeless mom was looking for food.","views":417910},{"radio_likes_dislikes":190.2325581395349,"video_id":"osQRXILdHkA","video_title":"1 MILLION - PAROLE DE CHAT","views":198680},{"radio_likes_dislikes":187.0096153846154,"video_id":"5o4r1hlI5tI","video_title":"LA PISCINE - PAROLE DE RATON LAVEUR","views":207757},{"radio_likes_dislikes":163.13636363636363,"video_id":"9PhM-zCmTFs","video_title":"DIY - Simon's Cat  | NEW BLACK & WHITE!","views":178977},{"radio_likes_dislikes":139.86746987951807,"video_id":"qN8DRJ8OMcA","video_title":"Homeless German Shepherd cries like a human!  I have never heard anything like this!!!","views":482320},{"radio_likes_dislikes":122.83333333333333,"video_id":"L_cxNGfEd_0","video_title":"CLASSE PAS CLASSE  - PAROLE DE CHAT","views":186468},{"radio_likes_dislikes":102.32515337423312,"video_id":"hJ42C6W6EC8","video_title":"CHAT PERCHÉ - PAROLE DE CHAT","views":186984}]}
{"category_id":"28","videos":[{"radio_likes_dislikes":294.20754716981133,"video_id":"S-W0NX97DB0","video_title":"Le Jeu de la Vie — Science étonnante #49","views":130693},{"radio_likes_dislikes":196.171875,"video_id":"zPolTp0ddRg","video_title":"La Plus Belle Expérience de la Physique — Science étonnante #53","views":129800},{"radio_likes_dislikes":175.69351230425056,"video_id":"CQPVMxQOh-E","video_title":"JE VOUS MONTRE MON SANG AU MICROSCOPE !","views":969477},{"radio_likes_dislikes":170.27218934911244,"video_id":"ctIdov01l20","video_title":"J'AI TROUVÉ DES CRISTAUX MAGNIFIQUES !","views":859197},{"radio_likes_dislikes":166.46518987341773,"video_id":"ImtFgGq_n24","video_title":"COMMENT UN MUSCLE DEVIENT ÉNORME ? Vrai ou Faux #74","views":589964},{"radio_likes_dislikes":159.6829268292683,"video_id":"RFI1CzUoeLk","video_title":"À quoi ça sert d'être triste ? - YouAsk #2","views":136429},{"radio_likes_dislikes":157.80067567567568,"video_id":"v_U7PajcFAU","video_title":"CET ANIMAL EST MONSTRUEUX !","views":837517},{"radio_likes_dislikes":155.35038363171356,"video_id":"BDJRxNkzjQc","video_title":"NESSIE EXISTE VRAIMENT ? Vrai ou Faux #57","views":671110},{"radio_likes_dislikes":148.1578947368421,"video_id":"mWhOtrRjF90","video_title":"LA CHIRURGIE ESTHÉTIQUE PEUT TUER ? Vrai ou Faux #53","views":589210},{"radio_likes_dislikes":147.5679012345679,"video_id":"YrOyRCD7M14","video_title":"Effet Papillon et Théorie du Chaos — Science étonnante #52","views":154516}]}
{"category_id":"26","videos":[{"radio_likes_dislikes":291.77183098591547,"video_id":"sV7eDd1d7LI","video_title":"Cooking birthday presents for my wife!","views":860132},{"radio_likes_dislikes":256.4264705882353,"video_id":"4zjcg0VLBMo","video_title":"UNE RENCONTRE INCROYABLE","views":190192},{"radio_likes_dislikes":250.57471264367817,"video_id":"d5U_RavCqLw","video_title":"Vivre avec un chien ft. Marley Ltr !","views":154888},{"radio_likes_dislikes":231.1023890784983,"video_id":"JQiWL70cm5k","video_title":"2.77.3","views":343860},{"radio_likes_dislikes":223.52295918367346,"video_id":"5530I_pYjbo","video_title":"How I Trained My Cats","views":977285},{"radio_likes_dislikes":200.29850746268656,"video_id":"MH_QYZnYBn4","video_title":"Le journal d'Emy LTR volume 2","views":125159},{"radio_likes_dislikes":192.28846153846155,"video_id":"kMQT8_e0WXI","video_title":"DANIELLE AU FESTIVAL DE CANNES","views":103506},{"radio_likes_dislikes":172.9142857142857,"video_id":"7mz9UKbGyzo","video_title":"How To Make Homemade Japanese Food","views":463951},{"radio_likes_dislikes":163.19402985074626,"video_id":"m6IHYENVFXE","video_title":"MA NIGHT ROUTINE 🌙  SPECIAL VENDREDI 🙄🍟","views":202697},{"radio_likes_dislikes":160.67375886524823,"video_id":"3NFCRjD7g7c","video_title":"♡• RECETTE BUCHE ROULÉE DE NOËL •♡","views":197242}]}
{"category_id":"19","videos":[{"radio_likes_dislikes":267.5673076923077,"video_id":"rSm9Mw_VIb4","video_title":"J'AI VU LE SCANDALE DE L'HUILE DE PALME","views":716632},{"radio_likes_dislikes":243.23333333333332,"video_id":"xRfLxZQqHjM","video_title":"Etranges Escales : Prague","views":157114},{"radio_likes_dislikes":175.96323529411765,"video_id":"yojzCUhYvf4","video_title":"ON FAIT LES ZÉNITHS #1 - Des potes et des surprises","views":194604},{"radio_likes_dislikes":49.95384615384615,"video_id":"ppeOIOhHfbs","video_title":"L'interview Fragile de Lorenzo  | GLAMOUR","views":115520},{"radio_likes_dislikes":36.89539748953975,"video_id":"tQ2kLiPIMKU","video_title":"الجزء 2 : طفلة جزائرية يتيمة تمسح الأحذية في الشارع من أجل إعالة إخوتها !؟ إنسان العدد 20","views":295928},{"radio_likes_dislikes":34.12874251497006,"video_id":"YvlYjLPgrCE","video_title":"Street Food in Ghana - GIANT CHOP-BAR LUNCH and West African Food Tour in Accra!","views":304116},{"radio_likes_dislikes":28.886194029850746,"video_id":"dwbqp1jR0ok","video_title":"Roadtrip à 130'000€ ! - FRANCE","views":144951},{"radio_likes_dislikes":27.815151515151516,"video_id":"xlda9TWxY7Q","video_title":"في حصة على المباشر : الفتى الجزائري الذي ساعد اليتيمة التي تمسح الأحذية في برنامج إنسان 19 !؟","views":387325},{"radio_likes_dislikes":9.83790523690773,"video_id":"KhA5FCf2r7U","video_title":"Japanese Street Food - GIANT OPAH SUNFISH Okinawa Japan","views":436316},{"radio_likes_dislikes":7.532921810699588,"video_id":"pLG6tQ1SsIU","video_title":"Japanese Street Food - GIANT CUTTLEFISH Sashimi Seafood Okinawa Japan","views":390368}]}
{"category_id":"20","videos":[{"radio_likes_dislikes":258.0869565217391,"video_id":"vcEij1HdtV0","video_title":"Glitchtale S1 EP1 | Megalomaniac Re-Animated (by jakei and superyoumna) | ANNIVERSARY SPECIAL","views":212278},{"radio_likes_dislikes":208.95698924731184,"video_id":"dhHJ_AqOs28","video_title":"UNE VIDÉO INOUBLIABLE...","views":119041},{"radio_likes_dislikes":206.13513513513513,"video_id":"woAkq7blCos","video_title":"1 MILLION D'ABONNÉS","views":101778},{"radio_likes_dislikes":202.77591036414566,"video_id":"ldPfoynz5Qc","video_title":"Delinquent Update Trailer","views":478443},{"radio_likes_dislikes":198.8186046511628,"video_id":"JMgzvpqzdTU","video_title":"[NEW SEASONAL MISSION] Retribution | Overwatch","views":537495},{"radio_likes_dislikes":196.45726495726495,"video_id":"c94AB4PGucY","video_title":"PLANETE FOOT | LA COUPE DE KURZAWA... !","views":121091},{"radio_likes_dislikes":195.61987041036718,"video_id":"EUnQnf8mfW0","video_title":"Yandere Simulator Delinquent Backstory","views":765060},{"radio_likes_dislikes":183.8489425981873,"video_id":"4Utx0zINAx0","video_title":"The Student Council in Yandere Simulator (Story Focus)","views":641724},{"radio_likes_dislikes":183.5897435897436,"video_id":"l8z7p0_cYQM","video_title":"La musique d'attente du stream du oui","views":158047},{"radio_likes_dislikes":181.22424242424242,"video_id":"JUR5OtLNcVI","video_title":"ON OFFRE LES PIRES CADEAUX DE NOËL","views":268426}]}
{"category_id":"27","videos":[{"radio_likes_dislikes":253.1658031088083,"video_id":"SQsPvrev_bQ","video_title":"435","views":401968},{"radio_likes_dislikes":240.20143884892087,"video_id":"OBSfullrLFk","video_title":"Real Doctor Reacts to CODE BLACK | Medical Drama Review | Doctor Mike","views":301617},{"radio_likes_dislikes":214.37777777777777,"video_id":"uFqzSmTdG9k","video_title":"L’art antique de se trouer le crâne - RDM #27","views":103144},{"radio_likes_dislikes":214.01162790697674,"video_id":"kWiVfaZpK0g","video_title":"Le jugement dernier de Guillaume le Conquérant - Nota Bene #27","views":135475},{"radio_likes_dislikes":175.87022900763358,"video_id":"WrjrXmIXHzk","video_title":"28h de Survie Seul Dans L’Océan... Sans Radeau (BULLE : Archibald)","views":245796},{"radio_likes_dislikes":155.83116883116884,"video_id":"b0SufrexCC8","video_title":"Empire romain, templiers, papes... - L'histoire du Vaucluse","views":109154},{"radio_likes_dislikes":152.6206896551724,"video_id":"gs8i45rUCc0","video_title":"Et Si le Soleil S’arrêtait de Briller Pendant 365 Jours ? (en 360s)","views":217497},{"radio_likes_dislikes":150.1043000914913,"video_id":"jQNazsWnQKU","video_title":"Tyler, The Creator - OKRA","views":1476311},{"radio_likes_dislikes":135.89915966386553,"video_id":"Vms8i3Mf2GA","video_title":"Et Si Toute L'Humanité Rentrait Dans un Vaisseau Spatial ? (en 360s)","views":163291},{"radio_likes_dislikes":134.52055921052633,"video_id":"YI3tsmFsrOg","video_title":"The Deadliest Being on Planet Earth – The Bacteriophage","views":2310168}]}
{"category_id":"25","videos":[{"radio_likes_dislikes":176.16810344827587,"video_id":"1yRTu0o8Nxo","video_title":"ça ne se passe pas chez nous / it doesn’t happen in our country","views":144523},{"radio_likes_dislikes":156.8490566037736,"video_id":"ympHOZH0TCA","video_title":"(ง ͡ʘ ͜ʖ ͡ʘ)ง","views":386420},{"radio_likes_dislikes":132.33333333333334,"video_id":"rrlERLY9KN8","video_title":"LMPC9 - Les dérives d'INSTAGRAM (Arnaques etc..)","views":311562},{"radio_likes_dislikes":116.70781893004116,"video_id":"sSfNUMy1cPM","video_title":"#RevengeP : QUAND UNE PHOTO PEUT DETRUIRE UNE VIE","views":420203},{"radio_likes_dislikes":110.74869109947645,"video_id":"c7eamek5iH0","video_title":"أجي تفهم اسعار المحروقات في المغرب","views":401877},{"radio_likes_dislikes":105.64383561643835,"video_id":"TU6bZqO6xzs","video_title":"YouTube réagit enfin aux vidéos malsaines pour enfants !","views":268556},{"radio_likes_dislikes":100.03438395415473,"video_id":"bFwRFDQas5A","video_title":"Quand les YouTubers vous arnaquent ! (MISS BONGO)","views":351347},{"radio_likes_dislikes":99.24894514767932,"video_id":"lHz-0c2dMDA","video_title":"LMPC10 - L'exploitation des ANIMAUX : le plaisir ÉGOÏSTE ?","views":262839},{"radio_likes_dislikes":99.19251336898395,"video_id":"pCBcuVitjKo","video_title":"Et tout le monde s'en fout #19 - La bienveillance -","views":162051},{"radio_likes_dislikes":97.48706896551724,"video_id":"FNKm3GV1r_k","video_title":"Et tout le monde s'en fout #20 - La révolte -","views":164450}]}
{"category_id":"2","videos":[{"radio_likes_dislikes":140.72307692307692,"video_id":"GfW_D20jKcU","video_title":"⚠️ COMPTE INSTAGRAM PIRATÉ !! ATTENTION !! ⚠️","views":117030},{"radio_likes_dislikes":129.6021505376344,"video_id":"tw4jkyfY4HE","video_title":"Roadster","views":593849},{"radio_likes_dislikes":108.02158273381295,"video_id":"pDoSBxT6bLs","video_title":"L'Acrobate - Présentation de ma nouvelle moto 2018","views":175781},{"radio_likes_dislikes":104.95454545454545,"video_id":"icFV-OmVSWs","video_title":"JE deviens sourd ! EXPLICATIONS ! NISSAN GTR 🔥","views":100687},{"radio_likes_dislikes":98.83453237410072,"video_id":"0jJpnGo7m4c","video_title":"JE MONTE EN VOITURE AVEC UN PILOTE DE FORMULE 1 !!!","views":135611},{"radio_likes_dislikes":98.77426636568849,"video_id":"gbRijjvIeyk","video_title":"Marvel Studios' Avengers: Infinity War - Red Carpet World Premiere","views":754383},{"radio_likes_dislikes":98.25287356321839,"video_id":"xuHTgzchlYg","video_title":"Je prends ma RS6 !! Ma voiture préférée 😈","views":115345},{"radio_likes_dislikes":87.86131386861314,"video_id":"muAPJiMho2Y","video_title":"DELIT DE FUITE - le Justicier de Noël","views":229866},{"radio_likes_dislikes":87.63694267515923,"video_id":"PKBfGeMSTb4","video_title":"Je change la ligne d'échappement de ma C63s AMG !!","views":166132},{"radio_likes_dislikes":77.48514851485149,"video_id":"29qyoijhnpQ","video_title":"MA CIVIC TYPE R N'EST PLUS D'ORIGINE","views":112138}]}
{"category_id":"30","videos":[{"radio_likes_dislikes":28.096938775510203,"video_id":"l7E0kTvARsA","video_title":"Golak Bugni Bank Te Batua Full Movie (HD) | Harish Verma | Simi Chahal | Superhit Punjabi Movies","views":781977}]}
{"category_id":"29","videos":[{"radio_likes_dislikes":19.72811059907834,"video_id":"cAdaZ9nLlcg","video_title":"Le Zap de Cokaïn.fr n°045","views":257380},{"radio_likes_dislikes":19.496644295302012,"video_id":"lN1Mh35Mlvk","video_title":"الكاميرا الخفية 2018 - الحلقة الحادية و العشرون 21 - الكرسي - منيرة بالروين - ليبيا رمضان 2018","views":248950},{"radio_likes_dislikes":12.369852030031343,"video_id":"Jv0fp5KpKhs","video_title":"Расследование объявлено запретным","views":964422},{"radio_likes_dislikes":12.151820681609866,"video_id":"JLMeEylCGyk","video_title":"Путинский пропагандист в Булонском лесу","views":1151819},{"radio_likes_dislikes":9.764251207729469,"video_id":"niKln6fWWrY","video_title":"The Youth Board Asks #1 – How Does The Report Button Work?","views":640996},{"radio_likes_dislikes":7.906806176351076,"video_id":"oWjxSkJpxFU","video_title":"Suicide: Be Here Tomorrow.","views":8041970},{"radio_likes_dislikes":7.461393392086461,"video_id":"rbRoZyuOijk","video_title":"Дворец, на который запрещено смотреть","views":2098434},{"radio_likes_dislikes":5.987519711646767,"video_id":"BqD0umu1mRA","video_title":"Что произошло в Армении и что нужно делать нам","views":1264148},{"radio_likes_dislikes":5.311572700296736,"video_id":"_b49IBzqbLQ","video_title":"JUSTICE POUR NAOMI MUSENGA","views":163526},{"radio_likes_dislikes":4.306231210713309,"video_id":"BplJQtpfero","video_title":"Об итогах забастовки и «выборов»","views":2021992}]}
{"category_id":"43","videos":[{"radio_likes_dislikes":7.49236641221374,"video_id":"Oc-WHctTBMc","video_title":"Naayagi Episode 64, 04/05/18","views":469688},{"radio_likes_dislikes":7.274336283185841,"video_id":"qb49-46VYro","video_title":"Naayagi Episode 8, 27/02/18","views":387637},{"radio_likes_dislikes":6.895774647887324,"video_id":"axkJpYJ2H0w","video_title":"Naayagi Episode 27, 21/03/18","views":404343},{"radio_likes_dislikes":6.06831119544592,"video_id":"bi9OR0_1Wk4","video_title":"Naayagi Episode 62, 02/05/18","views":458102},{"radio_likes_dislikes":6.061971830985915,"video_id":"xxdeCkvzB5Y","video_title":"Naayagi Episode 98, 13/06/18","views":720600},{"radio_likes_dislikes":5.565714285714286,"video_id":"f8SVAOU6nRk","video_title":"Naayagi Episode 3, 21/02/18","views":363060},{"radio_likes_dislikes":5.277310924369748,"video_id":"SsZtA9pOB4g","video_title":"Naayagi Episode 63, 03/05/18","views":500226},{"radio_likes_dislikes":5.206552706552706,"video_id":"UQfLhQTa3l4","video_title":"Priyamanaval Episode 881, 04/12/17","views":505184},{"radio_likes_dislikes":5.160762942779291,"video_id":"NqWCE1izfz8","video_title":"Deivamagal Episode 1400, 28/11/17","views":587317},{"radio_likes_dislikes":5.00709219858156,"video_id":"1nZmSnt8aeI","video_title":"Azhagu - Tamil Serial | அழகு | Episode 146 | Sun TV Serials | 14 May 2018 | Revathy | Vision Time","views":261418}]}
