{"channel_name":"T-Series","end_date":"18.11.06","start_date":"17.17.11","total_views":345151241,"video_stats":[{"video_id":"c64I9HNpiOY","views":12936568},{"video_id":"VXOJPfk5k9o","views":2047593},{"video_id":"rewrhR1sKx8","views":468636},{"video_id":"gu_cSXf1zGo","views":992449},{"video_id":"Lx4ESwFT9mk","views":561983},{"video_id":"nxjeWmQeOgU","views":149441},{"video_id":"vIA73i3Juwk","views":241929},{"video_id":"7dgjSAaLC3U","views":57483},{"video_id":"yvDUw2rdaeg","views":78093},{"video_id":"9vnhToVxgUU","views":113408},{"video_id":"dZ0fwJojhrs","views":8063475},{"video_id":"M2q64UowX9g","views":9500472},{"video_id":"P8ZWk3S14ec","views":3846957},{"video_id":"xWi8nDUjHGA","views":9678138},{"video_id":"ZgTKmRPWMq4","views":9443165},{"video_id":"TZ4lJABVr3Q","views":159562},{"video_id":"7irWtX1TSRY","views":231224},{"video_id":"KjP7O26saoA","views":842192},{"video_id":"kckDWrICC4s","views":9830884},{"video_id":"mPCL6yY2d7U","views":438121},{"video_id":"xvYBg6MWPbM","views":6091110},{"video_id":"0B7athiVJBA","views":16482187},{"video_id":"v7K4vGYL9zI","views":8649634},{"video_id":"9aoUpCXY7uk","views":9643250},{"video_id":"3h4thS-Hcrk","views":9087502},{"video_id":"yIIGQB6EMAM","views":8919725},{"video_id":"h8bvxiE3KCo","views":13301387},{"video_id":"13z2kF6TiCc","views":8902861},{"video_id":"XXfTL-umTnE","views":7008617},{"video_id":"5sVGug6dxt4","views":92830},{"video_id":"WZ00WbDS2Gc","views":4576889},{"video_id":"UCoogBnurWk","views":3437873},{"video_id":"TDF1qdUtbzw","views":2587681},{"video_id":"w5YunG1wilA","views":9181013},{"video_id":"i8J0cR-PY9c","views":1933869},{"video_id":"z-ZEHL4Df-A","views":7987743},{"video_id":"EatzcaVJRMs","views":2172794},{"video_id":"Qvd43XKY-f0","views":9201883},{"video_id":"I7nbSzLCtEE","views":13295746},{"video_id":"tciUfqiCYOw","views":143503},{"video_id":"S0Tw2FECy3I","views":972747},{"video_id":"q2gICJFG6uw","views":29503026},{"video_id":"LVAsRO4QxXU","views":4420282},{"video_id":"fL15eJ6bU_k","views":9585655},{"video_id":"OX-h7MtkeOI","views":4993836},{"video_id":"f1qz8vn3XbY","views":8911728},{"video_id":"YC9pjAD15MQ","views":474007},{"video_id":"g4HDfqEWf6Y","views":21982564},{"video_id":"NHSZ2_kV4cM","views":992525},{"video_id":"aNwWdF8qq-M","views":27893636},{"video_id":"hWflKpHNI94","views":178304},{"video_id":"wPdmDCmuhM0","views":399342},{"video_id":"XVsEuEN-9Z8","views":471369},{"video_id":"fNae7vXuze8","views":153036},{"video_id":"9d1y8UR9G2Q","views":179073},{"video_id":"TqR_jWfHW4g","views":210031},{"video_id":"Z1w-DTmPLIc","views":147009},{"video_id":"0mdP_YyqYio","views":287033},{"video_id":"1nDbkfCt2t4","views":154045},{"video_id":"kZUxD_pEqgg","views":9556534},{"video_id":"pnMQLrS5sTE","views":5295094},{"video_id":"64UX1npgRkI","views":6010495}]}
{"channel_name":"5-Minute Crafts","end_date":"18.14.06","start_date":"17.16.11","total_views":203288631,"video_stats":[{"video_id":"1SiKopOt-QM","views":5168203},{"video_id":"ey1SQ-rz22E","views":686550},{"video_id":"0Fo5rISAJAw","views":1071590},{"video_id":"W-wC9I3WDV8","views":2789693},{"video_id":"Hu2kmL86K9k","views":1862879},{"video_id":"GkHeroo5YmU","views":970509},{"video_id":"GjDK_6NtYGQ","views":5338010},{"video_id":"CcdgO10VbcQ","views":4128228},{"video_id":"U-nitbDOZaY","views":980299},{"video_id":"cGIHV0mwnH4","views":1161372},{"video_id":"uHsGqC9UTdI","views":1186737},{"video_id":"QDkI8YZouc8","views":3933964},{"video_id":"VnDwvHCjQGk","views":703401},{"video_id":"EK8oTZp9M4E","views":1265971},{"video_id":"0xwGK7apOQY","views":979919},{"video_id":"OIVIbeZdhTQ","views":550027},{"video_id":"Z9twWYOt-XI","views":439375},{"video_id":"WOgPy-OxhNE","views":1741236},{"video_id":"4Td7ImSgVvI","views":764769},{"video_id":"sC7R_93Jhx0","views":853073},{"video_id":"d_OhexXqCmY","views":651229},{"video_id":"UGmEHJrSHU4","views":1047696},{"video_id":"AdZpDrdIEU0","views":6263637},{"video_id":"rZLhunJBQA4","views":535465},{"video_id":"tIe6c8n8xVc","views":1472636},{"video_id":"NDKwzQSLSlM","views":1462681},{"video_id":"F9jMHZHXIu0","views":911252},{"video_id":"2_wrY5hVlA4","views":1320135},{"video_id":"TtLv2thtu2s","views":4414429},{"video_id":"Tdp8DqQcSPo","views":2482022},{"video_id":"p5QpMIFz5Kc","views":912030},{"video_id":"CyPPi6T3D3s","views":941030},{"video_id":"5otsWm0CApU","views":1035263},{"video_id":"i31kP_hMGDc","views":1127557},{"video_id":"8GWI--fsj_o","views":2084873},{"video_id":"TPUssJ75Bek","views":1677149},{"video_id":"Hr4r0smKFTQ","views":725833},{"video_id":"wJs0yai2t-w","views":1796997},{"video_id":"3mrev4uOh-0","views":1960863},{"video_id":"6Xq5Mj66bqo","views":1455341},{"video_id":"oGyboe1YzWc","views":771341},{"video_id":"DdIs03ufvxk","views":4289651},{"video_id":"gWBYfSTI5rM","views":1799063},{"video_id":"48mhsixjAKA","views":955519},{"video_id":"aLDjHS1HKpw","views":2175382},{"video_id":"fYybt6w1IUw","views":1022511},{"video_id":"PdCpZF-RWnE","views":2381144},{"video_id":"thQyg1i5kI0","views":3769407},{"video_id":"wiDdIq4UPIM","views":4257041},{"video_id":"PSQAW9zXPpA","views":2753851},{"video_id":"ZAfh6okEgUM","views":2484656},{"video_id":"R2YVa4Nirsc","views":3876654},{"video_id":"TS_mtju-lYo","views":923050},{"video_id":"vaOlchJ83l4","views":1186815},{"video_id":"BoEFQAJDD7E","views":1482514},{"video_id":"3-9J-TVgHoA","views":750437},{"video_id":"w6HNZpaYXtM","views":4784549},{"video_id":"P9IyhwSBqVU","views":3079348},{"video_id":"nfw-cchbM0U","views":671367},{"video_id":"_JWd6I6jPC4","views":336732},{"video_id":"_uSbEKDaqkg","views":6542112},{"video_id":"VdAQtdV-ddk","views":621843},{"video_id":"G6w5OP4KcgA","views":2284450},{"video_id":"5vfQJrkREsY","views":1164238},{"video_id":"ajJC_TQvDig","views":1138338},{"video_id":"vwTPlIGfoIY","views":5580658},{"video_id":"vD7bmadZb24","views":2626139},{"video_id":"YdW13DCWCMI","views":390678},{"video_id":"QRzR6bvnvD4","views":1244140},{"video_id":"m5SWt4wge48","views":1705883},{"video_id":"kzuOQ4Cyvnw","views":755765},{"video_id":"vxyjN1VouQY","views":927832},{"video_id":"9mwNVKxKu5k","views":1326581},{"video_id":"06nBPJaLIP8","views":4521181},{"video_id":"L7ikn3dU7R4","views":2592680},{"video_id":"udZU4Q84oPk","views":2115112},{"video_id":"DA_S-OBJvQ8","views":2119311},{"video_id":"WJ_9PSzvroo","views":2995128},{"video_id":"L75Y1UT4Tgc","views":1928033},{"video_id":"3uLXSGTECJc","views":2122644},{"video_id":"kN0kAoCENIQ","views":935234},{"video_id":"EsdejyuXmQI","views":959091},{"video_id":"WJ0McnuNDmU","views":946387},{"video_id":"yyvm8-r-LXY","views":1149692},{"video_id":"KAKkmkL78_w","views":918421},{"video_id":"f89pdcm2VTE","views":1361242},{"video_id":"D1WWGHcJfyA","views":1774711},{"video_id":"kPu7_3IWjkY","views":4575038},{"video_id":"MYnO9Gfh5ks","views":855750},{"video_id":"eImcshbklK8","views":2464973},{"video_id":"EsNtFuysX0A","views":853240},{"video_id":"WIrNRPVpkOQ","views":679388},{"video_id":"Z_T5FAZjMEI","views":1673475},{"video_id":"Dsvs0JUVKk8","views":1768892},{"video_id":"gZ64Kn1rIOk","views":4042640},{"video_id":"Vf1XGpg7PWo","views":905976},{"video_id":"HCkc-PkQ7sw","views":3361697},{"video_id":"D5f1WGMQ7Ks","views":5412459},{"video_id":"4MjERKVBs1Q","views":1725426},{"video_id":"EKOwnGG-Bno","views":876291},{"video_id":"oe1dz3vd7sE","views":2099763},{"video_id":"qWfjVkrUiJc","views":1539218},{"video_id":"7cqyH5d4VDM","views":452416},{"video_id":"5OTSFVnjUg0","views":919383},{"video_id":"pgGFtL3tfE4","views":1730127}]}
{"channel_name":"Marvel Entertainment","end_date":"18.02.05","start_date":"17.29.11","total_views":173264872,"video_stats":[{"video_id":"3VbHg5fqBYw","views":3111226},{"video_id":"6ZfuNTqbHE8","views":89930713},{"video_id":"PJBmeqpw3DY","views":1881659},{"video_id":"HnnRyhuX_jM","views":848764},{"video_id":"mSAgLsrZG2Q","views":399983},{"video_id":"sgX_StgXGF0","views":559930},{"video_id":"zkWiTLKE0mg","views":532650},{"video_id":"8_rTIAOohas","views":8522873},{"video_id":"0fCM_i5b7io","views":285789},{"video_id":"pVxOVlm_lE8","views":8641831},{"video_id":"QwievZ1Tx-8","views":45064699},{"video_id":"YZ1UN5gvLjQ","views":803175},{"video_id":"iSZq3l-Fmbo","views":2141460},{"video_id":"2wlYHYFNPtM","views":957278},{"video_id":"gbRijjvIeyk","views":754383},{"video_id":"H9ui6HGyCt0","views":970968},{"video_id":"UUkn-enk2RU","views":7857491}]}
{"channel_name":"YRF","end_date":"18.02.06","start_date":"17.16.11","total_views":155247319,"video_stats":[{"video_id":"ePO5M5DE01I","views":38664360},{"video_id":"YAzs-timxnI","views":4155798},{"video_id":"xmU0s2QtaEY","views":40953758},{"video_id":"SAcpESN_Fk4","views":21176709},{"video_id":"mevO4I0f5lg","views":8747826},{"video_id":"9dSxRSbEZd4","views":2526833},{"video_id":"oMe2I3AkWPQ","views":3573174},{"video_id":"nLSaCFlXn-g","views":9020624},{"video_id":"TQGF3t1HNoM","views":4017379},{"video_id":"QcAr4A1LiVA","views":773072},{"video_id":"D9uNiDTK-CI","views":933402},{"video_id":"EG999UE24AE","views":598365},{"video_id":"VGNulc5qhDk","views":779867},{"video_id":"Ok16sU1JA-A","views":105850},{"video_id":"_07-k5kkrlo","views":763757},{"video_id":"Ka8QsMQY4go","views":4357419},{"video_id":"k-6TLz9LBrw","views":3949557},{"video_id":"u871WK7kem8","views":3358036},{"video_id":"ou2C0oJYZx8","views":316144},{"video_id":"Ln2TaqjrY9M","views":253694},{"video_id":"7TRFf7uUfhQ","views":429785},{"video_id":"JtnPpxe8K7c","views":889094},{"video_id":"lT15HtJ5Gsk","views":4621863},{"video_id":"bV7dpGgOMuY","views":280953}]}
{"channel_name":"Zee Music Company","end_date":"18.05.06","start_date":"17.14.11","total_views":155222129,"video_stats":[{"video_id":"iTdm-HsOdNs","views":12408},{"video_id":"g_AsFRsDdQs","views":41373},{"video_id":"RsfUZe606LQ","views":6913742},{"video_id":"EN32N-HlGtE","views":5736932},{"video_id":"NaX-oGJEZI8","views":9395757},{"video_id":"8ktEOccsbbI","views":741585},{"video_id":"xwxb3wh1up8","views":667679},{"video_id":"lGF8nd0mZVs","views":4399046},{"video_id":"f95uCixtik4","views":917379},{"video_id":"2qvsuXfjBsM","views":439207},{"video_id":"PmiEtQT8TpI","views":480044},{"video_id":"vFiXnSXr3kU","views":4555785},{"video_id":"JPbJCC7NP8k","views":296222},{"video_id":"YEzbFCLLvtc","views":4795706},{"video_id":"IMTxBWr3mQM","views":167063},{"video_id":"HsoT2CtuyTM","views":553336},{"video_id":"ihwimHKNTnI","views":3148409},{"video_id":"FbTvpbQlbR4","views":26957},{"video_id":"6BxjYvg9KMw","views":240825},{"video_id":"HW4EsVuAhRE","views":579528},{"video_id":"SbRPW1UO244","views":6887724},{"video_id":"4toAdkTPoSM","views":52047},{"video_id":"8TA464uwEi4","views":177434},{"video_id":"DElvvvRMBcw","views":388836},{"video_id":"XZhAJWI94hk","views":8889735},{"video_id":"yoxGIKh3OkY","views":8906284},{"video_id":"KHIJmehK5OA","views":3531669},{"video_id":"YHmYop9Bc_Q","views":9906528},{"video_id":"kMEfhcc6zxs","views":5987198},{"video_id":"sVA-SDYndg8","views":3277824},{"video_id":"bC4xNZxqMss","views":1452090},{"video_id":"3SWc5G8Gx7E","views":15521288},{"video_id":"59mSWKsw-S0","views":2459115},{"video_id":"Dto7Nms-Xo0","views":9622388},{"video_id":"xhz0tRDKfOU","views":7480171},{"video_id":"8xUwwOmCSqs","views":7475373},{"video_id":"Gwb6XaddA20","views":6212638},{"video_id":"TcdB5kP9I4I","views":1171004},{"video_id":"AvgFmr-ckpk","views":593509},{"video_id":"_Uksazt6G2M","views":401495},{"video_id":"zIPTP3TKUSg","views":9919134},{"video_id":"ubyqacDBSPg","views":799662}]}
{"channel_name":"Speed Records","end_date":"18.14.06","start_date":"17.18.11","total_views":152459743,"video_stats":[{"video_id":"7MxiQ4v0EnE","views":9454988},{"video_id":"xlVRomSQ88U","views":30146},{"video_id":"d5U-eb24bfM","views":94917},{"video_id":"Sfv6Zzx_15I","views":347784},{"video_id":"U9VoV3iH8i0","views":96113},{"video_id":"TOQi6DM_6U0","views":87299},{"video_id":"9ND-Kmd60t8","views":4550983},{"video_id":"Qu1KNkhXq8s","views":4408150},{"video_id":"Jtzn9OQ20Vk","views":694597},{"video_id":"yscQtS_Lay0","views":809778},{"video_id":"RQaVzbxZqXY","views":8566331},{"video_id":"fhQaawlJPIo","views":1134451},{"video_id":"UumBg2myFrk","views":9743210},{"video_id":"4BTtD9Pcdd4","views":683060},{"video_id":"1xLvNRg01h8","views":1460595},{"video_id":"p4lh1h5hdFI","views":7825060},{"video_id":"UcghcUSyObI","views":178840},{"video_id":"J6MwAGArfZc","views":6504190},{"video_id":"l4XOm1iJuaM","views":9686585},{"video_id":"DdSFtn12ynE","views":424263},{"video_id":"IwJ0xHIYsg4","views":857359},{"video_id":"n7YddfDo4N0","views":4870853},{"video_id":"ZhqZCMdvKyg","views":2364553},{"video_id":"8S79QKPHDpg","views":1886337},{"video_id":"uYmpUa38-Fk","views":7805316},{"video_id":"4M4R-dwnTQw","views":1444683},{"video_id":"AubUZV8tWKk","views":3155413},{"video_id":"a8agPjE8xxo","views":540331},{"video_id":"HntiKIn-q54","views":768064},{"video_id":"FlOZtxoKR7U","views":794535},{"video_id":"pVtX74pi8ps","views":2139880},{"video_id":"YLOOdfifC3Q","views":977440},{"video_id":"sPK8bwoqJvI","views":2940141},{"video_id":"DMl1YJyqEdo","views":9515478},{"video_id":"8GOk8Ci3kn4","views":7438645},{"video_id":"vTOHxXvSyyA","views":72794},{"video_id":"ZtFjx3-gRkY","views":4542236},{"video_id":"LFSacMbImys","views":2357542},{"video_id":"FyA06IGm5Ao","views":422386},{"video_id":"_amE6pAAZHE","views":548968},{"video_id":"cyPyIj08drw","views":894791},{"video_id":"kzi7Wx0yF-k","views":227246},{"video_id":"oZ2iA-r717A","views":285942},{"video_id":"GvQCFW6vxiI","views":653467},{"video_id":"py2Z-UNKtes","views":6171775},{"video_id":"qFcCpM8tOnI","views":2494133},{"video_id":"LBouZZqO0mc","views":3877713},{"video_id":"e8XoJsBCi2k","views":8756061},{"video_id":"bKOcPrsvHFQ","views":554454},{"video_id":"o39s-MNM2to","views":3553910},{"video_id":"rACUJRvOKy0","views":2765957}]}
{"channel_name":"PewDiePie","end_date":"18.14.06","start_date":"17.19.11","total_views":146676004,"video_stats":[{"video_id":"XlCHEONTqnc","views":2490776},{"video_id":"w4AImq08j9o","views":8990961},{"video_id":"2EPi1R9oZIw","views":1931985},{"video_id":"AP1Scjdy_Kc","views":2026011},{"video_id":"U8LHgq3Jlnw","views":3644430},{"video_id":"CvyzBMTQa40","views":2301094},{"video_id":"s26JfwmlIKc","views":2933896},{"video_id":"EQ4NEBPU-Hw","views":1959696},{"video_id":"5atVDycaXWM","views":3715225},{"video_id":"PALcJ0HW1-I","views":7678343},{"video_id":"H34qrTkhFz0","views":5217644},{"video_id":"RkvczNWh9ZM","views":4271647},{"video_id":"_vvvSyBNiHc","views":5099409},{"video_id":"Vk8UEWHYfEg","views":1920497},{"video_id":"pHxlZ4dTXug","views":4460448},{"video_id":"yzshoDMBkqE","views":8476168},{"video_id":"4xTpw-05J0k","views":5538066},{"video_id":"Jz50eTT6y8g","views":4410665},{"video_id":"hmRt1GgCqxg","views":5275905},{"video_id":"9AemOdm8LrU","views":4686547},{"video_id":"vkA1rFrNLWs","views":2856266},{"video_id":"hZg4-AtRVHQ","views":2030453},{"video_id":"jvO1GDJXOgo","views":4698989},{"video_id":"3N3c3ZX6hoM","views":1969090},{"video_id":"eS4rlDJ1aVQ","views":4628972},{"video_id":"njF1S4oQbgs","views":4426623},{"video_id":"tHmAPWOo2jY","views":767932},{"video_id":"XD0lxNiZ7mE","views":2723768},{"video_id":"sqFVrfinlYk","views":3215567},{"video_id":"0l35jAGQPOI","views":5146567},{"video_id":"Q6M255BZ0HU","views":4014269},{"video_id":"bF_naHpa-T4","views":7146248},{"video_id":"w5gbHSfbiK4","views":3615349},{"video_id":"uy6vFIxfsjg","views":2193221},{"video_id":"JUabUTqMgpM","views":3770017},{"video_id":"iK7ROzfOW8k","views":2549922},{"video_id":"Q3L0gArhmaE","views":3893338}]}
{"channel_name":"Amit Bhadana","end_date":"18.08.06","start_date":"17.26.11","total_views":140541731,"video_stats":[{"video_id":"LuswB7sAvyo","views":4686186},{"video_id":"ED0PSAElYio","views":7687098},{"video_id":"bhF9fBKyMEo","views":6307424},{"video_id":"6z8TP4tikAg","views":7055737},{"video_id":"cstA-AoF68g","views":6553589},{"video_id":"TFktziLOsFg","views":3867341},{"video_id":"f6WDM-QTwEo","views":9366417},{"video_id":"QqI_dpqteC0","views":7081766},{"video_id":"Re5UkSq55nI","views":8137872},{"video_id":"wTHR9x5Cdu0","views":9568811},{"video_id":"JZf9UPGqcRc","views":8426351},{"video_id":"JATYGQrOXG4","views":8195488},{"video_id":"EyPXz6hKa_s","views":9349844},{"video_id":"f6NJvg-kWJ8","views":7471411},{"video_id":"fJXWRFizc6E","views":8856042},{"video_id":"3mDDtCSC7fU","views":8713351},{"video_id":"XgVrYVBs2fc","views":9546897},{"video_id":"5hpkINjCf7A","views":9670106}]}
{"channel_name":"Goldmines Telefilms","end_date":"18.29.03","start_date":"17.19.11","total_views":131917435,"video_stats":[{"video_id":"VPcH9OXjzqo","views":266225},{"video_id":"zMxIW7uwDGg","views":35702242},{"video_id":"bjPOg2bAWJc","views":9001206},{"video_id":"0Sh_yqlYh8Y","views":7226200},{"video_id":"YINoc51BbB0","views":6766014},{"video_id":"5phMkAbP0SE","views":878789},{"video_id":"2OGCfWrJ5XI","views":975196},{"video_id":"HHITT8NTEGU","views":805894},{"video_id":"5UHuGAiQ3h8","views":171515},{"video_id":"TrTWYQNaNBA","views":117880},{"video_id":"d2SAoQTkBBQ","views":162323},{"video_id":"dZbDNqY-uj0","views":9538234},{"video_id":"k-55qW19zLM","views":7706384},{"video_id":"3g6p7UGUvww","views":9453255},{"video_id":"WtK4VJS4Jvw","views":9745925},{"video_id":"jwRFeu9jrFc","views":370742},{"video_id":"Is3S-6hHQLk","views":7179677},{"video_id":"7cZVSBd4du4","views":6289543},{"video_id":"Cxqmu-EOdaQ","views":9666317},{"video_id":"sBlesHlPqVs","views":774582},{"video_id":"o5QHbTL3uUI","views":6067443},{"video_id":"NFXe2Kgb8Bw","views":1215146},{"video_id":"76h4h9DlBaM","views":967444},{"video_id":"QhkQe5Ftp7w","views":608579},{"video_id":"dzlXHyAdHdg","views":260680}]}
{"channel_name":"ETV Jabardasth","end_date":"18.13.06","start_date":"17.16.11","total_views":118690754,"video_stats":[{"video_id":"Mqfh8_Uk1eM","views":2326210},{"video_id":"o6H2PVojbCM","views":356323},{"video_id":"jfC0sCvtrB8","views":1297438},{"video_id":"PrOrmzAiFhI","views":1798754},{"video_id":"KLMnGtoq5Oo","views":533830},{"video_id":"ePue6c0HtdI","views":2361501},{"video_id":"GMACtL6t6SY","views":999184},{"video_id":"uV4nS6JG9Ls","views":769850},{"video_id":"NpOv0mqwy1w","views":348972},{"video_id":"JL8rXteFzMI","views":1173910},{"video_id":"nfqgsSORqWg","views":2117817},{"video_id":"zvS2hxh3ZhU","views":313399},{"video_id":"hFRWNMIf03Q","views":1842618},{"video_id":"lYh8al-HhB0","views":732386},{"video_id":"u_UNwdZh-1Y","views":455330},{"video_id":"stO99uGSqos","views":2158517},{"video_id":"MyQi9XGpGPg","views":1198596},{"video_id":"20vQXCtUdsw","views":481801},{"video_id":"M5qCmPpIv78","views":243647},{"video_id":"kDwl3TUWdLg","views":1426900},{"video_id":"KPtRb20FzH4","views":959284},{"video_id":"Lw5-QrMrIx0","views":856381},{"video_id":"CtZlkkjN2R8","views":320482},{"video_id":"esfDTroU-wQ","views":1731796},{"video_id":"QpHvpo8Fa8Y","views":2218063},{"video_id":"lEIiEJYszSI","views":545104},{"video_id":"O04kz1TsnAc","views":1113938},{"video_id":"tTuMlgcN_9Y","views":1224977},{"video_id":"Yv-s4vbftuA","views":166882},{"video_id":"JDxH9O2X0I0","views":2365304},{"video_id":"0A1mwjAI4Nk","views":584465},{"video_id":"V13uoEdYW6k","views":1909065},{"video_id":"IIEuvbfiu-8","views":2013805},{"video_id":"XF2Uva_B5JQ","views":551690},{"video_id":"UvkhLm19n-0","views":918407},{"video_id":"ga2gixoz0Tc","views":2168143},{"video_id":"tHKl8Vmc49s","views":820431},{"video_id":"7a83uj4Xwmw","views":1622985},{"video_id":"6-rC9np3x0Y","views":426592},{"video_id":"fqkzu9FzwSk","views":1859897},{"video_id":"hFovrFgnlGI","views":888781},{"video_id":"Nv54RjfJWzs","views":589887},{"video_id":"aJ2NvLALHf0","views":1911755},{"video_id":"Ixq_fpdyDp0","views":263627},{"video_id":"Ik4yOWK-wG0","views":625900},{"video_id":"pzJ7ogH-ExY","views":370781},{"video_id":"aoMtchn6VFQ","views":1820402},{"video_id":"PGaWhFUbb5g","views":1340583},{"video_id":"SLP61YSCebU","views":324674},{"video_id":"PoMehCHkJ-4","views":2451268},{"video_id":"PVaI4Hb88Co","views":1459203},{"video_id":"xko3vId5Wds","views":2117232},{"video_id":"7Bbo5erYdO0","views":430908},{"video_id":"3rWjRJzx2ig","views":2080746},{"video_id":"fBq0DLDLZ34","views":2561475},{"video_id":"cF2vRl_W7Po","views":351880},{"video_id":"APwwqWs2kQs","views":2060659},{"video_id":"nMJfm-AMNQU","views":898436},{"video_id":"997UF08Emco","views":1141558},{"video_id":"xXfJOID3bXo","views":877497},{"video_id":"Yj_TU3fJBk4","views":1365475},{"video_id":"SairuI4B1Hk","views":385631},{"video_id":"Y5vFlD-HIWo","views":780012},{"video_id":"EDyzbCgaCLM","views":2403143},{"video_id":"_1mPvuGxaBg","views":267827},{"video_id":"LEuklUa3UUE","views":2296712},{"video_id":"ZYR02RgRc1g","views":827207},{"video_id":"HraNmhX3By0","views":783327},{"video_id":"nJBXFRvKP8Q","views":447583},{"video_id":"L9Eb35q4-go","views":4212327},{"video_id":"Vqw1OZRY6GY","views":837055},{"video_id":"yi6Qul006Ac","views":2715114},{"video_id":"IiD-hBGmTIs","views":657984},{"video_id":"dcShg7QttBA","views":2057481},{"video_id":"_gU5rVPWUoY","views":1945044},{"video_id":"xRZAqqxiigE","views":2852556},{"video_id":"IwhFMBzGfEQ","views":2252152},{"video_id":"2HpSqRPffZ8","views":2499937},{"video_id":"YLWXjD30SaI","views":899876},{"video_id":"rYY0gf2-eLc","views":2486139},{"video_id":"78ICyjpJ-4M","views":845608},{"video_id":"dT7UQbDwWPM","views":2413546},{"video_id":"FP1-zufDZiw","views":348517},{"video_id":"U_El6nBlsME","views":340822},{"video_id":"Z6I9D_ZA_zY","views":2929769},{"video_id":"DK35sq28Pms","views":417053},{"video_id":"INMivo8eCDg","views":2169169},{"video_id":"j6zOKx5swFc","views":2434814},{"video_id":"exZiLFpStQ0","views":1936948}]}
{"channel_name":"WWE","end_date":"18.14.06","start_date":"17.16.11","total_views":112244761,"video_stats":[{"video_id":"ysik6z44B1E","views":1717414},{"video_id":"YXSbUKHg2to","views":389636},{"video_id":"bpHw9kWH4bM","views":285245},{"video_id":"gXiJM445mYM","views":360407},{"video_id":"jQW0apSNm14","views":484715},{"video_id":"FPF034i9SW4","views":2197018},{"video_id":"vTTs2p_SVnw","views":703922},{"video_id":"AkO-HWVFJtU","views":548476},{"video_id":"vWaEIuGRWQI","views":356265},{"video_id":"c8bkGdeqwWw","views":1355333},{"video_id":"CaI--yOpUY0","views":355523},{"video_id":"aqj7Uvi9jK8","views":899815},{"video_id":"q-jZm-FUbqs","views":1453741},{"video_id":"XWvhubdMsNY","views":2547724},{"video_id":"Y4VIMU8ggtE","views":915389},{"video_id":"cWTp5xejawE","views":946381},{"video_id":"zDz9s2AOTVE","views":4837982},{"video_id":"1JHY490K_A8","views":1246692},{"video_id":"A47EHIKO05o","views":1543550},{"video_id":"clQGvMBNmqs","views":4802685},{"video_id":"jBwfiA01ok8","views":1378629},{"video_id":"vVOHWYEbVMM","views":640615},{"video_id":"VvjjGtSDDo4","views":3701118},{"video_id":"wu4-4ioLC2s","views":1438957},{"video_id":"IBVo8dfqTBc","views":9159408},{"video_id":"Xwseq5D77GM","views":1212478},{"video_id":"94RfP_GdjtI","views":622601},{"video_id":"f-xe1qxhcUI","views":2112381},{"video_id":"Cv28C0hqDbY","views":920121},{"video_id":"VjSSwBIH4jc","views":378089},{"video_id":"xiVFyVNYaXg","views":426204},{"video_id":"UsciN7COX1g","views":2788033},{"video_id":"gU1RxhTB71E","views":1735935},{"video_id":"yAZkC7nM0d4","views":307215},{"video_id":"e1-OxAy9uxM","views":963847},{"video_id":"vDUasQsg178","views":968969},{"video_id":"LlRZu9UeMMc","views":886254},{"video_id":"9dHLFD_Jveo","views":2026827},{"video_id":"6KbUS33vOqQ","views":685077},{"video_id":"FVe1otlBNf8","views":975738},{"video_id":"FFsp5b4AUTE","views":8718657},{"video_id":"ws2cJVuTtJc","views":878312},{"video_id":"1LOYHEM_P58","views":3069534},{"video_id":"XnRs9InyaA0","views":1766208},{"video_id":"I_HS5XouqXM","views":744923},{"video_id":"-27pqCGF5zw","views":904082},{"video_id":"GBTV5ekQwWw","views":1054453},{"video_id":"GlngwhWaLBs","views":8755813},{"video_id":"e7E7Jj1yLuA","views":563675},{"video_id":"gR0pSSISaVk","views":5451646},{"video_id":"MhZ7Zepw3Gg","views":2221301},{"video_id":"5R2ZZ-t8XS0","views":999410},{"video_id":"QtNvvWsSsoE","views":2249448},{"video_id":"_RTMvAhKtAc","views":2143186},{"video_id":"v0xBdIyNijk","views":761468},{"video_id":"JPr_6aIyXuU","views":811524},{"video_id":"E9pIhue2lSU","views":649142},{"video_id":"3o3-3UJpFYs","views":1049288},{"video_id":"p20vjER9UnE","views":945489},{"video_id":"OUi0u_hlF2Y","views":772336},{"video_id":"d0NNTQLLVQY","views":2350928},{"video_id":"lZdHrpqDJXI","views":573308},{"video_id":"dn9Ov0_j9GM","views":655610},{"video_id":"2B8kcxeYinI","views":544977},{"video_id":"RXOUAfGaZZo","views":523993},{"video_id":"0_K4z_7fvGA","views":1038768},{"video_id":"3MTCSll3KGU","views":770873}]}
{"channel_name":"Troom Troom","end_date":"18.14.06","start_date":"17.15.11","total_views":107153365,"video_stats":[{"video_id":"U3xLOo-CNwo","views":3897195},{"video_id":"Ks3OUSc40TQ","views":1407262},{"video_id":"lLouMAqOSR8","views":1867308},{"video_id":"bvhBIsmzhwE","views":9869675},{"video_id":"U_lYmW3KDFo","views":1756384},{"video_id":"TqoeZccmxtQ","views":1456821},{"video_id":"I37Aa8AAXXQ","views":5217373},{"video_id":"xF99M6Zilac","views":4662080},{"video_id":"Ye4z35i1b2Q","views":3257549},{"video_id":"_g3CYTjLmS4","views":2328327},{"video_id":"g95EtDLSK3I","views":1603959},{"video_id":"ew0GKRBzFWc","views":907671},{"video_id":"oHJkFy_ax0E","views":1334794},{"video_id":"h3aGMCgtT3s","views":2197777},{"video_id":"5JaMqRu9ItQ","views":1001844},{"video_id":"3DvCd1SERoU","views":2422977},{"video_id":"Zf3sV_iM8Hw","views":779223},{"video_id":"5lgxy7qYx2E","views":709441},{"video_id":"B1Iv5lRnOSA","views":2851157},{"video_id":"HQu8yBRX8QU","views":1033619},{"video_id":"ndGRpZ7c49A","views":2618026},{"video_id":"fZmtdMiD_c4","views":2437072},{"video_id":"UwH743ficgM","views":1947234},{"video_id":"SuUZftW4SFc","views":1914116},{"video_id":"nm-iunlHHQg","views":1934184},{"video_id":"1P2Ihk16s_I","views":1033078},{"video_id":"pLIRpF5ZC4w","views":1446591},{"video_id":"tM-5hUMkXFU","views":1913507},{"video_id":"FwBHy9h2iPk","views":2796075},{"video_id":"23bqSayhGgA","views":2172956},{"video_id":"Lb7eCca1iAo","views":1616950},{"video_id":"M_KmEWGMLsY","views":1687956},{"video_id":"yHIpYDPbOho","views":3064808},{"video_id":"o_QR7ptPuP8","views":1948296},{"video_id":"3-IEuxIRl5s","views":1516448},{"video_id":"uz7DycAvLtU","views":2568372},{"video_id":"ZfUyn42jeqk","views":3602745},{"video_id":"r1l3cYVRlnc","views":1225982},{"video_id":"0ukQpPD0P7Q","views":1042229},{"video_id":"Lkn1Op_Mwow","views":884598},{"video_id":"o46dpa3NPzc","views":2054436},{"video_id":"KYLRBbSXmBM","views":1952263},{"video_id":"xNp5yIGHD2g","views":1447307},{"video_id":"kETHE0s-6Ro","views":766059},{"video_id":"33eOAeFXL6k","views":1622456},{"video_id":"hOoqzQm_c5I","views":4381895},{"video_id":"S6OAoRLOIdY","views":3145891},{"video_id":"AX_oTMHOb-E","views":1849399}]}
{"channel_name":"VikatanTV","end_date":"18.14.06","start_date":"17.14.11","total_views":106465988,"video_stats":[{"video_id":"1kuJkA9usqg","views":387221},{"video_id":"AlrbKKGIcjI","views":591632},{"video_id":"7xQ6WkiNCvk","views":564551},{"video_id":"5EBDXsTkg1E","views":416189},{"video_id":"PVxtqaZ7CFM","views":523815},{"video_id":"NeIyUdYfdP0","views":716436},{"video_id":"M8WDB3mKmHg","views":838141},{"video_id":"pCzEhJPg3pU","views":621739},{"video_id":"4b07d_ihmB0","views":620555},{"video_id":"wJTU0l_bq-8","views":599897},{"video_id":"HoFEa5Lbnu0","views":816868},{"video_id":"URRpbARFaIk","views":590171},{"video_id":"NqWCE1izfz8","views":587317},{"video_id":"9edpKIQXito","views":618694},{"video_id":"6QyAOfalGQ4","views":655281},{"video_id":"HBxsSoc3atg","views":644734},{"video_id":"eUyb51fxFw4","views":666138},{"video_id":"IYMsX8Kz8uw","views":795677},{"video_id":"3Q3XB2q5l5g","views":641172},{"video_id":"zibpYrl9N3w","views":641497},{"video_id":"EfhdU_xBSwI","views":777277},{"video_id":"jI0BiWkZS_U","views":703450},{"video_id":"xl1s1nLv2Kw","views":609998},{"video_id":"kXjeAqydmtk","views":796126},{"video_id":"Uo9w5oEfsj0","views":687065},{"video_id":"miD3ujpqYTk","views":609769},{"video_id":"syiEqRf0Xp8","views":584323},{"video_id":"ZsGsHYct-vk","views":600154},{"video_id":"89OBIp0A_qc","views":714477},{"video_id":"9ZTOjsBpv7c","views":519637},{"video_id":"ifBMIpX4tJQ","views":658839},{"video_id":"fN491KqvtP0","views":624054},{"video_id":"MoEPugKtZTo","views":474427},{"video_id":"mU2yb76829Q","views":769673},{"video_id":"WV-IXl_fUxQ","views":814172},{"video_id":"BgXOoWQY-MU","views":748860},{"video_id":"pRN2VS7gyj0","views":769772},{"video_id":"d1ms0PHfBVc","views":802497},{"video_id":"pCMEIlEA5Js","views":858137},{"video_id":"VxZgNqL0niU","views":834132},{"video_id":"sGIgbvXRHb8","views":888367},{"video_id":"j-ivAyqJh0Y","views":951618},{"video_id":"jK7AeiPS0-0","views":833766},{"video_id":"VIWXvzEfWcw","views":793273},{"video_id":"jQkZRWoE-wM","views":810207},{"video_id":"u4y_WuIO3bE","views":738457},{"video_id":"uLVck0MVPlk","views":797615},{"video_id":"yD-baFKSIOs","views":1081065},{"video_id":"uMJiVqREr_M","views":704527},{"video_id":"xK81LJ6wzvU","views":757370},{"video_id":"Kp4sOVy3DMs","views":926558},{"video_id":"_d4YwsF008M","views":703289},{"video_id":"IFqsPoEyvxc","views":908560},{"video_id":"yFt6wpGd7PM","views":735851},{"video_id":"6K6yLHau48k","views":812462},{"video_id":"ck47IYhCVjc","views":767416},{"video_id":"VvDtU_9VGvE","views":1439722},{"video_id":"KTc7nOTPd44","views":893757},{"video_id":"8C8IFR53tts","views":696743},{"video_id":"OKPBS2hN9G0","views":646494},{"video_id":"JM2ssSyX7Eg","views":669443},{"video_id":"zQpayXoHMeM","views":1024022},{"video_id":"eQqGJFNHoFU","views":761688},{"video_id":"sARscbQ1RhQ","views":920820},{"video_id":"1DcSAvffKYU","views":638758},{"video_id":"LRfveNMtcB8","views":980741},{"video_id":"0bNU_vv6mJA","views":895366},{"video_id":"64nwp6u24WI","views":1406170},{"video_id":"fpcirkEEjfA","views":430174},{"video_id":"IEkPYVEtO2s","views":893381},{"video_id":"KYcUPk3boYY","views":1991963},{"video_id":"g3H6M02-uRQ","views":424725},{"video_id":"5VUioBwLNmI","views":668114},{"video_id":"AI9RVl7JDMI","views":776701},{"video_id":"UFQOGSp58b8","views":543420},{"video_id":"dXt20Kuy84c","views":459358},{"video_id":"RlWE8WQluvU","views":739416},{"video_id":"r4CTYvayzUs","views":343214},{"video_id":"qb49-46VYro","views":387637},{"video_id":"KXzgdavpg10","views":618414},{"video_id":"n3raQ-mZu-Q","views":555732},{"video_id":"TRPwZ3C1B9Q","views":576992},{"video_id":"rrbHID-DwO0","views":781601},{"video_id":"3bygpPwiGuA","views":439729},{"video_id":"Kam3xozMyqs","views":789985},{"video_id":"qBCfEdcGSTU","views":523702},{"video_id":"pAQhexhPoj4","views":937832},{"video_id":"Fi9j_dtPU2M","views":937232},{"video_id":"W7wu0zx8adI","views":932698},{"video_id":"MJnlLFRbBaQ","views":801476},{"video_id":"la16Q2S8Gcg","views":805859},{"video_id":"ZOh1iyHBTQw","views":545664},{"video_id":"ZSnVjIUqwSg","views":841815},{"video_id":"LHN_0NO9vhA","views":537419},{"video_id":"3PmSjJY0T5w","views":609553},{"video_id":"ejFqVVOBkWc","views":681681},{"video_id":"J5HT7ER4w_Q","views":857088},{"video_id":"ij22wwVWras","views":907683},{"video_id":"NBnT2ZqaY5c","views":953498},{"video_id":"mmEvQNZsOs0","views":555221},{"video_id":"Fr2GksNWdX8","views":830130},{"video_id":"sD0XjmXZ_ZM","views":509464},{"video_id":"CI2zVegJBWA","views":621962},{"video_id":"U2ZLv2LXKPI","views":629302},{"video_id":"nh_eZnSZCLw","views":753010},{"video_id":"hpEjxsHT0Zo","views":791758},{"video_id":"SmHK8K35EBc","views":428254},{"video_id":"6qLUFxwwErw","views":470910},{"video_id":"trIECHv2fNE","views":542624},{"video_id":"o2pPZCjUc9A","views":469096},{"video_id":"wz8n7C3-1UI","views":506073},{"video_id":"CSsnZJ1En7U","views":780737},{"video_id":"ccSbPSJwsCM","views":488234},{"video_id":"LwdPfLYQTZY","views":580733},{"video_id":"XbNu0Y-62Zg","views":537143},{"video_id":"mSnGDYVVOgg","views":490555},{"video_id":"_yf4la-ddmc","views":793426},{"video_id":"zhIg2ou0W_M","views":774072},{"video_id":"moASLrr62EQ","views":456025},{"video_id":"HWDELTsAZOg","views":657796},{"video_id":"FrHfRa3AADI","views":428371},{"video_id":"ixZJ6t9jMSo","views":597287},{"video_id":"QraD9ZQHMOc","views":720062},{"video_id":"Ze79TNTf-Dk","views":493519},{"video_id":"m8rIhOnP5gM","views":461047},{"video_id":"J-tcQFTdHmI","views":459270},{"video_id":"BPGspKxSMGY","views":555922},{"video_id":"a--IRRuuwbE","views":514098},{"video_id":"Hpm8O--mNTc","views":604388},{"video_id":"9FaxMOL7lO4","views":449197},{"video_id":"3pg9pUSIKtM","views":660161},{"video_id":"yOHtg7u-sAc","views":554967},{"video_id":"VtV4nNeZlO4","views":847111},{"video_id":"gz5t34056G4","views":813752},{"video_id":"QrTAA6hCkrc","views":595204},{"video_id":"YwE7Jlo-_iY","views":520417},{"video_id":"KZK21zOnpos","views":455540},{"video_id":"dvha0v56J1Y","views":504526},{"video_id":"cIYLwrEESKg","views":601943},{"video_id":"Aa0pMMyBVLs","views":853654},{"video_id":"wicNVNjh_AQ","views":605651},{"video_id":"lv2HF8TerCM","views":602783},{"video_id":"6c5dqN3B3b0","views":841399},{"video_id":"KuWnanSN_AI","views":852031},{"video_id":"00uHMkOzsyo","views":809542},{"video_id":"7635XrLD3mM","views":498922},{"video_id":"7ZSRN8jRrOA","views":750394},{"video_id":"d_Cz3cTSxGI","views":664658},{"video_id":"OmIYyeSg3v4","views":628962},{"video_id":"R_5YBLuXAuU","views":565220},{"video_id":"oZxczFaBwto","views":807263},{"video_id":"2XEWN0CFghA","views":974503},{"video_id":"tR5FZC2FP-U","views":535254}]}
{"channel_name":"Dude Perfect","end_date":"18.06.06","start_date":"17.26.11","total_views":102018223,"video_stats":[{"video_id":"VJwoSfTOhyM","views":13234006},{"video_id":"ycVc1jsaAA0","views":9387347},{"video_id":"9oyKePWRi8Y","views":6969112},{"video_id":"VRJmcxCrAOA","views":4234615},{"video_id":"WpqUOW19aJQ","views":9651434},{"video_id":"qZHycHI3F1Q","views":4151801},{"video_id":"MuPL-PSMX0Q","views":4852889},{"video_id":"S9KxqRUcnCU","views":17433516},{"video_id":"Hk5dxn5dj2M","views":8593086},{"video_id":"FepIkIILumA","views":5589612},{"video_id":"9m9oO84Q2fk","views":8523528},{"video_id":"v-dfygYIfLs","views":9397277}]}
{"channel_name":"FoxStarHindi","end_date":"18.07.06","start_date":"18.22.02","total_views":101698226,"video_stats":[{"video_id":"F2lN25IayH8","views":9946060},{"video_id":"Sk1_ytol_bg","views":1577161},{"video_id":"Sw018TePayo","views":4459620},{"video_id":"T3qcb_9lRr0","views":929887},{"video_id":"rRr1qiJRsXk","views":44171797},{"video_id":"iNQq32twAH0","views":4389486},{"video_id":"1J76wN0TPI4","views":36224215}]}
{"channel_name":"The Late Show with Stephen Colbert","end_date":"18.14.06","start_date":"17.15.11","total_views":96382416,"video_stats":[{"video_id":"b-ShNqtj8Yw","views":1025278},{"video_id":"OV9n85JDEK8","views":1035219},{"video_id":"Q_FAO1ZNKgo","views":597836},{"video_id":"eOQpjvnm4ME","views":1291361},{"video_id":"jUiP543q35k","views":911828},{"video_id":"B1XCBp5Qlec","views":927209},{"video_id":"veVBbxZyzKU","views":2115548},{"video_id":"U-v6HDIdC94","views":974139},{"video_id":"czhSzmxN3WU","views":1946403},{"video_id":"Gp40Uztk3bg","views":2406040},{"video_id":"H9KDcSp6yyE","views":678452},{"video_id":"dOSCZngPYWg","views":665073},{"video_id":"Le5kBwN6Vsg","views":1517027},{"video_id":"PsldHmrxEqw","views":1697140},{"video_id":"K674LKBUukk","views":2114724},{"video_id":"jjCP_khIxLM","views":1099221},{"video_id":"5_7XDbgvyiM","views":941378},{"video_id":"jUz_MRN-83E","views":1577527},{"video_id":"TgA2y-Bgi3c","views":652159},{"video_id":"TmN_mMnlUtA","views":789673},{"video_id":"TvEpYnAo0Tc","views":2186990},{"video_id":"nXgvW1pB8KI","views":1671864},{"video_id":"8RZg4V1C3HE","views":918926},{"video_id":"opmDMIg4Lvs","views":1192248},{"video_id":"gEX56vZPZFE","views":468030},{"video_id":"X44nWi6ahg4","views":784673},{"video_id":"xUIrq8ZNqSU","views":1052337},{"video_id":"Q646Qq2SxhI","views":624193},{"video_id":"q8XzWBadFiU","views":641684},{"video_id":"4XrtGVyHogc","views":745340},{"video_id":"fXMh3VMC9CQ","views":905230},{"video_id":"mO-RSPLdpPg","views":727012},{"video_id":"Huab6p5HW0E","views":1781966},{"video_id":"jbzn3c5aafI","views":1252019},{"video_id":"s1zHtig9BZA","views":821417},{"video_id":"btxciF35Qnk","views":1127610},{"video_id":"Uu9ox9CPpMg","views":1671163},{"video_id":"BiiuUzFQ2Bg","views":1728864},{"video_id":"CV39K_uHae8","views":1047456},{"video_id":"PpHEXUeXMxc","views":1037158},{"video_id":"JNnRbYj6Rnc","views":1042730},{"video_id":"hgqy3o6ec-8","views":1204601},{"video_id":"ASeDPHVHY78","views":1672290},{"video_id":"UnPI4xKvf0c","views":1077962},{"video_id":"_dn_8RR3SyY","views":1053654},{"video_id":"02Q4RAS09Mg","views":1151534},{"video_id":"ynNKe3wPqVE","views":2031714},{"video_id":"qyKivZT2wig","views":1385846},{"video_id":"QJgvhFKsouw","views":1241243},{"video_id":"WtqFjTLB8es","views":1996556},{"video_id":"K_yddF7QnfQ","views":1179896},{"video_id":"TKnu8eRMysk","views":1430200},{"video_id":"Adg-A5tY9lM","views":1426681},{"video_id":"o-nGPNn19vE","views":2281675},{"video_id":"qZnge-xDI2o","views":1201552},{"video_id":"asud3udH6Hk","views":1802111},{"video_id":"4swif8r4z3Q","views":1491799},{"video_id":"7LnZEmi6KXA","views":1929313},{"video_id":"i8gE20TW1n4","views":1996240},{"video_id":"W6E_Pjayhl8","views":1170258},{"video_id":"vLNXXNCAHY4","views":1436649},{"video_id":"ymQAkH7B43Q","views":1831293},{"video_id":"O3tY_fE88Bg","views":1746958},{"video_id":"ju4MDaz9IBI","views":605529},{"video_id":"d_KFQCKkmgI","views":674929},{"video_id":"2-e3RYWr758","views":1133012},{"video_id":"W16tAWU4hdM","views":1049923},{"video_id":"nlozE2m-NMc","views":3306528},{"video_id":"hndSZXjmJmA","views":1139756},{"video_id":"c_CWhv86Wc0","views":1150918},{"video_id":"iPWIULW-joE","views":1291052},{"video_id":"2kxeAg1Ydi0","views":811996},{"video_id":"DDZIG9bE_CQ","views":1503865},{"video_id":"UVxE_MM94tA","views":1582738}]}
{"channel_name":"T-Series Apna Punjab","end_date":"18.12.06","start_date":"17.18.11","total_views":91727245,"video_stats":[{"video_id":"bHX-8h6OKi8","views":324362},{"video_id":"_7rvYV_YmaQ","views":9759719},{"video_id":"3qhVAarQ38w","views":41254},{"video_id":"v9RyaFjC6-Q","views":97533},{"video_id":"WE0Bq-1cw8s","views":705124},{"video_id":"xCCh0MJ7Cww","views":59470},{"video_id":"0KbWFEe8Rz0","views":209466},{"video_id":"5CG-AXOAYko","views":839918},{"video_id":"gvDeCm_jd8E","views":800028},{"video_id":"mwfVTNouZXM","views":183757},{"video_id":"aemnUmMoPfM","views":806596},{"video_id":"gQF1lOxpT8g","views":377767},{"video_id":"_Qu6ReIn46c","views":387957},{"video_id":"mXri_0ZxyIA","views":2747177},{"video_id":"tBibHSnMJGo","views":1938051},{"video_id":"5ZhbvotyVWs","views":242908},{"video_id":"PJWBgE0nPkg","views":2378777},{"video_id":"wl0PzdbaZ8w","views":312133},{"video_id":"HcefsokYgJk","views":61084},{"video_id":"VIzi6Ade_0w","views":2507252},{"video_id":"OZQpFyhwCng","views":878706},{"video_id":"pOczrdOfINM","views":148518},{"video_id":"2Yj7dHCAtiQ","views":2782852},{"video_id":"N4LWQoEQZn8","views":274294},{"video_id":"F0iTExrT4l0","views":611048},{"video_id":"mvppwULNJLo","views":819555},{"video_id":"9ynR5n97qCI","views":1033344},{"video_id":"D5dZ8_OCJV8","views":2207015},{"video_id":"-9C1Z3nIsPQ","views":950417},{"video_id":"R-NrqsvCFPk","views":1873596},{"video_id":"YpkJO_GrCo0","views":620186},{"video_id":"ON6fCdE0XiM","views":2983739},{"video_id":"mMttiIQyOJ8","views":1370058},{"video_id":"EV8E6P54dLU","views":944057},{"video_id":"KCnKJbNSibA","views":3809799},{"video_id":"3Kt5tobRNt0","views":2035459},{"video_id":"IkNqmCkbI8Q","views":815195},{"video_id":"SEZTaS4Hx0s","views":202518},{"video_id":"jZMHSetWPto","views":198723},{"video_id":"8ddsTcwR20U","views":51382},{"video_id":"jaNa4JXnJJw","views":1818975},{"video_id":"3Onpphx2ZiI","views":88675},{"video_id":"lWhqE2Vs9DI","views":920251},{"video_id":"5srcGpF3JdQ","views":6823245},{"video_id":"tMJyud9sFuk","views":978638},{"video_id":"MsTEzgur1ds","views":482450},{"video_id":"uutnsezrTEQ","views":957771},{"video_id":"mhgCxEMltpo","views":1710817},{"video_id":"xqelM7ho8aU","views":402694},{"video_id":"wp6JyLeo4mY","views":549201},{"video_id":"bFCVXPTJt_4","views":4894651},{"video_id":"d-xSH9zlKpE","views":2915253},{"video_id":"n_bumZzpGA4","views":1945977},{"video_id":"3o-NOi6fefo","views":413546},{"video_id":"O8em4psuejs","views":140942},{"video_id":"D-Pp6HZYwL0","views":2221454},{"video_id":"dRx-RApORDg","views":1153279},{"video_id":"V9tw4yMJ600","views":4153997},{"video_id":"4yNfXg3B-xs","views":712397},{"video_id":"t6qYhCZR1uc","views":1468690},{"video_id":"MN840bAdQyw","views":2687405},{"video_id":"3srrfKOzruU","views":590281},{"video_id":"LpYlebfz4fw","views":4305862}]}
{"channel_name":"Sony Music India","end_date":"18.14.06","start_date":"17.14.11","total_views":90507950,"video_stats":[{"video_id":"ozZ8HpIBsGw","views":1449239},{"video_id":"YoXH6cZYI_s","views":954599},{"video_id":"eHfLuSsf50A","views":76685},{"video_id":"6ug9zvC9pJM","views":3617966},{"video_id":"D_WM3MYaIb4","views":141637},{"video_id":"hYM_iZII4U4","views":7039514},{"video_id":"Yt1VflEmhUo","views":882297},{"video_id":"UhC0uD7aQlA","views":476196},{"video_id":"ezyQ6gR17Mk","views":228807},{"video_id":"vWD6kUP9RTY","views":823354},{"video_id":"f5_3xduXV-Q","views":270412},{"video_id":"7axyUaubiCE","views":894707},{"video_id":"dE5SLY5tKEc","views":559411},{"video_id":"F0JUYfQOkLA","views":729170},{"video_id":"es-5OLRrUf8","views":902932},{"video_id":"JExup0WMPgI","views":218741},{"video_id":"wUvoGgKyjLo","views":121874},{"video_id":"NP06n2oe8Kw","views":530802},{"video_id":"rmCD_Hv2XmY","views":12370462},{"video_id":"9dfzkUEpEf0","views":838102},{"video_id":"aBoKCe7GHIk","views":787498},{"video_id":"tZ37dPjMw_E","views":944248},{"video_id":"HEa-e1zVv7M","views":759103},{"video_id":"dUaCEs3HfdI","views":30340611},{"video_id":"z3v1CYYKwdU","views":791486},{"video_id":"uZvJWG6FeHg","views":118929},{"video_id":"JK7bH_WwO0M","views":7660092},{"video_id":"ycPfmwVZ5DM","views":6111819},{"video_id":"ekvi8tVYem0","views":5490160},{"video_id":"lctpxIeBFWA","views":4377097}]}
{"channel_name":"20th Century Fox","end_date":"18.19.05","start_date":"17.19.11","total_views":89638094,"video_stats":[{"video_id":"8-Cjsnq8kVU","views":9779219},{"video_id":"ykHeGtN4m94","views":2096711},{"video_id":"aj8mN_7Apcw","views":5952978},{"video_id":"xZNBFcwd7zc","views":17485497},{"video_id":"D86RtevtfrA","views":25228211},{"video_id":"20bpjtCbCz0","views":9823890},{"video_id":"uxbQATBAXf8","views":9399654},{"video_id":"6S9c5nnDd_s","views":9871934}]}
{"channel_name":"White Hill Music","end_date":"18.08.06","start_date":"17.17.11","total_views":88792039,"video_stats":[{"video_id":"zOOmEDwPJX0","views":3733789},{"video_id":"VesEFgZt-LM","views":732202},{"video_id":"pbC8BI0AgAM","views":677811},{"video_id":"jMtyrGUlPhs","views":80626},{"video_id":"yANcfPr-EOM","views":3002626},{"video_id":"NiInmAxkBO8","views":633218},{"video_id":"Hsbd0ebtCF4","views":807767},{"video_id":"dmY9PY_IoYY","views":995796},{"video_id":"mKpPhVVF8So","views":9680651},{"video_id":"ZXfdLoTOpXc","views":838386},{"video_id":"vcw-juQsSNo","views":3527331},{"video_id":"biNFtfIVRZ8","views":7293113},{"video_id":"yS0QXeFz7Uc","views":1339109},{"video_id":"KK1X5PqF4NE","views":953717},{"video_id":"RlAN6EpUxvM","views":5594259},{"video_id":"MyJWoSOQE_8","views":385496},{"video_id":"Z6dqZsJi0bc","views":800738},{"video_id":"_qhZ8EjZ-es","views":831232},{"video_id":"nCx_6IU9yoA","views":607014},{"video_id":"smfAT1uPA64","views":222943},{"video_id":"EIG6CAj_fYY","views":906067},{"video_id":"2byhW3BOKTU","views":5885954},{"video_id":"n92qIk6nU84","views":5374428},{"video_id":"2v2o-8hIKjo","views":263722},{"video_id":"Js63OppByUE","views":1436118},{"video_id":"3PdhAm_U3U8","views":92482},{"video_id":"qMZhbi0Dav0","views":623996},{"video_id":"ZYin3ZPhFTI","views":822958},{"video_id":"4KT6VVGQPF0","views":671814},{"video_id":"Xe53gFvlUD4","views":5111035},{"video_id":"6l21a-M6jqo","views":2625379},{"video_id":"1E9j4689ZWQ","views":6811862},{"video_id":"YXC2C6o9EgI","views":3053515},{"video_id":"BIKnffj4r34","views":3057874},{"video_id":"odJUC1JiD9M","views":217394},{"video_id":"_cjgmrR3NOQ","views":2891686},{"video_id":"lN9WqViMBKk","views":4483185},{"video_id":"_crYYMysH7M","views":1120085},{"video_id":"8LO3wm_CTWo","views":604661}]}
