{"category_id":"10","end_day":"17.19.11","number_of_videos":15,"start_day":"17.13.11","total_views":16568077,"video_id":["2rciAnKuVdM","GKMa04pjLzM","QKj6l1apQ94","D137aeWoCSU","dq6G2YWoRqA","ExvIThM_iPg","imQqRmw0eWw","k9iu_UwpBRE","UuCq8mtK8J4","WpDLzAxUXH8","pT2fZqlxQvc","TyHvyGVs42U","MpZdI8i8Nuw","lPbEEC2feaI","ZVB_rbmxQM0"]}
{"category_id":"10","end_day":"17.26.11","number_of_videos":22,"start_day":"17.20.11","total_views":33400034,"video_id":["N8kTqxxtnAI","WpDLzAxUXH8","IXl75g39PSs","YTINAQoU4oo","APeiLr7JF_Q","TyHvyGVs42U","oDp2M2mnltA","D5SoKKWFVK8","GiUDQY43WBU","7vbiUJW9u0A","EBt_88nxG4c","vhDPsn340_4","n9qhyS-DKuw","UceaB4D0jpo","22m92xeJmW8","V3EYjVPRClU","YljnTp8yQFM","1hf3lJbcKKI","5XRc6OT7vbo","kTlv5_Bs8aw","5AWOLNcSEgI","C7xK6P-d_ZE"]}
{"category_id":"10","end_day":"17.03.12","number_of_videos":22,"start_day":"17.27.11","total_views":22911347,"video_id":["TIl4xmbTZXQ","MlsmPrmOZO4","9RIqVvJ2oA8","LHdcI2gmhoo","rYM-HSovrKo","eRsRIgepQtM","S9Vc_fWNEa4","hYM_iZII4U4","CpTLFchI8Zk","oJPt2Hc2fXM","ccPOyCGuCIE","wKa7c6SL1eQ","E3slKJhuZAA","SM1w9PEQOE8","EjVDxzdY1u4","817P8W8-mGE","g7b6J63QHXM","EKkzbbLYPuI","o7iL2KzDh38","0I5LAGCoSTk","SA7AIQw-7Ms","Zvnj-lqKMXw"]}
{"category_id":"24","end_day":"17.10.12","number_of_videos":63,"start_day":"17.04.12","total_views":84120917,"video_id":["WZGpcuXCKzs","rcGRVG_SV_w","47BNPjZY3cg","Lu6GprMf4SM","fPCbxdAuMGc","X6cXCCZghPQ","xdWwvfH4L2s","z96crpQ9XhE","9zP6OQcQa3k","e77J4g0LMOk","6Dmm3IQr6q8","eWAcvmUfmio","LtPoeRBG5i4","FL5QWGe3ZFA","LoFSgfMo1ao","qfPDNvdVqGw","rs0blE-QRgE","oPi_MmOkjT4","G71AzW1jD8Y","nt_vhVKigeg","uCMrmubHtRs","hlEm1IgM8xc","eysV4wlmzNo","lm5_w3vzG88","I6u4GfjK_fw","xAcR58ABYBQ","nf8HdQ-nq_w","0XgzKOdwFDw","zlROHKE3Q2U","Sa_44rdekNo","jSYgh4z1-dg","0LSjRPcDGug","LmxyIswRN8E","dJapsQzb4wA","FlsCjmMhFmw","YAxbmR5k8Yc","GMftwHfXnp4","1u8QO_r9mhw","l4QszvoU1zA","eu0lg_1i6YA","Oi1W3LH6Stw","0x-KqjBLMYk","LjRXvR1XL_c","ScDsvgGECYY","51JYotCf0kk","z8rgMYmir4c","nUPn4jFTQ6U","kGJIbvSEIII","sVc7s06Kc1c","Los24EL7f5w","REVcFIV_vT0","N9dXMSvUSzI","cOz-FqXM-Kc","lIhanC15rvk","IMkN22A_F-k","plhgG4zVOrg","nfumDgLavns","aK2KnhroWCc","PHY-aDLZEVQ","s2mjTEcMYcs","hwFGgvkTXYE","0MF1zXCBwbc","pAbC7jb_X9Y"]}
{"category_id":"10","end_day":"17.17.12","number_of_videos":25,"start_day":"17.11.12","total_views":27091818,"video_id":["BfHMw05PtvA","ZtlWIuLkPjw","RQoS7TkDd8o","51uJNBsvsuU","DTtDNEG09QM","bSqp7g6oR2w","WJ9bdGwhdDU","rRzxEiBLQCA","Gcrs5VN9Lgk","tmozGmGoJuw","qbLgUtaR9XQ","i5ybsKwR8fM","vKUzTrsCB58","Na7VFFnqWVI","lrsi3GV-Xwo","AisWm_niafc","3BXDsVD6O10","-wGB2Pyrqkc","eiDiKwbGfIY","lXnCSZcjR10","r7x-1_dr4UM","dneWGXFzfco","iLo3tH0_wHA","wg0CF3RCoa8","JjnurrQ_bMk"]}
{"category_id":"10","end_day":"17.24.12","number_of_videos":37,"start_day":"17.18.12","total_views":40789537,"video_id":["ibuGOVzuvjc","uJRMMQJ2BTQ","6JhXsA5A2wI","AisWm_niafc","ZY0bltvb8Ug","m5JWmB_Q-Yk","YAUXLoTKSMI","s1dhnY96sqM","MccRjTO7xZ4","jByb9gvUaW8","UnK-Pw4WHwQ","24kq0B9wjQw","uaBzaq-z9q8","6CigQPn9jPc","l_lblj8Cq0o","X8sSXU-J8fI","hSOgNCJmQvU","XxuJjYwmn8g","WS7f5xpGYn8","P9eLY5scH1w","B_bYLJ3uqow","hLAIJMTAGFQ","npnW7HFR3FQ","LV1LI5edniY","9vwLbRvrq-k","ItL6vcUrpUs","6jwBOLuo6tc","7R69Aygd9eY","ox7RsX1Ee34","3i-RruSt8So","TPypJzuSUO0","Xn6Aw4Oiaz4","hzyYxSTuJZ4","Py68HLGF7iU","WW4CRS0ufaE","IL_M8tQUDWE","fGTcidrUhy4"]}
{"category_id":"10","end_day":"17.31.12","number_of_videos":25,"start_day":"17.25.12","total_views":11171276,"video_id":["W9zPJCM_yg4","CqhrWnN7dDo","ryr75N0nki0","JiZBo9iZnIE","EmO2x0Ty8JM","_K0SnV1a_dI","Z1mdNgMhwvw","4M4zv1TQTgU","18NUKapHuoA","xPxazpF-qpY","u_SA2QkZd24","Kr0nQmUYwB4","iOmw0iacMl0","jgcXf0QYIsU","sGSfN3i4NoI","CtJeenliMtM","wxqHyWB9RUg","7zrUCLCe1l0","Nph19CWqk6I","88EB0TEGQDA","tPdodBahupo","XaB0Vfoq7Lw","wSb1QZyPlJ0","1HURELPAlxY","lg2Uqcuerrs"]}
{"category_id":"10","end_day":"18.07.01","number_of_videos":27,"start_day":"18.01.01","total_views":52781662,"video_id":["VEqSQ_fFP5k","hjp9iqeWfG4","MPjIl5QZDaw","vqOHyhi4JkY","YA1Z0NhqTHw","OBwFgPDjHVI","tynT8gBA6bc","SFN5gMozs6M","BHTUhKaY--4","PTs7wlg_NfU","OkGPxXhDDHY","bVU-MmJZFFA","JctVyGslOtw","gFyCnSxdAw4","LsoLEjrDogU","GfCqMv--ncA","oF-6PEoK620","H4KKMqRDYsI","gA-NDZb29I4","mBrdEYW0Vno","ATM8z15oTog","HZn-zwQH7mE","z2kEKZ6jyQQ","dN2adfaZvdU","3z_E2hc8_Hw","xHEdJETyA9w","BSvmO8YbDCI"]}
{"category_id":"10","end_day":"18.14.01","number_of_videos":25,"start_day":"18.08.01","total_views":27279492,"video_id":["GC4gnq94kZE","tM9d80YFHBg","ATM8z15oTog","YfngcObS-qQ","lyH9bIqhreo","fqwYQbuQ8C0","SaoePc6JwDs","c9WNq3tjtgI","hFyJ8_AR8zk","k5TqNsr6YuQ","F8WBsih0UDg","8BQqX3bUqtY","VLStmUtQh-E","k3zmNrf0Eog","-01MUE3GK7U","dfnCAmr569k","muGwQEScRb8","LLxsgH88Uhc","rRuwrwZZXvY","Mgfe5tIwOj0","gu9_m0vm7fM","1TrpQeXOCG0","xybCKjLXToc","refJpgF0A70","JuECWIf3FaA"]}
{"category_id":"10","end_day":"18.21.01","number_of_videos":33,"start_day":"18.15.01","total_views":30793150,"video_id":["A5EbDFPAU88","muGwQEScRb8","vl1APEHVmvU","dfnCAmr569k","bGRNZKB97Lc","wjzLNiWH_tI","S0nbOenwCLw","dTta9D3uCh8","Z2fX9CpMDVQ","u4uJcXa76PA","X564jkHiD4A","eACohWVwTOc","3N4vfhGZqhM","TnCa71iUVxA","EdPueYO_yz8","NtccSFkAhrM","8GUUxKeZseY","M4vnmgZLA8s","LNHkxOU7zz8","vAh7jTAkCKc","gaEPYljtIAw","X83fT0QdgX4","VhMW87avFIM","j-bNpTtgYs0","pATPzrOKFxE","vklOqNVsCa0","ECEJy3GSsjM","H8IdlezR8ZE","Y1mtif1B8k0","liczsmUSMA4","qrX1LSEZz94","jcWmC1oa4KQ","BgUfdhd9fzU"]}
{"category_id":"17","end_day":"18.28.01","number_of_videos":33,"start_day":"18.22.01","total_views":27376551,"video_id":["Lh50nvqboWo","awCGlJSoNEM","pU8FPGPOHiE","eE45P8nOzOs","Vflygvf4LkY","4GO4JSlJIcw","d_vMkYoblMU","DNRhS8F5Jds","Nee5bxJi_tA","UyDZofuB0zk","_7QxD90BQPM","8dx5D_O3UiA","A0Jxwja-pD0","pr_TkKeUFR8","Ii3V6PJDicE","khSZO-QO2g4","NHrwcQQ38bA","Wgr5GleavsM","GUBpyhNdflQ","8JVKIN6aeNk","l8oA_FiN9go","VRJmcxCrAOA","y7fNOjHDdpU","DDSsLFgJlz0","3pyqzYmcv-g","ZDBCPFvp7u8","PHZ4Th4VuKY","qfEPXo1JJ64","lZuL1Sm2h9o","AGJURGyL504","9Qg2bWgNfM8","J6aur8Jl4us","3mMYkbbRF-A"]}
{"category_id":"10","end_day":"18.04.02","number_of_videos":42,"start_day":"18.29.01","total_views":28560116,"video_id":["2Fhqf95EGfs","kutk2XHEZNU","_o5zbvGyxW4","d-KTr9LsTJI","NXsX3XN2cq0","HI-mXMr8glQ","-sq5aXx8m6U","6OcOO1k-vGE","AzPZQrdtsMY","2KxtwXvP8aU","zMk3A8ExOSI","fY8iLUkZ5kI","J_CFBjAyPWE","4_MMmEJ2BIc","fOFeXMdTz2E","3EBnAerqqpU","N4xLvuYNa4c","rNYduKIyEvA","lLDe0kXmsGw","brQD0SXpDnY","jJydzTD_twY","RXO8ZSFjZJU","D0KrWq0i1QI","ESbDi515wHI","VIl31t2eTr4","byUoY1tkL0Q","KPL6Xd4xhWY","TNJJXCHpkQI","-rF_8dM8DX8","SfKH-6lPwAI","xLtQ8iW8a50","xzWqdSflSmQ","_tl7nXpN__I","dTemPIu-AwQ","2wmeR1P7LTs","K5xERXE7pxI","XA9eVpQC06M","D-9U5ajbyxc","nWFYJnJTYhg","K1Nj9vEURqk","qzzuwKT391Y","baj6llvgpWA"]}
{"category_id":"24","end_day":"18.11.02","number_of_videos":57,"start_day":"18.05.02","total_views":46059185,"video_id":["ohrFQfhgbQE","1uJvBiPDbiY","y471nkTjNW0","7ByaD12iceI","7Sf9R75VQng","oi8_0q5Y-MY","uePQWSi_nyU","NooW_RbfdWI","MSEbKgpiY14","1KMRjOjnn6A","QS8bma7LRX4","-5CyPycP91Y","8oUAu7vDY5w","jaaeQ83qYFc","pVxOVlm_lE8","0EU-FepoB8k","8brYvhEg5Aw","dNW0B0HsvVs","UVrkYnFppkg","cnzm-s25UcA","e0jNbWzWUjI","i4BVVwDFiTw","kWvQ7aAzN6g","EKNIhFJzI8I","sHbF4kkThac","lfN3wZDaiv4","F2Qt3PkZgT8","3zpoRzUAysc","h2L6snyHhdI","qDtXZL-grqU","8aoHiS-HyFw","l-P8vNwa-xg","QzXXOW-VQgs","mXrSIXmn77M","_NlLaRrSQCc","fwc4tkZKeQI","BJpmn162i08","mIlTIFvfFTQ","6__VekH_pzk","B1QqEi1XXSw","dXBbT3JXrnI","Vr0yHQwdQbE","g3a_VhiYBxk","yLyQJhGvVMk","18EAemgs1iw","dzxFdtWmjto","P0bI_5pN-74","5BrTOCzNWkw","ngx2G36yaD8","xVzBDu8DOAE","J5M7m6hWwLc","GKYQ2sf3wYY","ntqLz-oN8eE","uL0fgn9k3ng","2MevMpE2KRI","JNJp011BGRs","ntGhMoXzry4"]}
{"category_id":"10","end_day":"18.18.02","number_of_videos":42,"start_day":"18.12.02","total_views":37954882,"video_id":["n2KpJV4jHUA","kJNk4TW7RAk","t3HFob5pC3g","t7wUDRZOPYM","TYS-005xQhg","_9W__Kp7_Ig","k_CPCQcarw8","8h5niaw2mAM","W6aOCchbQCc","1N_D820cbhk","V3CgwyrAIYI","588XQpX4ccI","Ebutajbkxdw","hRRVp3eG2oc","fpAopipfdAs","7R1N-8SoqcM","G_B74tjmiNI","wfWIs2gFTAM","ERQ0dwOhnBU","SDn9ixUQqLo","lzLQP25bTBk","BzOlmgz-hko","y68LgPCGbHw","QQ_3S-IQm38","7lRAS4eNg_E","hXRQSJUvsL8","VwAnsAUYnw4","u2ok-MYrf-U","Mc9jE1O4A4U","_hMQe2U4c6w","mdcBqqWj3kY","j5H3_jOsfxc","Sc4Y0Qx5kLE","EeiKghUwLzs","9Ll5cDQzVjg","3pD7QF3KDp0","Y037rjofuaw","jzD_yyEcp0M","55nqzqV2VX4","HU5vtxfspjs","xYtsL9znopI","vnJZzpvP7_w"]}
{"category_id":"10","end_day":"18.25.02","number_of_videos":41,"start_day":"18.19.02","total_views":40618552,"video_id":["xpVfcZ0ZcFM","TziniUz0tS8","MKcoXPj6SlM","qbsLvAhRf5c","Sc4Y0Qx5kLE","5RpA5dwRsvQ","BXcfquRYRy8","K-Ehg6xT6fc","luEMwTnF990","lUfXhKyYT8Y","BrGRUju836M","dhVK4jbjMSQ","UOfgkkHEcfU","eo0PFbqajw8","d_pP3WaTti8","H8H-oZCdidc","S6baf8BqKDI","H4RBNZPdLXk","-C_rvt0SwLE","k1xvol1SCx8","iTgiE9T23uU","s98fWu4f9Zc","EAGhzuitLXU","2jHVx-8iC8o","_1v9Mmn9ELQ","WfPu9Jrcpuk","iwlkSSuvCTI","6a32iPVRYdE","tGRzz0oqgUE","tHtnxluMXMw","283rflCSu0g","fFX5Co_6ay0","Xoji1dkuyt0","VloKUNlNG2s","rXi4H6kGvOU","vev5icVBU2g","O5Hfe521LBQ","ADPWCf1wf0g","elwTgpHlty0","MGYJuETPQEg","FkzJ_NtVt7E"]}
{"category_id":"10","end_day":"18.04.03","number_of_videos":43,"start_day":"18.26.02","total_views":79449359,"video_id":["283rflCSu0g","SthJAmfzPzk","Un8Y1JIEzvE","jpsmVEiBQNQ","fFX5Co_6ay0","WG9728nPE8Q","E-u9uo0laA8","Xoji1dkuyt0","vev5icVBU2g","dMIPaab43Hw","mWUgelM_zLw","BQ31l1gPGKM","oLsBC8_t_5Y","YxVZbMgA3p0","s3MT_QjIroY","DGhPGH2YROA","ytY_N_2N6aQ","wRQEfN8PGYI","AZIRP2TphHU","ojt32GpIeV8","EZGX8NnB2bs","T3hXC5yNZOc","8j2VCcmL5zI","650KMSLOrb0","n4ov9wxloNw","LPTlvQ1Zet0","kQSNck-9cJE","c77skI2QgrA","XR7Ev14vUh8","xuAH21DkJow","XtD9J5KYrQE","_I_D_8Z4sJE","YWdbe_LMhO0","kton-qrKNLc","OK3GJ0WIQ8s","yzUxyT-J5mE","DjGtibM9eQo","QdnvoWyoiY0","4IZAtgq5zC8","f0bbDFRYD_A","OHap45tpS38","a_oc4ADciCg","Eaho7Haj3ys"]}
{"category_id":"10","end_day":"18.11.03","number_of_videos":30,"start_day":"18.05.03","total_views":33514357,"video_id":["LJjsm6CVsG8","Fis6WVJa22M","ktIHXCdc52I","yzUxyT-J5mE","Bd89UZbPRf4","Udd6cR9va4s","RQm0nKoODo4","fxghw5ez9ZU","t_dK9gSe9Bc","RhPSc48drV4","hQU_pgyCL6k","2XSnkGTuPgw","SEx19cfCMrA","37lXjnflt9M","33IP3fPyWdk","Rter-Np-Td0","2_BhgWX8o08","Ph54wQG8ynk","lhnmVSB-Rxc","j_A5cnL0Flg","xiyBCR5Br7M","xTs6ReG74xM","ZUNOiNjDsc4","Q2YtcmxZDRY","fEzuWWrYA4M","GMNIWR211V8","-BQJo3vK8O8","5cCwlPxWDIo","gxucu2LiMpg","tPNIi9AYTXs"]}
{"category_id":"10","end_day":"18.18.03","number_of_videos":43,"start_day":"18.12.03","total_views":54487082,"video_id":["lhnmVSB-Rxc","Rter-Np-Td0","Cb54r4aFjPk","avbcmU2oxaw","bYwPIvkO2J8","dsfnEA2ruiw","5UVOEtQ3G9I","qgemCe4aMYY","Kj6KDESyb34","ApuZdbeb54I","rF3ZPE83K64","fEzuWWrYA4M","xTs6ReG74xM","ZUNOiNjDsc4","1yLmqc0BFkY","tCXGJQYZ9JA","b4jwDt4Imfs","nn8O8wNEs7w","sS0LCjOiIhc","BXAz5DBkR8E","pZ3l-OGd5YA","Xob79gGZcyA","l4_lA4v5KxI","JLa9kPFhALE","8OARiNiJ_w8","-XPYYVuB1mw","1T0MLe4VVig","1gPUAHE91ZA","1SnWTW6YXbE","WZjn5yhFmyw","mlf4bidp2yc","Kgz5sRcKU9c","LRXIe1EcWVU","XvIpLfV5GKo","q2c7Ie1Sz1Q","JuntSO0AR30","p3sVtr95avg","Hn1vzgMO16c","6CbqJc5vABg","GbyxjVaFEZM","FFfeiIU-YpU","-59U4Bgn8V0","1qFqgRPDejQ"]}
{"category_id":"10","end_day":"18.25.03","number_of_videos":39,"start_day":"18.19.03","total_views":28832817,"video_id":["fGqdIPer-ms","q2c7Ie1Sz1Q","8f9I1effA58","GJoXfCzkrZI","C0vwpupIPoM","vV7YWLTydF4","Y9en8zLhK6U","hW8CHodFS4M","ZXNRiaN4RAk","5xW1jdxlj0A","Eoyk_JEHxUQ","99E56KpW6Mw","2ayVtebZbVA","hZLKGucPnXs","uRTElh4M-KU","p6zbi_gwECQ","fiMgxwWlH_g","6qo8GdzxGpc","UdNMO5zlbHs","aYVX9ydt9Oc","W-cNFaWqjdg","nRjl0qMf-l0","FD9B1s2Oi3Y","Vr2ZJjDJ8mo","DbOWOItGahY","CgilZtvv2Mk","Q9vZHbcx6cQ","gNTIOZ3jJJo","ZMwbswoUdP8","mdgX9Z07Rr4","n8yN404Z2Tg","AM2bY9PgniU","4r_EsAdHsHM","au2n7VVGv_c","U6dOZOI6DDk","uHzGVj1ettM","vQ2zDquys5Q","m1-rpd3S-48","2kYR_OjYGVk"]}
{"category_id":"17","end_day":"18.01.04","number_of_videos":22,"start_day":"18.26.03","total_views":21905347,"video_id":["LBFtGGfseQs","heZC3BnQVRw","zGcjC1c6vUA","S9KxqRUcnCU","TwwUcpOe1dc","yN2yXe_CFno","2fXGRaujNu0","xM5y92gT_cI","20ZekYl2AIo","nW2zdfZmge0","kFoTtCM1Cc0","gZrC2iGh3rY","0ugFrZQD1Ik","6W3i39Lil7c","2G5YRxtppzs","ijfJ4CD_Gco","EYvyedAHBIU","6U5WU4mj9j8","dz5Z3BODqic","DNxB16T2C0c","7UCKsVK_FN4","F7EGp-rzTAc"]}
{"category_id":"17","end_day":"18.08.04","number_of_videos":22,"start_day":"18.02.04","total_views":14069539,"video_id":["e-RDcB8KME8","JwFgnGqMTws","Qw9iXcumulM","J15vfXqnwWw","YVgfF6lmcYs","s1pgvML7dk8","x3o6zvUI7wU","EW6WOvpEM6E","tlhwojfGv-4","5uyAbXixDOk","E8cHZTpMlhg","POeOYChni_A","q7Emag-usRg","xBQwVwSRXEs","BrFBZpCuIvg","aVHSbq-Q6MY","BGWweFoio3s","uGdEfLBWHEY","0p08j0B04TI","Bja0mPXv0rM","OEYIjbVBH68","63OCvuC-GSY"]}
{"category_id":"10","end_day":"18.15.04","number_of_videos":22,"start_day":"18.09.04","total_views":28843228,"video_id":["hOiHshb3BKs","2ohBsLkGgI0","VuLRAspcClc","OsqgzcMFcno","iok9haA3Wts","DPxL7dO5XPc","37StRy0LEbI","Jo_553S8arM","fmXtBdF-5ag","M4ZoCHID9GI","LPwcTaGDVm4","Zpro0xSFuyk","9TUBf6l7FBg","BidS_rcf7UU","rzgw0XldTC0","iBaDwWrDt7s","1iB5SidndrU","J-dv_DcDD_A","SCq8n_hOcN8","_NWs7ntMRBA","D7zGSaOrqtM","WhEnl60uG_M"]}
{"category_id":"10","end_day":"18.22.04","number_of_videos":41,"start_day":"18.16.04","total_views":64256010,"video_id":["z5WrgDzNIZ0","NDrAng2nueI","VuLRAspcClc","2ohBsLkGgI0","DPxL7dO5XPc","hOiHshb3BKs","4lx54o68lKk","aYd0YIlgzxg","QZI-fiA_fVU","fYwRsJAPfec","BnaStnGG7Ic","bTZ-RJMd6b0","UCdMwyIy3ks","QJHDbUqyD9M","MctZLEYlU4s","IfC-nXlgaNU","xfVtyvCU5L4","msUdwFjIBQk","n34plYYyxf0","lPiIp5QuTRU","55b8JEmoBTk","puyF6yN8xo8","y1qGmXWkn80","ffxKSjUwKdU","EC8QGC3XBB4","0-WCmQcN-nU","5P1tLPYQkY4","7t4-_TKJ8JI","cpGA0azFdCs","fC6YV65JJ6g","H547zrdEuGI","Ew5t0q5mrrU","-Q17Udts81M","t6C6vcWDyQc","zEf423kYfqk","vUTI4bPdlgE","daA9hyoOcCs","ZRzhyjOfYKs","rsWmrGuuWuE","tlILlcCE8Sc","H1pbEWN16Xk"]}
{"category_id":"24","end_day":"18.29.04","number_of_videos":40,"start_day":"18.23.04","total_views":41610369,"video_id":["ocK2UnGq_yw","hX0lNPkT-0o","zQZo-sDuMjo","Iq6gCapM9gk","NPhD1lTm9ds","Jmf4UyTrzjc","IFQLR5N8jj0","whckKGrApao","6mSUoyOGfLk","jvKV1PGDO8s","5xnZ_CeTqyM","gThiK9dlPos","g12iOFnuuk0","u9Mv98Gr5pY","oDTRPkXjIHs","Zwmri1KqBLA","RxV-zpAqp3w","arAWVdxkD_4","rRr1qiJRsXk","cXj_vFiNkfI","YRmmy6NQmlE","-zZ35yFg9u8","8U9od_4myBg","BhI5NzBtJVU","VyGohHlVGhs","6BAQtrbK6d0","13a4xCv-W-0","35ReY3CfxCc","42XJh9yKFfI","dl34m1FK4Ic","OzV5pY8HKgQ","UzCEi0ffjHA","DpEfsDmMyF4","v7GvlLr06yQ","1nR-FoKFYsM","y0jkDj-a4lE","csGV69o9oYk","FeCjf_ZxxQc","BkA6Sd9MPoc","yUDCkP5KETo"]}
{"category_id":"10","end_day":"18.06.05","number_of_videos":40,"start_day":"18.30.04","total_views":43829856,"video_id":["Iy027Orcx_0","XM0hh8OFO4M","m0GLj6SCqnI","G_cdKPMcjiQ","CGJAkyTgwi8","uJ9M_7zSa3s","M_YO5q6YB6E","3nMWDlJbwag","ivdV1WKN5Bs","KXReJzIDNx8","s7jGV4bEloI","FlD2oAGOrXU","DdYYYaVj4zY","ucVJrja8r6Q","g6BuQjgS5YY","tsp7IOr7Q9A","VUJLOlGN1TE","v4Z6uL-ctu8","xzHJ2aZR6e4","nhysYWcbbbk","DkeiKbqa02g","CX11yw6YL1w","DSRSgMp5X1w","o27M0gXjUqk","5orrZxSjLQA","5GHXEGz3PJg","dARAN1z2KqY","HhoATZ1Imtw","VUq11wA1oDM","Wpm07-BGJnE","iinA6VxUjt8","Kk-nsyAPUs8","DQl_Xcg_QJQ","kyqDB6Ky_r0","0OFiIRzi1uA","Ut8-iwNZNAY","RisCBftkOR4","vjI4Alon-3Q","P3iLo_JI9oY","A4k0Erl6BIY"]}
{"category_id":"10","end_day":"18.13.05","number_of_videos":40,"start_day":"18.07.05","total_views":65425620,"video_id":["VYOjWnS4cMY","VfAItP9kVdM","VUq11wA1oDM","v8rCVfy7h0E","A8lNROSMpxQ","p8npDG2ulKQ","DQl_Xcg_QJQ","iinA6VxUjt8","heSDrwkmCVY","8D0WOymmplk","d_UO0LKPDmk","G5SrjtlM5UU","cIRNjZk8Rrs","FRjOSmc01-M","1XOvHWsJmmc","OGUtByK81Ws","Ab5aV-wekP0","zMMIKgf0bgc","XLNVD5y5d-M","DEz6m1KhBmk","kmzCPhZkOLg","xOANcHT4SOA","dcbFINfBSKs","8xasHhOsYac","8h--kFui1JA","g7tVCaeM2Dc","IYw87nrtM_c","tjA7nAHOAww","q57tSmAMwSw","rwc91h_w1Vk","scH8ss_5ZrU","oErdnnRV9g0","2m_tZvd-kyI","tJh5o-HPhmo","Vq8YnfXR1OQ","2AGQoyg_WmA","9TUuWFGXef4","L3pIFgF_2E8","bLlARgy285c","MBsCwuTTpmg"]}
{"category_id":"10","end_day":"18.20.05","number_of_videos":41,"start_day":"18.14.05","total_views":51530523,"video_id":["R3vdb0b0Phs","WnZXjNMO6F8","lqXpo8Ejkps","a0mtPvPKLrA","71Es-8FfATo","E-qgTeEi0XA","SdsSwvZ5B5k","cOld5t6OpSY","4DMI_8FMvXg","gOYnYXjIbN8","NEoVjmfYlJ8","rcdvhbk0cSM","J7GL8kO-DBw","hQzrsdwFUgY","3rkXFyt7EXw","CVzhTfIuqw0","WyuPSLj_6aw","tLmW80oBJCE","U3C67LEATi0","8cyIVw5A6bU","unMbwRnBFh8","0-BbEawyxtE","iPimqm8a1Nk","VtRVDxUcSxQ","flZJN1nez-M","ZZKr7G9WjbI","6SuMbFuKDf8","gljy4w3at8g","rDl3gAJpm_4","Rb83c-Eiatc","7C2z4GqqS5E","2HoYxw8lB4o","nnLdw5IOvy4","gpEXtApenaw","tstKpwNCkWM","ju_inUnrLc4","CVRsDpihaEs","Hw8k0dW3Drk","hLf6yZPJyvM","s_5-eID-U-g","n_W54baizX8"]}
{"category_id":"10","end_day":"18.27.05","number_of_videos":22,"start_day":"18.21.05","total_views":24356643,"video_id":["UvsESyvDeWE","2in8XqiElwc","L-lJ4XJOCP4","igT1QKKm2GE","mnUWGtCokbc","QgOXIEhHU1Y","8zSRkr1nQNw","f1FX5wvC3DA","3Q2j5ApzSqs","voG07pt-KYI","JCdOhwvxjqs","aEM2kOrrNJI","A2PMldDoKaQ","kFMZUxX6K6o","yXYVd8PEBrw","tbT190RkOA0","MdIvdGoLJRU","WMIDCVupz1M","Gr9QbqjVfeU","LfFvIIOPpxg","Yo0RvZZz_ds","j4OHuUN9AZs"]}
{"category_id":"10","end_day":"18.03.06","number_of_videos":39,"start_day":"18.28.05","total_views":76385076,"video_id":["JhzfGAeA80Q","UC6USOV4ewc","fK-UZwmSKoQ","jHGcxy0xK3Y","0vFndUEUdYM","MdRVHrU8nx0","ntWSnDV0MYs","q4olY01-vXg","pnyfj6cy9sw","xTlNMmZKwpA","aJOTlE1K90k","tdotCQ6EGu4","E5yFcdPAGv0","CTGY6ZxWSW0","8JnfIa84TnU","VmwOMtkDxtk","ek08GMg7YwU","36FKaRFlwmk","H3pZdOsbIO0","koWRjlhtnBo","1EWeGdDYJws","KvavK7Gl1gE","2SJ0hgdciNE","9I7DVJmKIxI","YynKelHGhNc","gNXTu6T20n8","0oT-AHxHLOw","WY5LczUVugg","PqB4ISF_DmY","QGAlIJdq1UY","Je5FOaxJ1_Q","s6hy9O9iVdM","MP2bKupYaAs","qDTlwFbowLQ","sqQb37IpmaU","IJ9IA12jqQU","D_6QmL6rExk","t9_rJQPb4W0","4BC5moAzzig"]}
{"category_id":"10","end_day":"18.10.06","number_of_videos":30,"start_day":"18.04.06","total_views":38669205,"video_id":["CAOFXTbECn0","0oT-AHxHLOw","ycPfmwVZ5DM","swqmsRWM4rY","y5SxNJSGDTw","qH-9OLTevKM","S1V-7mspJvg","j5KYLpV1Qzo","9n5RRM9rnNc","VY1eFxgRR-k","Kbj2Zss-5GY","pVo_XvqLqHs","UW0hkK-2ZBw","gi80-tmEduI","qj3zXu5nclE","kWABdWNblJI","5sliRfEDalA","BmLSua7LPR8","41PTANtZFW0","DQoArJDR6pA","yCscKF51Zfc","lEC4jUXSHgc","EU1M95YqqAA","v4YkNoAun2w","V15BYnSr0P8","12IFXP64Oi4","55DKLNDThMc","tpgt-fL10wk","RgULjdsjiLQ","3iCbphY30qk"]}
{"category_id":"23","end_day":"18.17.06","number_of_videos":25,"start_day":"18.11.06","total_views":8625280,"video_id":["5PU-dUdbS4E","sklFi_hfTgM","DCq8CsSu6ck","jtZg3bP_9c0","h1sNwjALq3w","Ghe6cA9_gWk","swDsk-dQtOY","P8jon0NM2xY","SzCPTa_7lus","BSaUUzrLyP0","JUgPElZZgRQ","l9iD_qJ1D2w","3yWFNvQUv5c","qQn6TsbYrH8","ig41bDr_Jp4","2kvKTkM9OJE","gGJKg4RgA1k","4P_Y-llqy-w","IE9MXbuZC14","ohTKVBI-P1M","cL4stU9Gv_0","AN2KspjYRLc","AbkdX8pXjd4","Qz-LPtregKk","Nw-BMNnr1Ko"]}
