{"channel_title":"MBC 4 U","description":"하이라이트- 여자3000m계주, 넘어져도 1위로 결승行","id":"tFIORav2YQw","latest_date":"18.17.02","latest_dislikes":"655","latest_likes":"28534","latest_views":"2642615","title":"하이라이트- 여자3000m계주, 넘어져도 1위로 결승行","trending_days":[{"date":"18.11.02","dislikes":"51","likes":"2604","views":"206249"},{"date":"18.12.02","dislikes":"219","likes":"14594","views":"1078439"},{"date":"18.13.02","dislikes":"371","likes":"20879","views":"1631363"},{"date":"18.14.02","dislikes":"500","likes":"25058","views":"2122271"},{"date":"18.14.02","dislikes":"500","likes":"25058","views":"2122271"},{"date":"18.15.02","dislikes":"608","likes":"27782","views":"2468157"},{"date":"18.15.02","dislikes":"608","likes":"27782","views":"2468157"},{"date":"18.16.02","dislikes":"634","likes":"28161","views":"2559443"},{"date":"18.17.02","dislikes":"655","likes":"28534","views":"2642615"}]}
{"channel_title":"이설 LeeSeol","description":"#아프리카tv #방송 #여캠 #꿀잼 #토크 #상황극유튜브 구독+좋아요하시면 예뻐해줄게요~♥.♥▶구독하기 : https://bit.ly/2ra8LLG - BJ이설 방송국 : http://www.afreecatv.com/bebe010- 페이스북 : https://www.facebook.com/LeeseolTV/- 인스타그램 : https://www.instagram.com/leeseol00/- 하늘안과 할인링크: https://bit.ly/2KKTp9q- 광고&섭외 문의 : leeseol00@naver.com▶꿀잼 재생목록- 하이라이트 : https://bit.ly/2woaWB2- 먹방 풀영상 : https://bit.ly/2rrSp1X- 합동방송 풀영상 : https://bit.ly/2jEFEwv - 웃긴 코믹 모음 : https://bit.ly/2jGJVj6","id":"1cMCh10U8I0","latest_date":"18.18.05","latest_dislikes":"410","latest_likes":"2309","latest_views":"514561","title":"남자 BJ들한테 자기야~♥ 우리집에 올래? 했더니 반응이.. - 이설","trending_days":[{"date":"18.14.05","dislikes":"112","likes":"951","views":"168020"},{"date":"18.14.05","dislikes":"112","likes":"951","views":"168020"},{"date":"18.15.05","dislikes":"292","likes":"1773","views":"360523"},{"date":"18.16.05","dislikes":"367","likes":"2097","views":"449210"},{"date":"18.16.05","dislikes":"367","likes":"2097","views":"449210"},{"date":"18.17.05","dislikes":"400","likes":"2250","views":"497693"},{"date":"18.17.05","dislikes":"400","likes":"2250","views":"497693"},{"date":"18.18.05","dislikes":"410","likes":"2309","views":"514561"}]}
{"channel_title":"BUNKER 1","description":"-그분(들)의 근황 -6.13지방선거 -리얼미터와 시민의 눈팟티에서 바로보기 http://m.podty.me/pod/TO3271/10028216","id":"AKDuAzSwaPI","latest_date":"18.20.05","latest_dislikes":"617","latest_likes":"7329","latest_views":"495736","title":"김어준의 다스뵈이다 18회 MB근황 + 지방선거","trending_days":[{"date":"18.15.05","dislikes":"242","likes":"4754","views":"188712"},{"date":"18.16.05","dislikes":"390","likes":"5888","views":"310053"},{"date":"18.16.05","dislikes":"390","likes":"5888","views":"310053"},{"date":"18.17.05","dislikes":"496","likes":"6433","views":"368897"},{"date":"18.17.05","dislikes":"497","likes":"6433","views":"368933"},{"date":"18.18.05","dislikes":"559","likes":"6763","views":"411774"},{"date":"18.18.05","dislikes":"559","likes":"6763","views":"411774"},{"date":"18.19.05","dislikes":"595","likes":"7066","views":"454708"},{"date":"18.20.05","dislikes":"617","likes":"7329","views":"495736"},{"date":"18.20.05","dislikes":"617","likes":"7329","views":"495736"}]}
{"channel_title":"창현 거리노래방& 쏭카페","description":"이분인스타 https://www.instagram.com/hanyleeofficial/이분유튜브 https://www.youtube.com/user/Hunbeautilous05.16(수) 아프리카TV 생방예정 http://afree.ca/djleegoon#창현 #BJ창현 #먹방 #먹스타그램 #맛스타그램 #아프리카tv #BJ #너목보 #슈스케 #케이팝스타 #프로듀스101 #노래 #음악 #일소라 #레전드 #먹방 #아이돌 #배우 #모델 #쏭카페 #창현의거리노래방 #거리노래방 #홍대 #홍대걷고싶은거리 #버스킹 #버스킹레전드 #j.fla #Mukbang #먹방 #Eatingshow #홍대맛집 #맛집 #홍대카페 #k-pop","id":"0C5gdBk_K58","latest_date":"18.19.05","latest_dislikes":"1184","latest_likes":"18913","latest_views":"2012763","title":"180513거리노래방4부 역대급 실력자 초초초초! 미친 실력자등장 뒤 사람들반응보세요","trending_days":[{"date":"18.15.05","dislikes":"264","likes":"6633","views":"515840"},{"date":"18.16.05","dislikes":"573","likes":"11765","views":"1082468"},{"date":"18.16.05","dislikes":"573","likes":"11765","views":"1082468"},{"date":"18.17.05","dislikes":"847","likes":"14726","views":"1420718"},{"date":"18.17.05","dislikes":"847","likes":"14726","views":"1420718"},{"date":"18.18.05","dislikes":"1034","likes":"16990","views":"1723222"},{"date":"18.18.05","dislikes":"1034","likes":"16990","views":"1723222"},{"date":"18.19.05","dislikes":"1184","likes":"18913","views":"2012763"},{"date":"18.19.05","dislikes":"1184","likes":"18913","views":"2012763"}]}
{"channel_title":"MBC PD수첩","description":"MBC PD수첩 공식 유투브 채널입니다.","id":"5oKJbUJkKjo","latest_date":"18.20.05","latest_dislikes":"183","latest_likes":"1883","latest_views":"300660","title":"회장님의 부귀영화 [FULL] -Booyoung Chairman Corruption-18/05/15-MBC PD수첩 1155회","trending_days":[{"date":"18.16.05","dislikes":"60","likes":"933","views":"97420"},{"date":"18.16.05","dislikes":"60","likes":"933","views":"97420"},{"date":"18.17.05","dislikes":"121","likes":"1488","views":"204738"},{"date":"18.17.05","dislikes":"121","likes":"1488","views":"204738"},{"date":"18.18.05","dislikes":"151","likes":"1670","views":"244780"},{"date":"18.18.05","dislikes":"151","likes":"1670","views":"244780"},{"date":"18.19.05","dislikes":"166","likes":"1764","views":"274096"},{"date":"18.20.05","dislikes":"183","likes":"1883","views":"300660"},{"date":"18.20.05","dislikes":"183","likes":"1883","views":"300660"}]}
{"channel_title":"허팝Heopop","description":"드디어!!!!!!!!!!!!!!!!!!!!선생님을 찾았습니다!!! 유튜브 파워!!! 세월을 속일순 없군요 ㅠㅠ 선생님 사랑합니다 :)[LIKED], [SUBSCRIBE] and [SHARE]!!!●Heopop channel : http://goo.gl/pAHo88●HeopopLife channel : https://goo.gl/wEKBJb●HoopopGames channel : http://goo.gl/upcwMZ●Heopop's Instagram : http://goo.gl/tDS7WY●Heopop's Facebook : http://goo.gl/vuVDQK","id":"EsqNDi2uHj4","latest_date":"18.20.05","latest_dislikes":"166","latest_likes":"6277","latest_views":"324629","title":"시청자제보로 18년만에 선생님 찾았습니다ㅠㅠ!!!","trending_days":[{"date":"18.17.05","dislikes":"49","likes":"3077","views":"98345"},{"date":"18.17.05","dislikes":"49","likes":"3077","views":"98345"},{"date":"18.18.05","dislikes":"101","likes":"4237","views":"185833"},{"date":"18.18.05","dislikes":"101","likes":"4237","views":"185833"},{"date":"18.19.05","dislikes":"143","likes":"5516","views":"273263"},{"date":"18.19.05","dislikes":"143","likes":"5516","views":"273263"},{"date":"18.20.05","dislikes":"166","likes":"6277","views":"324629"},{"date":"18.20.05","dislikes":"166","likes":"6277","views":"324629"}]}
{"channel_title":"장삐쭈","description":"안기욱 인스타 : https://www.instagram.com/gimo_ann/장삐쭈 인스타 : https://www.instagram.com/zangbbijju/장삐쭈 팬카페 : http://cafe.naver.com/ppizzuu","id":"74jNhJtDKhE","latest_date":"18.22.05","latest_dislikes":"778","latest_likes":"17483","latest_views":"1284362","title":"MBC 예능 뜻밖의 Q 장삐쭈 방송분","trending_days":[{"date":"18.18.05","dislikes":"284","likes":"11483","views":"668638"},{"date":"18.18.05","dislikes":"284","likes":"11483","views":"668638"},{"date":"18.19.05","dislikes":"545","likes":"14870","views":"982386"},{"date":"18.19.05","dislikes":"545","likes":"14870","views":"982386"},{"date":"18.20.05","dislikes":"708","likes":"16631","views":"1174828"},{"date":"18.20.05","dislikes":"708","likes":"16631","views":"1174828"},{"date":"18.21.05","dislikes":"769","likes":"17204","views":"1254742"},{"date":"18.21.05","dislikes":"769","likes":"17204","views":"1254742"},{"date":"18.22.05","dislikes":"778","likes":"17483","views":"1284362"}]}
{"channel_title":"미디어오늘","description":"한 중학생에 대해 폭언과 함께 김대중·노무현 전 대통령에 대한 막말을 퍼부은 나경원 의원실 박창훈씨의 통화 녹취가 논란이 되고 있습니다. 욕설 피해 당사자이자 동작구의 한 중학교를 다니고 있는 A씨가 추가로 녹취를 보내왔습니다. 나 의원 비서는 고인이 되신 A씨 아버지를 언급하면서 A씨를 거세게 비난했는데요. 나 의원은 논란 이후 “의원실 소속 비서의 적절치 못한 언행으로 인해 피해를 입은 당사자 분들에게 진심으로 사과드린다”고 밝혔지만 A씨는 “나 의원도 진심 어린 사과를 하기보다 사태 수습하기 바쁜 것 같다. 4선 의원이 정치를 이런 식으로 하면 안 된다”고 비판했습니다. 관련기사 : http://www.mediatoday.co.kr/?mod=news&act=articleView&idxno=142832","id":"YuLDeV7Y_Og","latest_date":"18.27.05","latest_dislikes":"788","latest_likes":"4421","latest_views":"586931","title":"나경원 의원실 비서 욕설 녹취록 추가 공개","trending_days":[{"date":"18.23.05","dislikes":"90","likes":"1297","views":"113410"},{"date":"18.23.05","dislikes":"90","likes":"1297","views":"113410"},{"date":"18.24.05","dislikes":"466","likes":"3052","views":"363958"},{"date":"18.24.05","dislikes":"466","likes":"3052","views":"363958"},{"date":"18.25.05","dislikes":"694","likes":"3973","views":"492616"},{"date":"18.25.05","dislikes":"694","likes":"3973","views":"492616"},{"date":"18.26.05","dislikes":"769","likes":"4338","views":"569787"},{"date":"18.26.05","dislikes":"769","likes":"4338","views":"569787"},{"date":"18.27.05","dislikes":"788","likes":"4421","views":"586931"}]}
{"channel_title":"딩고 / dingo","description":"대학동기랑 배그하다 설레버림애인이랑 포친키에서 데이트 하고싶은 사람 손!!★딩고 채널 구독하기 click! https://www.youtube.com/channel/UCFbK0JW_N5RKajamSf5Cbcw?sub_confirmation=1 딩고의 색다른 매력에 빠지고 싶다면 지금 바로 구독하기!","id":"BFVxPKl-Htc","latest_date":"18.05.06","latest_dislikes":"576","latest_likes":"10667","latest_views":"1032721","title":"배틀그라운드로 만난 이야기 [배그썰]","trending_days":[{"date":"18.31.05","dislikes":"100","likes":"3666","views":"276915"},{"date":"18.01.06","dislikes":"268","likes":"5977","views":"432472"},{"date":"18.02.06","dislikes":"466","likes":"9113","views":"801310"},{"date":"18.02.06","dislikes":"466","likes":"9113","views":"801310"},{"date":"18.03.06","dislikes":"555","likes":"10105","views":"947448"},{"date":"18.04.06","dislikes":"570","likes":"10437","views":"1002142"},{"date":"18.04.06","dislikes":"570","likes":"10437","views":"1002142"},{"date":"18.05.06","dislikes":"576","likes":"10667","views":"1032721"}]}
{"channel_title":"필름에빠지다","id":"m7_PJRaQ0sw","latest_date":"18.07.06","latest_dislikes":"518","latest_likes":"7140","latest_views":"1323174","title":"10대 소년이 투명인간이 되면 벌어지는 일","trending_days":[{"date":"18.02.06","dislikes":"21","likes":"790","views":"67369"},{"date":"18.02.06","dislikes":"21","likes":"790","views":"67369"},{"date":"18.03.06","dislikes":"206","likes":"3932","views":"515281"},{"date":"18.04.06","dislikes":"301","likes":"5376","views":"848795"},{"date":"18.04.06","dislikes":"301","likes":"5376","views":"848795"},{"date":"18.05.06","dislikes":"404","likes":"6159","views":"1012984"},{"date":"18.06.06","dislikes":"508","likes":"7061","views":"1278355"},{"date":"18.06.06","dislikes":"508","likes":"7061","views":"1278355"},{"date":"18.07.06","dislikes":"518","likes":"7140","views":"1323174"}]}
