{"channel_name":"ibighit","end_date":"18.03.06","start_date":"17.17.11","total_views":148430214,"video_stats":[{"video_id":"ixxR3ZoqnF0","views":3483755},{"video_id":"kTlv5_Bs8aw","views":20565795},{"video_id":"OK3GJ0WIQ8s","views":15777624},{"video_id":"8O_MwlZ2dEg","views":5275672},{"video_id":"kX0vO4vlJuU","views":7518990},{"video_id":"p8npDG2ulKQ","views":15875379},{"video_id":"2tDKp41nrw8","views":6416697},{"video_id":"7C2z4GqqS5E","views":65396157},{"video_id":"D_6QmL6rExk","views":8120145}]}
{"channel_name":"PewDiePie","end_date":"18.14.06","start_date":"17.25.11","total_views":147319018,"video_stats":[{"video_id":"-KE8v44VS_k","views":1841122},{"video_id":"w4AImq08j9o","views":8991142},{"video_id":"5ioOX-37Jko","views":1582168},{"video_id":"Ni9yip7Ev_w","views":2133002},{"video_id":"2EPi1R9oZIw","views":1931985},{"video_id":"AP1Scjdy_Kc","views":2026011},{"video_id":"U8LHgq3Jlnw","views":3644430},{"video_id":"CvyzBMTQa40","views":1688603},{"video_id":"s26JfwmlIKc","views":2933896},{"video_id":"EQ4NEBPU-Hw","views":1959696},{"video_id":"5atVDycaXWM","views":3320671},{"video_id":"PALcJ0HW1-I","views":7678343},{"video_id":"H34qrTkhFz0","views":2277099},{"video_id":"FA_c722AHF8","views":2005138},{"video_id":"RkvczNWh9ZM","views":3954942},{"video_id":"_vvvSyBNiHc","views":4226399},{"video_id":"Vk8UEWHYfEg","views":1920497},{"video_id":"pHxlZ4dTXug","views":4127082},{"video_id":"yzshoDMBkqE","views":7906164},{"video_id":"4xTpw-05J0k","views":5538389},{"video_id":"Jz50eTT6y8g","views":4410665},{"video_id":"hmRt1GgCqxg","views":5275905},{"video_id":"9AemOdm8LrU","views":5165287},{"video_id":"vkA1rFrNLWs","views":2856266},{"video_id":"Ifpq10K6zhs","views":3598973},{"video_id":"jvO1GDJXOgo","views":4698989},{"video_id":"3N3c3ZX6hoM","views":1969090},{"video_id":"eS4rlDJ1aVQ","views":4628972},{"video_id":"njF1S4oQbgs","views":4852348},{"video_id":"tHmAPWOo2jY","views":3030716},{"video_id":"XD0lxNiZ7mE","views":1564546},{"video_id":"sqFVrfinlYk","views":2250464},{"video_id":"0l35jAGQPOI","views":4523214},{"video_id":"Q6M255BZ0HU","views":4014269},{"video_id":"bF_naHpa-T4","views":5021728},{"video_id":"w5gbHSfbiK4","views":3615349},{"video_id":"uy6vFIxfsjg","views":2193466},{"video_id":"JUabUTqMgpM","views":3450826},{"video_id":"JcCNjk5aRMw","views":2067906},{"video_id":"iK7ROzfOW8k","views":2549922},{"video_id":"Q3L0gArhmaE","views":3893338}]}
{"channel_name":"MLG Highlights","end_date":"18.10.06","start_date":"17.17.11","total_views":122870586,"video_stats":[{"video_id":"jKkOYEW7RvQ","views":685641},{"video_id":"X5sJ81nGZuc","views":1962534},{"video_id":"z5wiZRlV9I4","views":2415334},{"video_id":"m0ZihOUEECw","views":787619},{"video_id":"byukjr-MFP0","views":1711088},{"video_id":"03wilevECqg","views":665742},{"video_id":"uk8DLLLn4Zw","views":848918},{"video_id":"xEBIH9sGjtw","views":561969},{"video_id":"1dCnGh603hc","views":1896728},{"video_id":"Rg-II_AAWqE","views":1920643},{"video_id":"hUZS6yW0fQk","views":2829312},{"video_id":"rOGzfEBzokI","views":1628684},{"video_id":"h14C_QOOEOE","views":2100285},{"video_id":"uXT5UDRS9-c","views":1208916},{"video_id":"OPdssn10jNs","views":2386382},{"video_id":"hFvg8mmq6tY","views":1126999},{"video_id":"VAL1khzhGQw","views":2314506},{"video_id":"r_9SlypIA98","views":848856},{"video_id":"Uetr8cvF7VY","views":1841470},{"video_id":"MTpGrsKEExU","views":3143036},{"video_id":"3FpAImI9sMQ","views":249019},{"video_id":"pcWPAkaK85k","views":556990},{"video_id":"Ocy24AQprYc","views":1401221},{"video_id":"V5cOvyDpWfM","views":9994516},{"video_id":"SrWk72Bjlp0","views":105133},{"video_id":"NdEBvZvd9Gs","views":949296},{"video_id":"tihKvn6OiAo","views":1524976},{"video_id":"9Jf0mPZlHT4","views":1969561},{"video_id":"eVBU4awUcQM","views":2559794},{"video_id":"ZG5V6w4uv1Q","views":1103383},{"video_id":"RORkfLdcD60","views":2377078},{"video_id":"_bQmgkmY-7g","views":211019},{"video_id":"gfLO0hlNrxM","views":889580},{"video_id":"9WSVaPuycgU","views":757255},{"video_id":"8pR4gSbEZGw","views":574950},{"video_id":"BrFBZpCuIvg","views":556063},{"video_id":"F4bPAR_kkpU","views":1207700},{"video_id":"1MaStcvbULk","views":1154810},{"video_id":"pctB7_utsLM","views":2021494},{"video_id":"X1XiLoNI8C4","views":1790332},{"video_id":"abfQDEETGWU","views":390899},{"video_id":"iM89vdPLbQs","views":1634519},{"video_id":"Y7u45kMINgE","views":1095157},{"video_id":"mB7hkJ33044","views":1689482},{"video_id":"v89rPk9_Cok","views":453092},{"video_id":"RDLFB1R89IE","views":2827327},{"video_id":"-pN0xIE0A-Q","views":2067478},{"video_id":"pFlifPi46AY","views":2216186},{"video_id":"7j47WabqzsI","views":2118384},{"video_id":"r8alXrRsUuY","views":2873429},{"video_id":"DGv3MPa-_ds","views":462496},{"video_id":"LkvvhKBysEs","views":1460589},{"video_id":"SpbMr7zc0xU","views":2652364},{"video_id":"vug4bROR79I","views":2533705},{"video_id":"Xj2vYAq-bwY","views":2210759},{"video_id":"tqqGzn2YWX4","views":2975372},{"video_id":"BjkUhgiU7oo","views":3218760},{"video_id":"645i6asTfz4","views":3041434},{"video_id":"2rATfT60dM0","views":3246276},{"video_id":"5is-bEioiMY","views":2863041},{"video_id":"eZSAIm_pzv4","views":1810294},{"video_id":"AUPeHXijgH8","views":2773335},{"video_id":"Jb8RX8b3b30","views":886669},{"video_id":"mvulvk-bBx0","views":3325893},{"video_id":"h07P1J93Qt4","views":896707},{"video_id":"C27hkQ5ARaY","views":3117423},{"video_id":"SUdL8JXn0pI","views":3190684}]}
{"channel_name":"The Late Show with Stephen Colbert","end_date":"18.14.06","start_date":"17.15.11","total_views":112772476,"video_stats":[{"video_id":"b-ShNqtj8Yw","views":1025278},{"video_id":"I1iSrCtZb7w","views":788000},{"video_id":"QHi2Cjw1xOo","views":504918},{"video_id":"eOQpjvnm4ME","views":1291361},{"video_id":"jUiP543q35k","views":704226},{"video_id":"DpAFgTXDR9M","views":1018415},{"video_id":"B1XCBp5Qlec","views":927209},{"video_id":"-tS7Yecuqwo","views":942454},{"video_id":"veVBbxZyzKU","views":1650988},{"video_id":"okoy7uu44wA","views":990262},{"video_id":"U-v6HDIdC94","views":653181},{"video_id":"czhSzmxN3WU","views":1556693},{"video_id":"okgIEz0jiMo","views":1220216},{"video_id":"Gp40Uztk3bg","views":1606486},{"video_id":"uTz-7ZozeGM","views":684123},{"video_id":"H9KDcSp6yyE","views":501485},{"video_id":"dOSCZngPYWg","views":665073},{"video_id":"Le5kBwN6Vsg","views":1517027},{"video_id":"PsldHmrxEqw","views":1697140},{"video_id":"K674LKBUukk","views":1668576},{"video_id":"AZuj44_-pKM","views":505297},{"video_id":"jjCP_khIxLM","views":1099221},{"video_id":"5_7XDbgvyiM","views":941378},{"video_id":"jUz_MRN-83E","views":1577527},{"video_id":"TgA2y-Bgi3c","views":652159},{"video_id":"TmN_mMnlUtA","views":789673},{"video_id":"TvEpYnAo0Tc","views":1701612},{"video_id":"VoRQgC6gVo8","views":813867},{"video_id":"3ZSR6xUHf-4","views":1453916},{"video_id":"nXgvW1pB8KI","views":1671864},{"video_id":"PD-tzY9fmkE","views":704288},{"video_id":"opmDMIg4Lvs","views":1192248},{"video_id":"gEX56vZPZFE","views":468030},{"video_id":"X44nWi6ahg4","views":784673},{"video_id":"xUIrq8ZNqSU","views":1052337},{"video_id":"Q646Qq2SxhI","views":624193},{"video_id":"q8XzWBadFiU","views":641684},{"video_id":"8mmEWomoev8","views":463203},{"video_id":"wtcBquWhjL0","views":1148839},{"video_id":"Tz5L-rNWZBs","views":2390504},{"video_id":"RI_IclNyXvU","views":748574},{"video_id":"ZzgNgMfpk-s","views":630898},{"video_id":"fXMh3VMC9CQ","views":695952},{"video_id":"5bZ2yW9bDr4","views":1060809},{"video_id":"j2SqHBeUO6U","views":1170152},{"video_id":"Huab6p5HW0E","views":1781966},{"video_id":"5CuAwgdYnOA","views":693407},{"video_id":"4vQOD_FiCBM","views":611293},{"video_id":"btxciF35Qnk","views":1127610},{"video_id":"PdEtegXieq0","views":910517},{"video_id":"cLYCSnW4D1g","views":745363},{"video_id":"CV39K_uHae8","views":1047456},{"video_id":"-Ul3Mjk2YYU","views":181985},{"video_id":"G6dIrs0RurA","views":1535127},{"video_id":"PpHEXUeXMxc","views":1037158},{"video_id":"JNnRbYj6Rnc","views":1042730},{"video_id":"hgqy3o6ec-8","views":1204601},{"video_id":"-rDGamXVTRs","views":725931},{"video_id":"2jPLY6vrgpc","views":579444},{"video_id":"HkSV_OnDaCY","views":521970},{"video_id":"H2NHBjHNo_o","views":819951},{"video_id":"sU7HzBOCKbI","views":2032868},{"video_id":"9JtYr0tiONc","views":844749},{"video_id":"_MeQz8OWXQ0","views":1194472},{"video_id":"_oVZjlSPFQU","views":774503},{"video_id":"QJgvhFKsouw","views":1241243},{"video_id":"WtqFjTLB8es","views":1996556},{"video_id":"K_yddF7QnfQ","views":1179896},{"video_id":"SGcf28JmJMo","views":1175010},{"video_id":"0nSQdtvFwNc","views":634464},{"video_id":"NzxNSF_yS0A","views":1082138},{"video_id":"EuaK4wPMIP8","views":595723},{"video_id":"Adg-A5tY9lM","views":1426681},{"video_id":"o-nGPNn19vE","views":2282201},{"video_id":"lUxE9-GU08g","views":587392},{"video_id":"qZnge-xDI2o","views":1201552},{"video_id":"eTMQAKK1tNI","views":873798},{"video_id":"asud3udH6Hk","views":1802124},{"video_id":"nsM-ANBZY2Y","views":1342681},{"video_id":"4swif8r4z3Q","views":1491799},{"video_id":"7LnZEmi6KXA","views":1929313},{"video_id":"veVTSPvthY0","views":926445},{"video_id":"i8gE20TW1n4","views":1996240},{"video_id":"W6E_Pjayhl8","views":1170258},{"video_id":"vLNXXNCAHY4","views":1437165},{"video_id":"ymQAkH7B43Q","views":1831293},{"video_id":"ZOyY4394fjo","views":628200},{"video_id":"O3tY_fE88Bg","views":1746958},{"video_id":"IDQ0f4n9aAo","views":1636531},{"video_id":"d_KFQCKkmgI","views":674929},{"video_id":"W16tAWU4hdM","views":1049923},{"video_id":"nlozE2m-NMc","views":2247877},{"video_id":"CwhrBYuSuHA","views":545469},{"video_id":"4o0cU2-IlCE","views":1733476},{"video_id":"4uSgArt4KdA","views":486832},{"video_id":"55oRa7u3dGo","views":735182},{"video_id":"iPWIULW-joE","views":1291052},{"video_id":"wx_UwEtPegs","views":961385},{"video_id":"2kxeAg1Ydi0","views":811996},{"video_id":"r5N1OFwqFKU","views":385984},{"video_id":"ueW143_TPdo","views":536997},{"video_id":"DDZIG9bE_CQ","views":1503865},{"video_id":"UVxE_MM94tA","views":1582738}]}
{"channel_name":"WWE","end_date":"18.14.06","start_date":"17.15.11","total_views":104675464,"video_stats":[{"video_id":"Ehke7aPI9l0","views":612569},{"video_id":"LDVXOo_HXKU","views":1188326},{"video_id":"tEA_n4mmBok","views":2051979},{"video_id":"KVJLID7awYM","views":1209323},{"video_id":"c8bkGdeqwWw","views":884215},{"video_id":"q-jZm-FUbqs","views":1146692},{"video_id":"e4weuaDg79c","views":716552},{"video_id":"XWvhubdMsNY","views":1494366},{"video_id":"SG5al5UTolU","views":1367546},{"video_id":"Z90T9riY8Xs","views":1993340},{"video_id":"0hbLgePCEKU","views":644335},{"video_id":"cWTp5xejawE","views":946381},{"video_id":"JAfxoQQLZQY","views":1403162},{"video_id":"g0j5gwkKNgI","views":988814},{"video_id":"1JHY490K_A8","views":624335},{"video_id":"EQvdKS-QX_E","views":534746},{"video_id":"GvYr8H4eUDI","views":751575},{"video_id":"fsHuWgnf8r0","views":451878},{"video_id":"y6F27MP61Xc","views":545044},{"video_id":"clQGvMBNmqs","views":3396247},{"video_id":"y7fNOjHDdpU","views":1704628},{"video_id":"j1oVt2DZG0s","views":704491},{"video_id":"t6jLE2PIOYU","views":1730368},{"video_id":"IBVo8dfqTBc","views":7735840},{"video_id":"zKixGnG6IkM","views":1532470},{"video_id":"OD83OTMRQBI","views":1867912},{"video_id":"xcuVh80dPqo","views":1732411},{"video_id":"bFCg_HTk4wA","views":1600940},{"video_id":"cFeDbPWPyJM","views":1067402},{"video_id":"UsciN7COX1g","views":2788033},{"video_id":"T2aJzwAeA9Y","views":2268102},{"video_id":"gWV7JIxFcbY","views":1721936},{"video_id":"zyFrNZKAYCk","views":1561268},{"video_id":"Zvyi8I1k5Ns","views":995475},{"video_id":"7Jz8wZbXuDA","views":2689033},{"video_id":"krGrMPMcLFs","views":441727},{"video_id":"xZktj8xfcaY","views":472728},{"video_id":"FVe1otlBNf8","views":975738},{"video_id":"FFsp5b4AUTE","views":5635250},{"video_id":"bLCwMhgSsLw","views":2544688},{"video_id":"ws2cJVuTtJc","views":878312},{"video_id":"H0DFRx8Tuq0","views":415308},{"video_id":"aVuzDN95L3k","views":2536646},{"video_id":"GBTV5ekQwWw","views":1054453},{"video_id":"GlngwhWaLBs","views":6270936},{"video_id":"e7E7Jj1yLuA","views":563675},{"video_id":"gR0pSSISaVk","views":4222286},{"video_id":"PdeNhfva4Y4","views":1827313},{"video_id":"4kN-FlYp5rE","views":2662391},{"video_id":"5R2ZZ-t8XS0","views":999410},{"video_id":"QtNvvWsSsoE","views":1929211},{"video_id":"rKfRfrmukN8","views":1938197},{"video_id":"_RTMvAhKtAc","views":1783875},{"video_id":"v0xBdIyNijk","views":662264},{"video_id":"ryEcqzBnQgw","views":710487},{"video_id":"StAvP9PWHVQ","views":511232},{"video_id":"p20vjER9UnE","views":945489},{"video_id":"29EEx-_NC7I","views":567106},{"video_id":"OUi0u_hlF2Y","views":772336},{"video_id":"W3U9DH_kBNg","views":791785},{"video_id":"ZLV4gSC5vl4","views":818875},{"video_id":"RoWQ6vKpOng","views":457580},{"video_id":"1jebwD4WvWA","views":867645},{"video_id":"Kx-uMHoKfno","views":527071},{"video_id":"QoQ_ngBtCL4","views":559816},{"video_id":"sTAIvHEvd48","views":3512787},{"video_id":"WjORQit3eNk","views":1167113}]}
{"channel_name":"5-Minute Crafts","end_date":"18.12.06","start_date":"17.14.11","total_views":104007998,"video_stats":[{"video_id":"1SiKopOt-QM","views":803400},{"video_id":"Xm992Jwxn8Q","views":1603701},{"video_id":"sB_--dhnx7s","views":1903983},{"video_id":"_9YMpuLDnwo","views":6315549},{"video_id":"Hu2kmL86K9k","views":1301114},{"video_id":"GjDK_6NtYGQ","views":4466616},{"video_id":"7r-lAWtpkOo","views":3121988},{"video_id":"CcdgO10VbcQ","views":4128228},{"video_id":"AVYOASw03sY","views":1152232},{"video_id":"uHsGqC9UTdI","views":1186737},{"video_id":"QDkI8YZouc8","views":2696720},{"video_id":"AdZpDrdIEU0","views":3419606},{"video_id":"G28ZobH2ROI","views":1441246},{"video_id":"F9jMHZHXIu0","views":911252},{"video_id":"TtLv2thtu2s","views":2890038},{"video_id":"fLO3JfrJ7cM","views":3179193},{"video_id":"-P4gQ2iPDFM","views":707898},{"video_id":"i31kP_hMGDc","views":1127557},{"video_id":"8GWI--fsj_o","views":2084873},{"video_id":"TPUssJ75Bek","views":1355276},{"video_id":"dLmeR03hKjw","views":821396},{"video_id":"DdIs03ufvxk","views":4289651},{"video_id":"thQyg1i5kI0","views":3769407},{"video_id":"6W968pDa7QI","views":227261},{"video_id":"gwuBdcx-b64","views":1630340},{"video_id":"wiDdIq4UPIM","views":2285991},{"video_id":"PSQAW9zXPpA","views":2165799},{"video_id":"ZAfh6okEgUM","views":1653147},{"video_id":"R2YVa4Nirsc","views":2373383},{"video_id":"w6HNZpaYXtM","views":4089541},{"video_id":"P9IyhwSBqVU","views":1545912},{"video_id":"vwTPlIGfoIY","views":5580658},{"video_id":"vD7bmadZb24","views":1441125},{"video_id":"QADvOpwK2Mk","views":1360726},{"video_id":"WJ_9PSzvroo","views":2275485},{"video_id":"L75Y1UT4Tgc","views":1300526},{"video_id":"D1WWGHcJfyA","views":1774711},{"video_id":"kPu7_3IWjkY","views":2237975},{"video_id":"MYnO9Gfh5ks","views":855750},{"video_id":"4g1QmHt_Bko","views":1608400},{"video_id":"Bzx2bFpNuK4","views":2010714},{"video_id":"Vf1XGpg7PWo","views":905976},{"video_id":"PhbI79irrxg","views":708245},{"video_id":"HCkc-PkQ7sw","views":2251981},{"video_id":"D5f1WGMQ7Ks","views":4564959},{"video_id":"4MjERKVBs1Q","views":718171},{"video_id":"oe1dz3vd7sE","views":2101608},{"video_id":"qWfjVkrUiJc","views":1209452},{"video_id":"7cqyH5d4VDM","views":452501}]}
{"channel_name":"Dude Perfect","end_date":"18.06.06","start_date":"17.22.11","total_views":93242543,"video_stats":[{"video_id":"VJwoSfTOhyM","views":8839267},{"video_id":"-RmUADCWI4A","views":9828746},{"video_id":"ycVc1jsaAA0","views":8267018},{"video_id":"9oyKePWRi8Y","views":6291266},{"video_id":"VRJmcxCrAOA","views":4234615},{"video_id":"WpqUOW19aJQ","views":9651434},{"video_id":"qZHycHI3F1Q","views":4151801},{"video_id":"MuPL-PSMX0Q","views":4852889},{"video_id":"S9KxqRUcnCU","views":5022004},{"video_id":"Hk5dxn5dj2M","views":8593086},{"video_id":"FepIkIILumA","views":5589612},{"video_id":"9m9oO84Q2fk","views":8523528},{"video_id":"v-dfygYIfLs","views":9397277}]}
{"channel_name":"Çukur","end_date":"18.12.06","start_date":"17.15.11","total_views":92126303,"video_stats":[{"video_id":"A5LFlKGs5wA","views":759627},{"video_id":"WPWSfsvqoUA","views":515216},{"video_id":"XOk7rIDYzUk","views":406790},{"video_id":"bvNkTFWsJoE","views":778533},{"video_id":"6S_7fS-cLik","views":511950},{"video_id":"_40pyQrmvZk","views":877535},{"video_id":"hlT9t9LaQ3g","views":823615},{"video_id":"vd6wDCs2LyA","views":263431},{"video_id":"fWFpN2jnBC8","views":888614},{"video_id":"1y17kE-Y1mo","views":766654},{"video_id":"FSzSopQEWfo","views":539057},{"video_id":"RSD6NHTr6XQ","views":553427},{"video_id":"4bt-ZSvzQnU","views":812975},{"video_id":"59AXNtpMm04","views":812253},{"video_id":"1Ut17wx9s_k","views":690302},{"video_id":"lZjxvVBgfk8","views":998076},{"video_id":"NTyDzaEKXs8","views":969128},{"video_id":"1PjBSKGvr5g","views":1852339},{"video_id":"sv_0kbkbK0k","views":421415},{"video_id":"oWxQBG9-AJs","views":901872},{"video_id":"l7VacL06GC8","views":1728415},{"video_id":"jF5U_TqhVQg","views":962567},{"video_id":"a3ZwjPFjovo","views":371155},{"video_id":"R8LWk9QN9tU","views":644156},{"video_id":"173ZDLujs7g","views":768109},{"video_id":"olouGtjIHoI","views":398563},{"video_id":"IZr4OMSHz58","views":1082333},{"video_id":"46nHzANv6bs","views":471198},{"video_id":"XO5hdh2qGlk","views":676545},{"video_id":"CjHexeS6BKs","views":297130},{"video_id":"19WQHjbN8rQ","views":686042},{"video_id":"5pdbxaqHVB8","views":747241},{"video_id":"2eHxj4WyIhI","views":364867},{"video_id":"nyv8XP1nD7E","views":1149001},{"video_id":"nA9pWE_uvrA","views":2238343},{"video_id":"2kEXHyflrrk","views":627497},{"video_id":"a5SggvDbbc4","views":1709848},{"video_id":"NRSC1WtZ678","views":2363447},{"video_id":"7BNm9SmVjPg","views":2112159},{"video_id":"xEoXJ0krbbA","views":1405601},{"video_id":"9xdW4em3FTI","views":2221736},{"video_id":"EtcI-JjeHPs","views":2741253},{"video_id":"szZfT8UAW2g","views":652225},{"video_id":"KuMt9w6YQZY","views":2075857},{"video_id":"dJY7OhTndb0","views":1978500},{"video_id":"KOK-aqPykb4","views":2162856},{"video_id":"GojAy2fSJuY","views":724579},{"video_id":"7V8MMpeJuzE","views":1378465},{"video_id":"-UFO8higZdE","views":2018195},{"video_id":"V3AdoUXUJGA","views":2425494},{"video_id":"1UmJxbL8lFg","views":363316},{"video_id":"sxIVFbybk9A","views":1406164},{"video_id":"XKZiRoIgDxA","views":1252994},{"video_id":"KVyohlXJans","views":1059557},{"video_id":"iP1HZYDCN1s","views":1381212},{"video_id":"0LQU-AmdRcA","views":438137},{"video_id":"sCOKzwu9vvk","views":2578940},{"video_id":"ywgBBNR9OMo","views":377417},{"video_id":"_smRgeSYres","views":630716},{"video_id":"_tqiBzkdsqE","views":1144213},{"video_id":"hGSIbCtDsNo","views":472574},{"video_id":"R-HRxzkL9H0","views":1958185},{"video_id":"5BZKBchoZ30","views":891248},{"video_id":"6FYXWS2AFcM","views":251693},{"video_id":"r9kBJeq_Ixs","views":1000331},{"video_id":"reY5VNR4b-Y","views":435349},{"video_id":"n5HV8l8dvWY","views":1154412},{"video_id":"fdHAP--6c9o","views":907996},{"video_id":"UEQOhGf21Zc","views":866743},{"video_id":"suyGgHflqaw","views":309927},{"video_id":"279eLoYFGpA","views":632498},{"video_id":"hen_Mt2ogLY","views":1086688},{"video_id":"mRa_zjTKZD8","views":959006},{"video_id":"etHvp3_1LnU","views":513451},{"video_id":"ZGFbwB0A_8I","views":310018},{"video_id":"Lq7on1teg70","views":1114749},{"video_id":"4IsivLe6nd8","views":129362},{"video_id":"KR8vKBRIKS4","views":294590},{"video_id":"wNb275Ev8dQ","views":1904794},{"video_id":"e24hsqUJXhM","views":1521414},{"video_id":"Th8rBDgarTM","views":289570},{"video_id":"ryigjjA0xUc","views":1275012},{"video_id":"nKzlBnaf8Q0","views":943142},{"video_id":"l-5OoZJVbcs","views":380547},{"video_id":"ngFvvKQigfU","views":744812},{"video_id":"W4yOYsOW28M","views":1600934},{"video_id":"ziN7eUtSXB4","views":1141046},{"video_id":"L3uO_kyjMfE","views":332612},{"video_id":"eiLzTJNeC5Q","views":1689128},{"video_id":"YdDbp8wi3YM","views":1668236},{"video_id":"jUBT1bWAFTc","views":387384}]}
{"channel_name":"VikatanTV","end_date":"18.14.06","start_date":"17.14.11","total_views":85212309,"video_stats":[{"video_id":"1kuJkA9usqg","views":387221},{"video_id":"m9JQxSKPjOo","views":535875},{"video_id":"qFEjz7PJNjc","views":465527},{"video_id":"5EBDXsTkg1E","views":416189},{"video_id":"dZZMNEMQNUQ","views":413234},{"video_id":"3pHQgAxT0nQ","views":377230},{"video_id":"NULRVfGRfGw","views":421353},{"video_id":"bMIDH-bKAv4","views":428452},{"video_id":"S4DMcgcM35k","views":468919},{"video_id":"4b07d_ihmB0","views":620555},{"video_id":"3fSg8tPLeV4","views":395583},{"video_id":"yx4WfMo4NIU","views":410277},{"video_id":"URRpbARFaIk","views":590171},{"video_id":"NqWCE1izfz8","views":587317},{"video_id":"gE5Fi2HugwA","views":532585},{"video_id":"6QyAOfalGQ4","views":655281},{"video_id":"_dM2H0tef4s","views":500101},{"video_id":"eUyb51fxFw4","views":666138},{"video_id":"UQfLhQTa3l4","views":505184},{"video_id":"1FCUwGm804M","views":511645},{"video_id":"EfhdU_xBSwI","views":777277},{"video_id":"paO6roPFK9M","views":457974},{"video_id":"rlZ-9V_Ia4U","views":487745},{"video_id":"RFgzVKoam68","views":427529},{"video_id":"kXjeAqydmtk","views":796126},{"video_id":"_Hi7gwON6IY","views":538005},{"video_id":"miD3ujpqYTk","views":609769},{"video_id":"syiEqRf0Xp8","views":584519},{"video_id":"-LMkB1Jq95g","views":610214},{"video_id":"89OBIp0A_qc","views":477869},{"video_id":"9ZTOjsBpv7c","views":519637},{"video_id":"ifBMIpX4tJQ","views":658839},{"video_id":"fN491KqvtP0","views":624054},{"video_id":"loalT6LxCIQ","views":516318},{"video_id":"eC9YkAGboUI","views":447234},{"video_id":"3zfImVpQxHQ","views":686720},{"video_id":"wgQPb7clNGI","views":412811},{"video_id":"SFx0v7WlpKM","views":406557},{"video_id":"pzxnZWDLHgo","views":446978},{"video_id":"3lIcbPWdmyM","views":343114},{"video_id":"UShaGKQFKso","views":388159},{"video_id":"9UBQwKgHVLU","views":533938},{"video_id":"LfQk2XGGXMM","views":347760},{"video_id":"IjzQoaQ2LWo","views":428819},{"video_id":"m4NHqy3KP0w","views":459538},{"video_id":"jQkZRWoE-wM","views":810207},{"video_id":"uLVck0MVPlk","views":432611},{"video_id":"oY52Mp2Hb6Y","views":803264},{"video_id":"PuTBcUIUpCc","views":594792},{"video_id":"uMJiVqREr_M","views":704527},{"video_id":"3iit74NlMC0","views":396140},{"video_id":"Kp4sOVy3DMs","views":676340},{"video_id":"MaYwIdpuPRg","views":648043},{"video_id":"_d4YwsF008M","views":703289},{"video_id":"IFqsPoEyvxc","views":643400},{"video_id":"yFt6wpGd7PM","views":735851},{"video_id":"U83Xpls9yX4","views":409257},{"video_id":"6K6yLHau48k","views":812462},{"video_id":"ck47IYhCVjc","views":767416},{"video_id":"_tBwwT0Sb90","views":325036},{"video_id":"KTc7nOTPd44","views":893757},{"video_id":"8C8IFR53tts","views":696743},{"video_id":"OKPBS2hN9G0","views":646494},{"video_id":"fLtE6Nk76RY","views":304901},{"video_id":"QH6Lb9KTs70","views":373261},{"video_id":"lUjEM-vKNRk","views":371297},{"video_id":"sARscbQ1RhQ","views":644278},{"video_id":"Te1R056VTqg","views":542043},{"video_id":"eTZma84oOCU","views":312974},{"video_id":"LRfveNMtcB8","views":660588},{"video_id":"0bNU_vv6mJA","views":483107},{"video_id":"IgcO8NYnB3o","views":300575},{"video_id":"fpcirkEEjfA","views":430174},{"video_id":"Qagp3T1bOFY","views":476767},{"video_id":"MkqSPojNd1E","views":452331},{"video_id":"g3H6M02-uRQ","views":424725},{"video_id":"A_GVnrVTFjw","views":315509},{"video_id":"f8SVAOU6nRk","views":363060},{"video_id":"UFQOGSp58b8","views":543420},{"video_id":"dXt20Kuy84c","views":459358},{"video_id":"RlWE8WQluvU","views":485206},{"video_id":"r4CTYvayzUs","views":343214},{"video_id":"qb49-46VYro","views":387637},{"video_id":"KXzgdavpg10","views":619364},{"video_id":"n3raQ-mZu-Q","views":555732},{"video_id":"pBD3BUoe_7Y","views":369874},{"video_id":"rrbHID-DwO0","views":488215},{"video_id":"3bygpPwiGuA","views":439729},{"video_id":"Kam3xozMyqs","views":523172},{"video_id":"qBCfEdcGSTU","views":523702},{"video_id":"pAQhexhPoj4","views":622458},{"video_id":"jPEKerD0cKk","views":453938},{"video_id":"8yOApYi-wmk","views":561924},{"video_id":"esMsYRye9ks","views":441034},{"video_id":"PLZ94WO0n6g","views":450189},{"video_id":"la16Q2S8Gcg","views":549462},{"video_id":"ZOh1iyHBTQw","views":545664},{"video_id":"ZSnVjIUqwSg","views":579677},{"video_id":"axkJpYJ2H0w","views":404343},{"video_id":"H7SRwXYOkbQ","views":456782},{"video_id":"3PmSjJY0T5w","views":609553},{"video_id":"ejFqVVOBkWc","views":449787},{"video_id":"J5HT7ER4w_Q","views":572615},{"video_id":"ij22wwVWras","views":907683},{"video_id":"siEQ5N3qRyo","views":528095},{"video_id":"mmEvQNZsOs0","views":555221},{"video_id":"Fr2GksNWdX8","views":489692},{"video_id":"sD0XjmXZ_ZM","views":509464},{"video_id":"CI2zVegJBWA","views":621962},{"video_id":"U2ZLv2LXKPI","views":629302},{"video_id":"nh_eZnSZCLw","views":753010},{"video_id":"zFGDD_Iv2kQ","views":425275},{"video_id":"ExUp7MSKLRc","views":477533},{"video_id":"SmHK8K35EBc","views":428254},{"video_id":"6qLUFxwwErw","views":470910},{"video_id":"C76YpEW9oCQ","views":456681},{"video_id":"o2pPZCjUc9A","views":469096},{"video_id":"wz8n7C3-1UI","views":506154},{"video_id":"82QywDg93g0","views":465668},{"video_id":"ccSbPSJwsCM","views":488234},{"video_id":"LwdPfLYQTZY","views":580733},{"video_id":"B3Of2f1YzRM","views":479402},{"video_id":"mSnGDYVVOgg","views":490555},{"video_id":"_yf4la-ddmc","views":519405},{"video_id":"zhIg2ou0W_M","views":481341},{"video_id":"moASLrr62EQ","views":456025},{"video_id":"HWDELTsAZOg","views":414137},{"video_id":"bi9OR0_1Wk4","views":458102},{"video_id":"SsZtA9pOB4g","views":500226},{"video_id":"Oc-WHctTBMc","views":469688},{"video_id":"nLhjbuHonSE","views":431551},{"video_id":"Ze79TNTf-Dk","views":493519},{"video_id":"m8rIhOnP5gM","views":461047},{"video_id":"J-tcQFTdHmI","views":459270},{"video_id":"BPGspKxSMGY","views":555922},{"video_id":"a--IRRuuwbE","views":514098},{"video_id":"Hpm8O--mNTc","views":604388},{"video_id":"9FaxMOL7lO4","views":449197},{"video_id":"3pg9pUSIKtM","views":660161},{"video_id":"yOHtg7u-sAc","views":554967},{"video_id":"VtV4nNeZlO4","views":783125},{"video_id":"Tn7JdGq53kg","views":764262},{"video_id":"QrTAA6hCkrc","views":595204},{"video_id":"YwE7Jlo-_iY","views":520417},{"video_id":"KZK21zOnpos","views":455540},{"video_id":"dvha0v56J1Y","views":504526},{"video_id":"cIYLwrEESKg","views":601943},{"video_id":"Aa0pMMyBVLs","views":601501},{"video_id":"RU17DroYhaw","views":476105},{"video_id":"lv2HF8TerCM","views":602783},{"video_id":"KuWnanSN_AI","views":601909},{"video_id":"dx3LwmYTols","views":510532},{"video_id":"00uHMkOzsyo","views":503232},{"video_id":"7635XrLD3mM","views":498922},{"video_id":"7ZSRN8jRrOA","views":750394},{"video_id":"d_Cz3cTSxGI","views":664658},{"video_id":"OmIYyeSg3v4","views":628962},{"video_id":"R_5YBLuXAuU","views":565220},{"video_id":"2XEWN0CFghA","views":613807},{"video_id":"G7dUVIij4AA","views":565091},{"video_id":"xxdeCkvzB5Y","views":720600}]}
{"channel_name":"YouTube Spotlight","end_date":"17.09.12","start_date":"17.05.12","total_views":76114264,"video_stats":[{"video_id":"bCi6TzRoAHc","views":144795},{"video_id":"FlsCjmMhFmw","views":75969469}]}
{"channel_name":"The Daily Show with Trevor Noah","end_date":"18.14.06","start_date":"17.15.11","total_views":71791691,"video_stats":[{"video_id":"F2MGNXj8HLo","views":1059267},{"video_id":"RqccSEEO-5M","views":1011849},{"video_id":"i02hFj5UZI4","views":798143},{"video_id":"gOkkrN3H8Nw","views":776465},{"video_id":"VVchNC5MJjc","views":1003232},{"video_id":"g8Y6JhOVYqw","views":1109766},{"video_id":"CtSZLqdO-y4","views":777875},{"video_id":"dCctj8j7jFw","views":905596},{"video_id":"vv8yh7kJt1E","views":754161},{"video_id":"GJk45YEiXo0","views":549864},{"video_id":"2b36m9_QCIQ","views":1349550},{"video_id":"gLLi6tO60LM","views":711675},{"video_id":"h0ChlY8mR5k","views":908768},{"video_id":"FLFfy0pgBB0","views":770516},{"video_id":"9MbGPtX0ELQ","views":550799},{"video_id":"Ast3c14_i7c","views":850343},{"video_id":"bjKr2ltVKII","views":570390},{"video_id":"pl8480DEOBk","views":185011},{"video_id":"2vqHMTEmRwE","views":512571},{"video_id":"4UWAM6mBJD0","views":765027},{"video_id":"My7e4qkIemQ","views":1018907},{"video_id":"hLiyFumseqQ","views":230156},{"video_id":"FbkmSCwNZl8","views":718906},{"video_id":"OQkfDJ2zVNo","views":2898576},{"video_id":"d-b3FWwPb34","views":1269952},{"video_id":"wBEZiNtReFI","views":1079466},{"video_id":"3zDr04UIr8I","views":996313},{"video_id":"ZVxUS_QtWXU","views":428398},{"video_id":"ouj8ULggR4k","views":546027},{"video_id":"kzY5Eah3DYM","views":816880},{"video_id":"ruXZGC0HJfc","views":925029},{"video_id":"d169_pZ-8C4","views":908255},{"video_id":"kzTcXZPItyo","views":529151},{"video_id":"CoTA2aqckNM","views":991382},{"video_id":"ZvkK8W03ymI","views":1571964},{"video_id":"qDyaspdzhXI","views":901147},{"video_id":"isxrREkP44I","views":736683},{"video_id":"_E4cdaRu5y4","views":1348724},{"video_id":"QFW6FeWdklU","views":957188},{"video_id":"KhGCV50-nrw","views":616556},{"video_id":"MKF2twerqvY","views":482839},{"video_id":"B6MZr2T9ISw","views":247122},{"video_id":"TVT-5AuWYhY","views":1232714},{"video_id":"Q34E5ONJSbA","views":1103695},{"video_id":"-KB5QbOS4s4","views":425904},{"video_id":"enfELcLr4q0","views":1085344},{"video_id":"6BKZmH4y4GE","views":238373},{"video_id":"xpTOkPDdeao","views":900419},{"video_id":"Kk0nD_n1nlE","views":1004076},{"video_id":"mNhTWFUmrLQ","views":1338592},{"video_id":"qO5edY-vaA8","views":1094328},{"video_id":"bkIYY3jy4Bo","views":975641},{"video_id":"Bx0mGCZvIX4","views":1296041},{"video_id":"YY6p8B4IR24","views":869644},{"video_id":"IDFq6rVmkao","views":913447},{"video_id":"3yT6juxc5xg","views":299248},{"video_id":"t7epj5tK54M","views":1020827},{"video_id":"m2v9z2S5XzQ","views":311486},{"video_id":"eQYHLQiI4T4","views":166550},{"video_id":"mx49vicqCRY","views":333576},{"video_id":"bv64-F5ror8","views":1568908},{"video_id":"1s-h-bx-cbY","views":1657668},{"video_id":"F-HTGrI-NXE","views":1100630},{"video_id":"mLdWLWvgl9Q","views":814322},{"video_id":"HdteSQzKE_4","views":1225828},{"video_id":"ncJpPNQ-uZU","views":1044742},{"video_id":"kB8B1r52y2A","views":942994},{"video_id":"QtE0acRimSw","views":1336313},{"video_id":"243wWj9haKQ","views":464825},{"video_id":"hDAfY-NdQyA","views":465298},{"video_id":"3N_L9WdgSeQ","views":799619},{"video_id":"5RuR-ms6Y5I","views":299719},{"video_id":"J3AoKXiiLag","views":686712},{"video_id":"ypzDLr8PwCw","views":1069524},{"video_id":"swKA0hAMufU","views":906283},{"video_id":"OU21H6-Y6Y8","views":764773},{"video_id":"irHqI9fUc4I","views":274633},{"video_id":"egKcskPZLUU","views":376277},{"video_id":"rrRtG37h4GU","views":268225},{"video_id":"w5zvsnlyBeU","views":488098},{"video_id":"PhSn3tDIYZc","views":476263},{"video_id":"elr-tOT87Hw","views":698931},{"video_id":"XxVFssljoLY","views":374252},{"video_id":"UXOesknCZOs","views":661195},{"video_id":"VrDTzdGKHAs","views":232405},{"video_id":"cSmusC3VnHQ","views":1077065},{"video_id":"QSBoxW7Dc6Y","views":965795}]}
{"channel_name":"GOLAZO TV","end_date":"18.11.06","start_date":"17.19.11","total_views":70362670,"video_stats":[{"video_id":"NTPAau4KNPQ","views":1875142},{"video_id":"pC9dViGfJ2Q","views":2029829},{"video_id":"sPQ-7mdeuHY","views":1892074},{"video_id":"iiOzcMQiDZs","views":1472251},{"video_id":"rJ6SyvwnPd0","views":1576014},{"video_id":"28Jgz9Sc-S4","views":954654},{"video_id":"5JjPfpSrtvY","views":3394865},{"video_id":"6jetElIwt-w","views":1826719},{"video_id":"z_rHZI7AIUo","views":3077931},{"video_id":"DvDty9y-8Gc","views":2452830},{"video_id":"UyDZofuB0zk","views":2503420},{"video_id":"qt13pXFT4tg","views":2426665},{"video_id":"Tg9OdmUD9cE","views":1391260},{"video_id":"WpWc4GxvqYY","views":958178},{"video_id":"U6b_QeukGuk","views":2125153},{"video_id":"Fo6kxA5F02E","views":914148},{"video_id":"xmupkoVfUnQ","views":4429364},{"video_id":"StVc9S6NYV8","views":1079722},{"video_id":"e4VmGrGGPuU","views":1414634},{"video_id":"k7Dx7TAyix4","views":701641},{"video_id":"NOYhC4U8VDU","views":2822804},{"video_id":"XQvx-5BnWhY","views":240311},{"video_id":"NAPkjd2iSls","views":2017658},{"video_id":"NrVhOtn3ynM","views":364319},{"video_id":"-DrAHr-VbP0","views":1650461},{"video_id":"t-SAWvR4CyI","views":941258},{"video_id":"pYSUlcBAxbc","views":1419286},{"video_id":"KYBqy8bv4as","views":2374139},{"video_id":"XrU3rQj49DI","views":3232904},{"video_id":"Jsn86o13Zg8","views":940103},{"video_id":"aXo3p4rAvYY","views":1937651},{"video_id":"LYlXwzLXYw0","views":1454777},{"video_id":"H7_5fIUVq9c","views":2211470},{"video_id":"eVxgcOzYrKo","views":2525518},{"video_id":"IpHZtc8J0Hc","views":1579491},{"video_id":"rKHU4AGpQ7Q","views":1947953},{"video_id":"chA_rjl9LRo","views":1828475},{"video_id":"2WwgJ8reyeI","views":2377598}]}
{"channel_name":"Marvel Entertainment","end_date":"18.02.05","start_date":"17.01.12","total_views":69277488,"video_stats":[{"video_id":"3VbHg5fqBYw","views":7281189},{"video_id":"8_rTIAOohas","views":4761311},{"video_id":"pVxOVlm_lE8","views":8642998},{"video_id":"QwievZ1Tx-8","views":39980116},{"video_id":"gbRijjvIeyk","views":754383},{"video_id":"UUkn-enk2RU","views":7857491}]}
{"channel_name":"20th Century Fox","end_date":"18.19.05","start_date":"17.18.11","total_views":67126640,"video_stats":[{"video_id":"8-Cjsnq8kVU","views":8291139},{"video_id":"ykHeGtN4m94","views":1752831},{"video_id":"aj8mN_7Apcw","views":5224475},{"video_id":"D86RtevtfrA","views":22762717},{"video_id":"20bpjtCbCz0","views":9823890},{"video_id":"uxbQATBAXf8","views":9399654},{"video_id":"6S9c5nnDd_s","views":9871934}]}
{"channel_name":"Late Night with Seth Meyers","end_date":"18.13.06","start_date":"17.15.11","total_views":65072139,"video_stats":[{"video_id":"gFbY974MF88","views":1503131},{"video_id":"5nEogChRGE8","views":1451881},{"video_id":"ssVrzoCgr_w","views":1235481},{"video_id":"mewW_pRSgEc","views":1382432},{"video_id":"3ncMdLwPGMk","views":1261475},{"video_id":"zs34ko3ZF7s","views":1251642},{"video_id":"-9OfAHgdV8Y","views":745341},{"video_id":"ASXutG8RjrE","views":503960},{"video_id":"4WnizmrnJlk","views":1855536},{"video_id":"di3SMcIN_OU","views":1131524},{"video_id":"YtjMZbUHb2E","views":325695},{"video_id":"tyhBmsLC-JY","views":1147171},{"video_id":"NyNQLRhsAsk","views":1288731},{"video_id":"9qmcyucT6y4","views":1242249},{"video_id":"5w3UxZbWe-M","views":1832360},{"video_id":"noUH5aYUBx4","views":1684275},{"video_id":"NEYtxauVqA4","views":1440514},{"video_id":"VhnE-f3nLt8","views":740529},{"video_id":"TVED3AErHvg","views":452370},{"video_id":"L51U-KIVay0","views":443062},{"video_id":"Y2kLXdvm6Og","views":362262},{"video_id":"8b6IQQMRYCA","views":1390124},{"video_id":"OWVTtuxW6Fg","views":1577255},{"video_id":"3uD092CYl3Q","views":361489},{"video_id":"H3mX88_tx3Q","views":1218516},{"video_id":"yN0DQFv_-vI","views":1463275},{"video_id":"YnvDkC4Myw0","views":1206342},{"video_id":"hFFn8K2O4po","views":439387},{"video_id":"m6qubM54PtE","views":1461356},{"video_id":"RKpjH-O8a6w","views":597705},{"video_id":"2c8h9-DR6xQ","views":1194462},{"video_id":"gagc6UL2Q-I","views":1262274},{"video_id":"qAmpg1WbOJ4","views":759642},{"video_id":"irw3YQxiUOs","views":1323176},{"video_id":"1lPvUKtHBJA","views":525765},{"video_id":"0FQfThSU11E","views":1847439},{"video_id":"p_vTyApRF-w","views":1264829},{"video_id":"Cwr6hRxMoGM","views":1037695},{"video_id":"y-gd8x7BYTo","views":1344130},{"video_id":"r_fDZi2h64s","views":1529446},{"video_id":"OHl0VRRNxAE","views":1710905},{"video_id":"CU8qwXYH83c","views":738925},{"video_id":"iaoD6pfFuTo","views":1375715},{"video_id":"LtvYXsuI0eU","views":461941},{"video_id":"f_EwmFh8cBE","views":473901},{"video_id":"8Vfora4WyPY","views":632333},{"video_id":"hrKUewEzOxM","views":657648},{"video_id":"VtZV_rFnI-4","views":1144879},{"video_id":"LDs81lJTnTE","views":529362},{"video_id":"SSG5zfzzZ9k","views":1575770},{"video_id":"9TFMg_SSU6k","views":826145},{"video_id":"iDsITyAJzTo","views":689894},{"video_id":"6vi6yQtntdE","views":1417055},{"video_id":"ucaBVcnEaUk","views":1384975},{"video_id":"WdFrQjwSSgg","views":418813},{"video_id":"8I9ueBdVtUk","views":1129302},{"video_id":"05U0AYfnWgI","views":1440582},{"video_id":"vuWcljJLFAQ","views":1263296},{"video_id":"anpb109zS3U","views":448474},{"video_id":"U1MzkfRLveA","views":1226994},{"video_id":"Nw-BMNnr1Ko","views":439302}]}
{"channel_name":"ChildishGambinoVEVO","end_date":"18.10.05","start_date":"18.10.05","total_views":60776509,"video_stats":[{"video_id":"VYOjWnS4cMY","views":60776509}]}
{"channel_name":"T-Series","end_date":"18.10.06","start_date":"17.27.12","total_views":59218329,"video_stats":[{"video_id":"xWi8nDUjHGA","views":9678138},{"video_id":"ZgTKmRPWMq4","views":6451953},{"video_id":"0B7athiVJBA","views":11164916},{"video_id":"v7K4vGYL9zI","views":4465627},{"video_id":"3h4thS-Hcrk","views":9087502},{"video_id":"q2gICJFG6uw","views":13517404},{"video_id":"64UX1npgRkI","views":4852789}]}
{"channel_name":"Sen Anlat Karadeniz","end_date":"18.14.06","start_date":"18.26.01","total_views":54972583,"video_stats":[{"video_id":"7H4jvc3ERrc","views":807356},{"video_id":"8aoHiS-HyFw","views":3687773},{"video_id":"JU9blLfDPuo","views":3856954},{"video_id":"QXiGbUCiKdA","views":1676173},{"video_id":"gsmyNL_-lD0","views":794037},{"video_id":"yQt2hXGB1Uc","views":1224584},{"video_id":"oXT1SXqaWno","views":4001349},{"video_id":"RnVst5d5w80","views":2112723},{"video_id":"dnBze4SNwtI","views":1010683},{"video_id":"T2WB3DGJsz8","views":1616586},{"video_id":"QOZPZGjn3As","views":3099509},{"video_id":"1HgNReVRvzI","views":484958},{"video_id":"e32G4TA1yj4","views":2061245},{"video_id":"VVSDRN8Kh9s","views":370168},{"video_id":"cQLDCNzxGxQ","views":1253202},{"video_id":"zXEY8j9Z0oI","views":351865},{"video_id":"aSozR1GKefY","views":286800},{"video_id":"g1Vag7OgCXw","views":290793},{"video_id":"9uKd19f4F5M","views":621527},{"video_id":"KtM2vZRvxnE","views":1172610},{"video_id":"TPZpsYywLEE","views":1883789},{"video_id":"veM423POiU8","views":358617},{"video_id":"DkKwNB7oGjM","views":2598328},{"video_id":"f332DVN3EoQ","views":377738},{"video_id":"p1xTuY7-Fw4","views":2219899},{"video_id":"5WeGNZgmIxA","views":438701},{"video_id":"mz5RgPjl2LE","views":2904844},{"video_id":"CWsPcytkQwU","views":2520381},{"video_id":"NhVKrJ3uTt8","views":429424},{"video_id":"NvNnRs__4hw","views":2017331},{"video_id":"KHyLRPII8ow","views":1674212},{"video_id":"qN62WVR4-r8","views":2507719},{"video_id":"oTkv1jJ7fkQ","views":710407},{"video_id":"8InIO2w8l6Y","views":1620656},{"video_id":"qRtubtFQSDM","views":1529047},{"video_id":"jCFH5UqMkfU","views":400595}]}
{"channel_name":"Ed Sheeran","end_date":"18.28.04","start_date":"17.14.11","total_views":54456124,"video_stats":[{"video_id":"2Vv-BfVoq4g","views":33523622},{"video_id":"817P8W8-mGE","views":8130538},{"video_id":"eiDiKwbGfIY","views":5988303},{"video_id":"EAGhzuitLXU","views":906053},{"video_id":"iWZmdoY1aTE","views":5907608}]}
{"channel_name":"NickyJamTV","end_date":"18.09.06","start_date":"18.04.03","total_views":52223088,"video_stats":[{"video_id":"_I_D_8Z4sJE","views":40567774},{"video_id":"kFMZUxX6K6o","views":7776219},{"video_id":"V15BYnSr0P8","views":3879095}]}
