{"channel_name":"ESPN","total_trending_days":203,"video_days":[{"trending_days":1,"video_id":"agKDPntMv-E","video_title":"Stephen A. Smith slams the Philadelphia 76ers for its 'Trust The Process' | First Take | ESPN"},{"trending_days":2,"video_id":"KJ12FVmumeA","video_title":"Stephen A. Smith: Jay Cutler is a 'disease' | First Take | ESPN"},{"trending_days":3,"video_id":"uN9zBcweN4M","video_title":"NBA Countdown debates if Ben Simmons is the best all-around rookie ever | NBA Countdown | ESPN"},{"trending_days":7,"video_id":"NNywashg_mw","video_title":"Is Chip Kelly interested in Gators job? | SportsCenter | ESPN"},{"trending_days":5,"video_id":"0nybdPCuvRI","video_title":"LeBron James ejected for first time in career | ESPN"},{"trending_days":1,"video_id":"A34O0pCAQ60","video_title":"Urban Meyer reacts to Ohio State not making the College Football Playoff | ESPN"},{"trending_days":2,"video_id":"YF8415hDtEg","video_title":"Silverdome successfully imploded on second attempt | ESPN"},{"trending_days":6,"video_id":"BEcs3TL8DII","video_title":"LeBron James is 'obviously' the NBA MVP this season | First Take | ESPN"},{"trending_days":2,"video_id":"Dm9iTlsaie4","video_title":"Thunder officially on the clock | The Jump | ESPN"},{"trending_days":2,"video_id":"p2P5jrcNwY4","video_title":"Stephen A. speculates what LeBron James told Lonzo Ball after Lakers-Cavaliers | First Take | ESPN"},{"trending_days":2,"video_id":"yfxJHGhaECA","video_title":"Marvin Lewis leaving the Cincinnati Bengals | NFL Countdown | ESPN"},{"trending_days":1,"video_id":"mEAZB6QEJwQ","video_title":"Do you believe Carmelo Anthony? Stephen A. Smith says 'hell no' | First Take | ESPN"},{"trending_days":2,"video_id":"tDT-a7fh5fc","video_title":"Le Batard grills MLB commish on Derek Jeter slashing Marlins' payroll | Dan Le Batard Show | ESPN"},{"trending_days":1,"video_id":"PitmObjGur4","video_title":"Dick Enberg dies at 82 | SportsCenter | ESPN"},{"trending_days":4,"video_id":"OcFcdFZQSBo","video_title":"LeBron James gets candy for his daughter midgame | ESPN"},{"trending_days":7,"video_id":"OmLxYUOgTNs","video_title":"Jalen shuts down Will saying Kevin Durant will surpass LeBron James this season | First Take | ESPN"},{"trending_days":2,"video_id":"hGAA98YZBZw","video_title":"Jon Gruden on Raiders job: There's a good chance | Golic and Wingo | ESPN"},{"trending_days":1,"video_id":"8szK9FBpdPI","video_title":"Stephen A. Smith says Bengals don't give a damn about fans | First Take | ESPN"},{"trending_days":3,"video_id":"5AGyFelwyk4","video_title":"LaVar Ball gets real during interview with ESPN before LiAngelo and LaMelo's first game | ESPN"},{"trending_days":5,"video_id":"sBC9r4HuKu0","video_title":"Stephen A. sides with Reggie Miller: Magic Johnson should speak up on LaVar Ball | First Take | ESPN"},{"trending_days":2,"video_id":"ZEWi-0Q_bpg","video_title":"Cavs players reportedly upset with LeBron; did Magic quietly snub Luke? | SportsNation | ESPN"},{"trending_days":1,"video_id":"WD6ZMcLxCO0","video_title":"Debating the Western Conference All-Star starters | NBA Countdown | ESPN"},{"trending_days":1,"video_id":"fVizzW1uyDw","video_title":"Joel Embiid has a message for a certain someone after being named NBA All-Star starter | ESPN"},{"trending_days":5,"video_id":"PSA-TnMwK9c","video_title":"Reaction to Hornets making Kemba Walker available for trade talks | The Jump | ESPN"},{"trending_days":6,"video_id":"t8a8EFMAuSU","video_title":"WWE's Vince McMahon announces he will relaunch XFL in 2020 [Press Conference] | ESPN"},{"trending_days":1,"video_id":"YGOesyoKLI4","video_title":"Marcellus Wiley has officially lost it after the Clippers trade Blake Griffin to the Pistons | ESPN"},{"trending_days":2,"video_id":"FZjexxJ7lYM","video_title":"Blake Griffin gets candid about Clippers during interview after trade to Pistons | ESPN"},{"trending_days":2,"video_id":"qK11sSjEM3c","video_title":"Russell Westbrook pushes away Denver Nuggets fan after fan gets in Westbrook's face | ESPN"},{"trending_days":1,"video_id":"2X5fG1A4kuc","video_title":"Nick Foles used basketball to lead Super Bowl-winning drive for Eagles | NFL Primetime | ESPN"},{"trending_days":3,"video_id":"RVl35mjfT2A","video_title":"Stephen A. calls benching Malcolm Butler right before game classless and cruel | First Take | ESPN"},{"trending_days":3,"video_id":"FI3zMdqq4vE","video_title":"Tracy McGrady on Isaiah Thomas to the Lakers: He can't bring an ego with him | The Jump | ESPN"},{"trending_days":2,"video_id":"GJjQl1q_jtE","video_title":"Foudy reports on Mirai Nagasu's historic triple axel at Winter Olympics | Golic and Wingo | ESPN"},{"trending_days":4,"video_id":"EbXHZ4WoyFY","video_title":"Patrick Beverley calls in to tell Will he knows nothing about basketball | The Will Cain Show | ESPN"},{"trending_days":1,"video_id":"hgtR0o6OjjU","video_title":"2018 NBA All-Star Dunk Contest: Donovan Mitchell wins it all | ESPN"},{"trending_days":1,"video_id":"CMA2iF6RuXk","video_title":"Fergie's national anthem draws criticism | ESPN"},{"trending_days":3,"video_id":"5cKQHtO6wyk","video_title":"Stephen A. Smith on the 2018 NBA All-Star Game: I give it an A | First Take | ESPN"},{"trending_days":1,"video_id":"kA66nAvEEII","video_title":"Stephen A. shares theory on why Spurs' Kawhi Leonard isn't playing this season | First Take | ESPN"},{"trending_days":4,"video_id":"9-2FS7XpTh4","video_title":"Jimmy Butler sustains apparent non-contact injury | ESPN"},{"trending_days":1,"video_id":"0mAS2Gxs08w","video_title":"First Take reacts to Zaza Pachulia falling on Russell Westbrook | First Take | ESPN"},{"trending_days":1,"video_id":"6VJYkH1WfKc","video_title":"All the best reactions to James Harden's nasty cross of Wesley Johnson | SportsCenter | ESPN"},{"trending_days":3,"video_id":"3AV1GuBI-0Q","video_title":"Ben Simmons does something on defense vs LeBron James that we almost never see | SportsCenter | ESPN"},{"trending_days":1,"video_id":"MZlakv7Gq3w","video_title":"Ron Burgundy narrates MLS opener between the Seattle Sounders and the Los Angeles FC | ESPN"},{"trending_days":1,"video_id":"4ShwEAGIu-I","video_title":"Stephen A. openly confesses why he's getting annoyed talking about Lonzo Ball | First Take | ESPN"},{"trending_days":1,"video_id":"DJMyDoYkioY","video_title":"Max boldly predicts Anthony Davis will overtake LeBron James next season | First Take | ESPN"},{"trending_days":3,"video_id":"2A4ZlxAk8dQ","video_title":"Jalen Rose on LeBron James: He's actually gotten better at basketball | First Take | ESPN"},{"trending_days":3,"video_id":"PKf29H2z81w","video_title":"LeBron James teases what his dunk contest might look like during pregame warmups | ESPN"},{"trending_days":1,"video_id":"H2mNDaqOp3o","video_title":"Stephen A. goes off on Kevin Durant: I don't want to hear you miss Steph Curry | First Take | ESPN"},{"trending_days":2,"video_id":"MYexYwr5Pz4","video_title":"Lonzo Ball steps in as Julius Randle, Isaiah Thomas get into heated exchange | ESPN"},{"trending_days":3,"video_id":"RyH8TWLribw","video_title":"The epic late-night Fortnite stream featuring Drake, JuJu Smith-Schuster, Ninja, Travis Scott | ESPN"},{"trending_days":1,"video_id":"vvUe5hNEXwE","video_title":"Stephen A. Smith reacts to Tyronn Lue stepping away from Cavaliers | First Take | ESPN"},{"trending_days":4,"video_id":"22iCU_bsApA","video_title":"First Take interviews Trae Young after he declares for NBA draft | First Take | ESPN"},{"trending_days":1,"video_id":"bjG8nKYCEBQ","video_title":"Sister Jean reacts to Loyola-Chicago reaching the Final Four | ESPN"},{"trending_days":5,"video_id":"bweX9_u7S0Y","video_title":"First Take debates impact of Steph Curry and Kyrie Irving injuries on playoffs | First Take | ESPN"},{"trending_days":2,"video_id":"zOLbPvwK7-Q","video_title":"Stephen A. and Max ask Steph Curry about injury and Warriors vs. Rockets | First Take | ESPN"},{"trending_days":3,"video_id":"osBrGeRCVqY","video_title":"Stephen A. and Max debate Rockets' chances to beat Warriors in NBA playoffs | First Take | ESPN"},{"trending_days":1,"video_id":"1C9STKF0Lv4","video_title":"Cristiano Ronaldo's ridiculous bicycle kick vs. Juventus in UEFA Champions League | ESPN FC"},{"trending_days":1,"video_id":"sfj3aX_ed7U","video_title":"[FULL] Dana White goes off on Conor McGregor storming UFC 223 media day | ESPN"},{"trending_days":1,"video_id":"6lI67K54qgQ","video_title":"Stephen A. has an announcement: 76ers are going to Eastern Conference Finals | First Take | ESPN"},{"trending_days":3,"video_id":"0ETrC_c14ms","video_title":"Steve Kerr reminisces with Scottie Pippen about their Bulls playoff runs | The Jump | ESPN"},{"trending_days":6,"video_id":"DTg2FihPSso","video_title":"Stephen A.: Kevin Hart 'got his feelings hurt' by Dwyane Wade vs. 76ers | First Take | ESPN"},{"trending_days":1,"video_id":"-39ysKKpE7I","video_title":"Stephen A. changes his mind: 76ers will beat Cavaliers to reach NBA Finals | First Take | ESPN"},{"trending_days":2,"video_id":"FvY3Q1pQ8m4","video_title":"Allen Iverson on Thunder's playoff struggles: They need to make something happen | First Take | ESPN"},{"trending_days":1,"video_id":"JYmejM38vKs","video_title":"Full sequence: LeBron James blocks Victor Oladipo, hits game-winning 3 in Game 5 vs. Pacers | ESPN"},{"trending_days":2,"video_id":"NtKS8YR5ioo","video_title":"Is LeBron James as clutch as Michael Jordan? | The Jump | ESPN"},{"trending_days":1,"video_id":"QSFmuI-DAK4","video_title":"Shaquem Griffin reacts to being drafted by the Seattle Seahawks | ESPN"},{"trending_days":6,"video_id":"hRnVb4z6Hw0","video_title":"Stephen A. hilariously goes off on Max for changing take on Pelicans-Warriors | First Take | ESPN"},{"trending_days":1,"video_id":"RxvcH25WThg","video_title":"Stephen A. Smith: LeBron James 'demoralizes' Raptors every time | SportsCenter | ESPN"},{"trending_days":2,"video_id":"p-W9SnUM7u8","video_title":"Stephen A. Smith: Dwane Casey rescued DeMar DeRozan by benching him Game 3 | First Take | ESPN"},{"trending_days":5,"video_id":"9o-gcCwMOgA","video_title":"Stephen A. and Max react to LeBron James and Cavaliers sweeping Raptors | First Take | ESPN"},{"trending_days":3,"video_id":"mkz1zoo15zI","video_title":"Richard Jefferson and Tracy McGrady have strong reactions to Dwane Casey firing | The Jump | ESPN"},{"trending_days":5,"video_id":"15uSD6tHi2I","video_title":"Stephen A.: Cavs 'were an absolute disgrace' in 2nd half of Game 2 vs. Celtics | SportsCenter | ESPN"},{"trending_days":2,"video_id":"UDByuFJ2nDg","video_title":"Stephen A. reacts to Warriors’ Game 3 blowout over Rockets | SportsCenter | ESPN"},{"trending_days":1,"video_id":"kuw3yQqhe8M","video_title":"Chris Paul gets emotional talking about bringing 2-2 series back to Houston | ESPN"},{"trending_days":3,"video_id":"1HBvOZlvj_w","video_title":"First Take makes predictions for Warriors vs. Rockets Game 5 | First Take | ESPN"},{"trending_days":2,"video_id":"4qcLz8M7L7k","video_title":"Stephen A. Smith: Warriors' Game 6 win vs. Rockets was an 'unbelievable show' | SportsCenter | ESPN"},{"trending_days":2,"video_id":"q8DkyFH9jXI","video_title":"Stephen A.: 'I'd be shocked' if Cavaliers win more than one game vs. Warriors | SportsCenter | ESPN"},{"trending_days":1,"video_id":"VY_77F8TXe8","video_title":"Stephen A.: Kyrie Irving was tired of being treated like less than a superstar | First Take | ESPN"},{"trending_days":1,"video_id":"qmDsgGKHBEo","video_title":"Final full sequence that sent Cavaliers vs. Warriors to OT [Game 1, 2018 NBA Finals] | ESPN"},{"trending_days":2,"video_id":"behWkJPCkLI","video_title":"Stephen A.: Kevin Durant looked like he wanted no part of LeBron James in Game 1 | First Take | ESPN"},{"trending_days":3,"video_id":"C0KnxhQMLBU","video_title":"Stephen A. Smith goes off after Game 2: It's time to bench JR Smith | SportsCenter | ESPN"},{"trending_days":2,"video_id":"2qzrjzN5ns0","video_title":"Stephen A. hyped over Kevin Durant's Game 3: He was an absolute superstar | NBA at the Mic | ESPN"},{"trending_days":2,"video_id":"btE8mDfEF34","video_title":"Stephen A. on Cavaliers' NBA Finals Game 4: 'It was an embarrassing effort' | SC with SVP | ESPN"},{"trending_days":2,"video_id":"3tYpfAPVEs0","video_title":"Stephen A. and Max react to LeBron James' broken hand | First Take | ESPN"},{"trending_days":1,"video_id":"JGm9Y_hFqNk","video_title":"First Take reacts: Kyrie Irving says contract extension doesn't make sense | First Take | ESPN"}]}
{"channel_name":"The Tonight Show Starring Jimmy Fallon","total_trending_days":197,"video_days":[{"trending_days":2,"video_id":"gjXrm2Q-te4","video_title":"Jimmy Fallon Pays Tribute to His Mother Gloria"},{"trending_days":1,"video_id":"t1Liix4gi7k","video_title":"Gigi Hadid Gives Jimmy the Only Men's Pair of Her EyeLoveMore Mules"},{"trending_days":1,"video_id":"ZpS-w6BxN-U","video_title":"Search Party with Tim McGraw and Faith Hill"},{"trending_days":4,"video_id":"tr7I4vokl78","video_title":"Justin Verlander and Kate Upton Missed Their Wedding Because of the World Series"},{"trending_days":1,"video_id":"89PKbJ2NAqc","video_title":"Maroon 5 Busks in NYC Subway in Disguise"},{"trending_days":1,"video_id":"9VH4yQrU_SY","video_title":"Denzel Washington Wonders Where Exactly Drake Tattooed His Face"},{"trending_days":4,"video_id":"kn4kBibdlWA","video_title":"Stand-Up Battle with Jerry Seinfeld"},{"trending_days":2,"video_id":"4FgV0yBZG6E","video_title":"Star Wars Whisper Challenge with Daisy Ridley"},{"trending_days":5,"video_id":"Fh3zmz7Ravw","video_title":"John Boyega Shows Off His Best Michael Jackson Dance Moves"},{"trending_days":1,"video_id":"2v34qDKvLqM","video_title":"Claire Foy Was Treated Better When She Was a Blonde"},{"trending_days":1,"video_id":"7Nv1KoqM6vc","video_title":"Kate McKinnon Shows Off Her Gal Gadot Impression"},{"trending_days":1,"video_id":"48pP0WFjuOE","video_title":"Mad Lib Theater with John Cena"},{"trending_days":1,"video_id":"hjZJaf6FbOw","video_title":"Cooler Heads with James Franco"},{"trending_days":3,"video_id":"Ub53c95Soqk","video_title":"Hugh Jackman Celebrates Hot Christmas in Australia"},{"trending_days":1,"video_id":"xNvlaa5-vtI","video_title":"Zendaya's Lip Sync Battle Impersonation Caught Bruno Mars' Attention"},{"trending_days":1,"video_id":"tUBLW5bCqfM","video_title":"Peanuts (Riverdale Parody)"},{"trending_days":1,"video_id":"NeH_wFJ8lZc","video_title":"Alison Brie's GLOW Co-Stars Freaked Out Over Her Golden Globe Nomination"},{"trending_days":1,"video_id":"GIRJck1pVRA","video_title":"Florida Man Stole Kevin Hart's Attention at the NYC Marathon"},{"trending_days":2,"video_id":"EajOkkJ80uc","video_title":"Ruby Rose Bought Her Mom a Giant Killer Pig"},{"trending_days":1,"video_id":"KMTJrFPie6w","video_title":"Jimmy Fallon, Anna Kendrick, Darlene Love & The Roots Sing Christmas (Classroom Instruments)"},{"trending_days":1,"video_id":"azVAxbETWmk","video_title":"Anna Kendrick Does Her Impression of Kristen Stewart Talking About Pitch Perfect 3"},{"trending_days":3,"video_id":"8LPVjHxXvJM","video_title":"Jimmy Interviews Cardi B"},{"trending_days":12,"video_id":"V_jU_ssWvc4","video_title":"Anderson Cooper and Andy Cohen Met on a Failed Blind Date"},{"trending_days":1,"video_id":"mRo6MnXObuE","video_title":"Camila Cabello Debuts Never Be the Same"},{"trending_days":4,"video_id":"czBa9nbvGNA","video_title":"Charades with Gal Gadot and Patty Jenkins"},{"trending_days":1,"video_id":"aPrpWFl2eik","video_title":"Password with Lily Tomlin, Jane Fonda and Cole Sprouse"},{"trending_days":1,"video_id":"tUg-WLRdRv0","video_title":"Jinx Challenge with Chris Hemsworth"},{"trending_days":1,"video_id":"P6K9Y6FWo74","video_title":"Jimmy Fallon, Camila Cabello and The Roots Sing Havana (Classroom Instruments)"},{"trending_days":1,"video_id":"EOmcGbXsRM8","video_title":"Jessica Chastain Shows Jimmy What It's Like to Play the Female Role"},{"trending_days":3,"video_id":"aHuIyhO7dtw","video_title":"Dakota Fanning's Mom Hid Six Months' Worth of Notes in Her Luggage"},{"trending_days":1,"video_id":"NkgW3SLLZgU","video_title":"Jason Momoa Struggled to Book Gigs After Game of Thrones"},{"trending_days":1,"video_id":"txHbh2PAeV4","video_title":"A-Rod Has Hitting Contest with 22-Month-Old Baseball Prodigy"},{"trending_days":1,"video_id":"efve8-mhdVg","video_title":"Meghan Trainor Left The Four Set Crying After an Intense Run-In with Diddy"},{"trending_days":1,"video_id":"MjSZs_uOWxg","video_title":"Peter and His Heckler - Don't Stop Believin' (with Will Ferrell)"},{"trending_days":3,"video_id":"fAWQ7qPsS3Y","video_title":"Chelsea Handler Took a Break from News and Twitter to Campaign for Women in Politics"},{"trending_days":2,"video_id":"tPtMP_NAMz0","video_title":"Think Fast! with Dakota Johnson"},{"trending_days":1,"video_id":"FPHrWxxw9Is","video_title":"Rita Ora Dined and Dabbed in Kensington Palace with Prince Harry"},{"trending_days":3,"video_id":"SDGHRQyZKes","video_title":"Sam Smith Will Only Do Karaoke to Fifth Harmony"},{"trending_days":2,"video_id":"nE_TyW-7F4Q","video_title":"Justin Timberlake on His Super Bowl Halftime Show and Prince Tribute"},{"trending_days":2,"video_id":"pgkaAzDMEYA","video_title":"Mad Lib Theater with Sarah Jessica Parker"},{"trending_days":1,"video_id":"ETabBP9tUD4","video_title":"Catchphrase with Andrew Garfield and Rachel Brosnahan"},{"trending_days":10,"video_id":"af6L1jBZGYA","video_title":"Jimmy Fallon and Paul Rudd Recreate King of Wishful Thinking Music Video"},{"trending_days":1,"video_id":"Ox-DSihhpBM","video_title":"Chloe Kim Photobombs Fans and Finds Out She Made the Cover of Kellogg's Corn Flakes"},{"trending_days":4,"video_id":"133w0dT64A0","video_title":"Jimmy Fallon Does Special Five-Minute Homemade Tonight Show on Cardboard Set"},{"trending_days":1,"video_id":"yzJtC835sio","video_title":"Google Translate Songs with Kelly Clarkson"},{"trending_days":2,"video_id":"expKmfdoo28","video_title":"Chadwick Boseman Surprises Black Panther Fans While They Thank Him"},{"trending_days":1,"video_id":"PdWe5ULGy_s","video_title":"Singing Whisper Challenge with Alicia Keys"},{"trending_days":1,"video_id":"0-yiRIWkhLo","video_title":"Lin-Manuel Miranda, Weird Al and Jimmy Lip Sync The Hamilton Polka"},{"trending_days":3,"video_id":"Qx54quy9tDQ","video_title":"Macaulay Culkin Responds to Home Alone Conspiracy Theories"},{"trending_days":1,"video_id":"IJlXXvSFyUU","video_title":"John Oliver Worked the Phones at a Place that Sold Stolen Goods"},{"trending_days":8,"video_id":"aGl-1nwahCA","video_title":"Ew! with John Cena"},{"trending_days":1,"video_id":"ebHbB2eDz1g","video_title":"Alicia Vikander Teaches Jimmy a New Swedish Game"},{"trending_days":4,"video_id":"bwlEaGiO9Zw","video_title":"Charades with Aaron Paul and Karlie Kloss"},{"trending_days":2,"video_id":"XKrV_JqZX1Q","video_title":"Name That Song Challenge with Blake Shelton"},{"trending_days":12,"video_id":"kD-_iyS95AQ","video_title":"History of TV Theme Songs with Will Smith"},{"trending_days":2,"video_id":"54z8jWNM0bE","video_title":"London Customs Agent Couldn't Believe John Krasinski Is Married to Emily Blunt"},{"trending_days":1,"video_id":"yko-YmuDm7E","video_title":"Hashtags: #MyWeirdRoommate"},{"trending_days":2,"video_id":"wA6_Z2X-ut8","video_title":"Mad Lib Theater with Kerry Washington"},{"trending_days":3,"video_id":"04aPsalAZQI","video_title":"Tinashe ft. Offset: No Drama"},{"trending_days":1,"video_id":"lq0WUudJiSM","video_title":"Offset & Metro Boomin Perform Ric Flair Drip with the Real Ric Flair"},{"trending_days":1,"video_id":"A9R5tJPbcKI","video_title":"Wheel of Freestyle with Black Panther's Letitia Wright"},{"trending_days":6,"video_id":"lHNmUUi6LzM","video_title":"Tina Fey Addresses 30 Rock Reboot Rumors"},{"trending_days":6,"video_id":"L3ymBk6Vb04","video_title":"Avengers: Infinity War Cast Sings The Marvel Bunch"},{"trending_days":1,"video_id":"NaY91YjVbEM","video_title":"Musical Genre Challenge with Ariana Grande"},{"trending_days":8,"video_id":"j1v2A5pyGlY","video_title":"Robert Irwin and Jimmy Feed Baby Pygmy Goats"},{"trending_days":4,"video_id":"R9YYmoJjBxI","video_title":"Fast Dance-Off with Jennifer Lopez"},{"trending_days":1,"video_id":"m6lY1GXTu5M","video_title":"Ariana Grande, Jimmy & The Roots Sing No Tears Left to Cry w/ Nintendo Labo Instruments"},{"trending_days":3,"video_id":"2c9fXDI2EYE","video_title":"Avengers' Josh Brolin Tries Out Different Voices for Thanos"},{"trending_days":3,"video_id":"e9NOwaiXqqA","video_title":"What's Behind Me? with Tina Fey"},{"trending_days":1,"video_id":"00mdcc9o28A","video_title":"Emilia Clarke Shows Off Her Embarrassing Wookiee Impression"},{"trending_days":1,"video_id":"kATuE1S5qk0","video_title":"Drew Barrymore Confronted Sarah Paulson About Her Impression"},{"trending_days":21,"video_id":"amtC28yfYCM","video_title":"Mindy Kaling Is Mad She Wasn't Invited to the Royal Wedding"}]}
{"channel_name":"Vox","total_trending_days":193,"video_days":[{"trending_days":2,"video_id":"TUmyygCMMGA","video_title":"Why the rise of the robots won’t mean the end of work"},{"trending_days":1,"video_id":"_BVAJ3PXZ1k","video_title":"The all-American fruit you've probably never heard of"},{"trending_days":1,"video_id":"lJFqvRwOiis","video_title":"Walking while black"},{"trending_days":1,"video_id":"5HOijUtExiM","video_title":"The environmental cost of free two-day shipping"},{"trending_days":2,"video_id":"60nDlMw5vFQ","video_title":"The military coup in Zimbabwe, explained"},{"trending_days":6,"video_id":"G_UHknhNbAQ","video_title":"How job surveillance is transforming trucking in America"},{"trending_days":1,"video_id":"VUbsFtLkGN8","video_title":"Road signs suck. What if we got rid of them all?"},{"trending_days":2,"video_id":"lOT0GOyw2pY","video_title":"The robot-proof job men aren't taking"},{"trending_days":2,"video_id":"WeyLEe1T0yo","video_title":"Why cities are full of uncomfortable benches"},{"trending_days":1,"video_id":"tNla9nyRMmQ","video_title":"The real reason American health care is so expensive"},{"trending_days":2,"video_id":"Mqaobr6w6_I","video_title":"How Technicolor changed movies"},{"trending_days":3,"video_id":"a-4_6bThk2E","video_title":"The rise of bad jobs, explained"},{"trending_days":1,"video_id":"IfYRzxeMdGs","video_title":"The US medical system is still haunted by slavery"},{"trending_days":4,"video_id":"EZSCtgfmEO0","video_title":"NASA's plan to save Earth from a giant asteroid"},{"trending_days":3,"video_id":"nUnJQWO4YJY","video_title":"The diet that helps fight climate change"},{"trending_days":3,"video_id":"-W6v2_0evUU","video_title":"Why this elbow is a TIME person of the year"},{"trending_days":1,"video_id":"HqXKEgTYZBQ","video_title":"How the end of net neutrality could change the internet"},{"trending_days":1,"video_id":"IJKjMIU55pE","video_title":"How smart is today's artificial intelligence?"},{"trending_days":1,"video_id":"rf3iHqE240I","video_title":"Where babies in movies come from"},{"trending_days":1,"video_id":"_v-hzc6blGI","video_title":"How Trump makes extreme things look normal"},{"trending_days":6,"video_id":"Eyh1_XGHAnQ","video_title":"Why Jerusalem can make or break peace between Israelis and Palestinians"},{"trending_days":2,"video_id":"l2StCpw8z-s","video_title":"How this military explosive is poisoning American soil"},{"trending_days":4,"video_id":"O6BODAJVYc8","video_title":"2017, in 7 minutes"},{"trending_days":3,"video_id":"5qx2WFpNTPs","video_title":"Takeout creates a lot of trash. It doesn't have to."},{"trending_days":3,"video_id":"WKfVxoPO_Qc","video_title":"Iran's massive protests, explained in 4 minutes"},{"trending_days":3,"video_id":"XspEs1x9cPU","video_title":"The real reason Amelia Earhart is so famous"},{"trending_days":1,"video_id":"48SbgzxKW-E","video_title":"The new US tax law, explained with cereal"},{"trending_days":6,"video_id":"_Ch5ClOB9AE","video_title":"The chocolate science hype machine"},{"trending_days":7,"video_id":"kfPNxNIDHrA","video_title":"It's not you. Commuting is bad for your health."},{"trending_days":6,"video_id":"tfNzMKvoVOU","video_title":"The problem with online charter schools"},{"trending_days":5,"video_id":"e22yH5hUQ_A","video_title":"Why do taxpayers pay billions for football stadiums?"},{"trending_days":3,"video_id":"7rOQv_6L9fQ","video_title":"Why the triple axel is such a big deal"},{"trending_days":6,"video_id":"VA_P3p7MI98","video_title":"How figure skaters choose their music, explained with Adam Rippon"},{"trending_days":4,"video_id":"T2LAd43JoP4","video_title":"Why Black Panther’s box office success matters"},{"trending_days":2,"video_id":"NUMa0QkPzns","video_title":"It’s not you. Phones are designed to be addicting."},{"trending_days":3,"video_id":"zDbq7y20wpw","video_title":"Why ships used this camouflage in World War I"},{"trending_days":13,"video_id":"TM42O6kYbI8","video_title":"Why the Oscars love method actors"},{"trending_days":1,"video_id":"xgtLKeCkCiw","video_title":"The ketogenic diet, explained"},{"trending_days":11,"video_id":"b33PN2NB2Do","video_title":"The guide book that helped black Americans travel during segregation"},{"trending_days":1,"video_id":"6XxA-4Jp7AU","video_title":"Why female condoms are so hard to find"},{"trending_days":10,"video_id":"rYcnh7hXOjE","video_title":"Why old buildings use the same leaf design"},{"trending_days":10,"video_id":"tfREC-AkX20","video_title":"Why black Americans are getting less sleep"},{"trending_days":10,"video_id":"-3h4Xt9No9o","video_title":"Why Atlantic fish are invading the Arctic"},{"trending_days":2,"video_id":"YYLzss58CLs","video_title":"The 'duck curve' is solar energy's greatest challenge"},{"trending_days":13,"video_id":"E21NATEP9QI","video_title":"Why Stradivarius violins are worth millions"},{"trending_days":13,"video_id":"LzuDyq0-1LM","video_title":"Why it's not a British royal wedding without fancy hats"},{"trending_days":6,"video_id":"Nd3zqXro_P0","video_title":"Why 350°F is the magic number for baking"}]}
{"channel_name":"TheEllenShow","total_trending_days":193,"video_days":[{"trending_days":1,"video_id":"yuBqWcSKrCk","video_title":"Owen Wilson on Meeting Julia Roberts, and Tandem Biking"},{"trending_days":1,"video_id":"Z3OZyb2iWqQ","video_title":"Colin Farrell Dishes on Rendezvous with Girlfriend"},{"trending_days":1,"video_id":"8hKbIhrb1WU","video_title":"Kim Kardashian Lets Gender of Third Child Slip"},{"trending_days":1,"video_id":"eDelIZDzmwQ","video_title":"Blake Shelton Is Milking His Title of Sexiest Man Alive"},{"trending_days":4,"video_id":"mNhxFzR25Rs","video_title":"Lin-Manuel Miranda and Macey Hensley Face Off in Historical Trivia"},{"trending_days":1,"video_id":"6NAISxSPVSQ","video_title":"Sofia Vergara Wants to See Ellen in Her Underwear"},{"trending_days":5,"video_id":"CKPMAICRYuw","video_title":"Ellen Surprises the Audience with Channing Tatum During 12 Days!"},{"trending_days":1,"video_id":"IOuFE-6Awos","video_title":"Ellen Makes 'Friends' with BTS!"},{"trending_days":1,"video_id":"jtVz0qxQM_U","video_title":"BTS Fans Get the Surprise of a Lifetime"},{"trending_days":1,"video_id":"F0rXPrnC_Ps","video_title":"Armie Hammer and Timothée Chalamet Talk Passionate First Rehearsal"},{"trending_days":1,"video_id":"we2XODhx-CM","video_title":"Chelsea Handler Questions Whether She's Cut Out for a Relationship"},{"trending_days":3,"video_id":"OZqsFkJpvj0","video_title":"Ed Sheeran on His Girlfriend and Working with Beyoncé"},{"trending_days":1,"video_id":"JgByDCdtNE8","video_title":"Tiffany Haddish Details Her Dinners with Barbra Streisand & Taylor Swift"},{"trending_days":2,"video_id":"AtbyHpFeVDI","video_title":"Chris Pratt & Bryce Dallas Howard's Kids Are BFFs"},{"trending_days":1,"video_id":"9U9N7U2XdcI","video_title":"It's Day 12 of Ellen's 12 Days of Giveaways! Allison Janney Gets Dramatic with Ellen"},{"trending_days":3,"video_id":"bye513KciIk","video_title":"Gwen Stefani Talks Moving in with Blake Shelton"},{"trending_days":1,"video_id":"8dsf7S5GO1U","video_title":"Jennifer Hudson Is Christmas' Biggest Fan"},{"trending_days":1,"video_id":"ZnQGzfrEpsc","video_title":"Dwayne Johnson Has Exciting Baby News!"},{"trending_days":1,"video_id":"s1yurGsRM_s","video_title":"Anna Camp Takes the Bra Off Her Back for Anna Kendrick"},{"trending_days":7,"video_id":"h_67XloYXTc","video_title":"Will Smith Watched His Sons Jump Out of an Airplane"},{"trending_days":1,"video_id":"3GUYMZXyf9Y","video_title":"Ellen Cooks Up a Huge Surprise for Food Critic Kalen Allen!"},{"trending_days":1,"video_id":"n11raFYFfm4","video_title":"'The Four' Cast Plays 'Never Have I Ever'"},{"trending_days":5,"video_id":"lsyXtbi9znw","video_title":"Everything Ellen Knows About #DeepState and Eric Trump"},{"trending_days":1,"video_id":"t4NRe5NI5Gc","video_title":"Dame Helen Mirren Finds Out She's Only 72 Years Old"},{"trending_days":4,"video_id":"mQdBJGlnQYs","video_title":"Ellen Pays Tribute to Her Late Father"},{"trending_days":1,"video_id":"Djw1PmpZt9w","video_title":"Penelope Cruz Tries to Teach Ellen Spanish"},{"trending_days":1,"video_id":"LSDCUIn33G4","video_title":"Sarah Jessica Parker Wants Ellen to Play Samantha in the 'Sex and the City' Movie"},{"trending_days":7,"video_id":"QVoleJYgdM8","video_title":"Saoirse Ronan Plays 'Who'd You Rather?'"},{"trending_days":5,"video_id":"gNG0GiSrwas","video_title":"Momsplaining with Kristen Bell #KidsPartyGoals, Ep. 2"},{"trending_days":1,"video_id":"-0NYY8cqdiQ","video_title":"Megan Mullally Didn't Notice the Interesting Pattern with Ellen's Roommates"},{"trending_days":1,"video_id":"yc0kcGgg3o0","video_title":"Michelle Obama Talks with Birthday Girl Ellen About Post-White House Life"},{"trending_days":3,"video_id":"ipWfcK1HVdA","video_title":"Jennifer Aniston Drops By to Wish Ellen a Happy Birthday in Person!"},{"trending_days":2,"video_id":"BubFE0CYMYg","video_title":"Melissa McCarthy's New Dogs Are Pretty, But Not That Smart"},{"trending_days":1,"video_id":"vNfkwsj8RpQ","video_title":"Milo Ventimiglia Defends the Crock-Pot"},{"trending_days":1,"video_id":"wKbFHK05Jks","video_title":"Amy Schumer Debuts Her New Film ‘I Feel Pretty’"},{"trending_days":7,"video_id":"-YRlVB6Qgug","video_title":"Momsplaining with Kristen Bell #ProductReviews with Ryan Hansen, Ep. 5"},{"trending_days":1,"video_id":"P2kfIRZtTOI","video_title":"'Momsplaining with Kristen Bell' #SparkJoy with Marie Kondo, Ep. 6"},{"trending_days":3,"video_id":"bPNi_492aEQ","video_title":"Can Ellen Get Steph & Ayesha Curry to Reveal Their Baby's Gender?"},{"trending_days":1,"video_id":"UYZ1WjJI1NM","video_title":"Diane Keaton Has Her Eyes on Chris Martin"},{"trending_days":1,"video_id":"ad_higXixRA","video_title":"Billionaire Bill Gates Guesses Grocery Store Prices"},{"trending_days":1,"video_id":"jr8L_hJcCM4","video_title":"Oprah Shocks Superfan Tiffany Haddish"},{"trending_days":5,"video_id":"Ob48twC1yf8","video_title":"Parkland Shooting Survivors on the 'March for Our Lives'"},{"trending_days":2,"video_id":"MHEYapANYk4","video_title":"Even the 'Scandal' Cast Doesn't Know How the Show Will End"},{"trending_days":12,"video_id":"GbrueARGMhE","video_title":"Olympian Adam Rippon Has Been Sleeping on Shawn Mendes"},{"trending_days":1,"video_id":"5SkwvwSydmk","video_title":"Sean Hayes and Ellen Have a 'Battle of the Gays'"},{"trending_days":1,"video_id":"98ixGAcR1T4","video_title":"Ellen Unveils Identity of Kim Kardashian's Surrogate"},{"trending_days":1,"video_id":"ckS1F3mJzb0","video_title":"Kendall Jenner Doesn't Have Baby Fever"},{"trending_days":4,"video_id":"KKD9DLbRak8","video_title":"Jennifer Garner Doesn't Understand Her Oscars Meme Face Either"},{"trending_days":1,"video_id":"43hsIO_Jxtg","video_title":"Tessa Virtue & Scott Moir Are 'Definitely Not Dating'"},{"trending_days":1,"video_id":"jYwgqUUx_7s","video_title":"Mila Kunis & Kate McKinnon Play 'Speak Out'"},{"trending_days":8,"video_id":"4csQhMHvQWk","video_title":"John Cena Gets a Prom Surprise"},{"trending_days":3,"video_id":"f3mOQCjL10g","video_title":"Ellen Scrolls Through Fans' Instagram Accounts"},{"trending_days":2,"video_id":"-wuvYC0x5lc","video_title":"Dwayne Johnson Wants to Marry Frances McDormand"},{"trending_days":2,"video_id":"MKc22HuE_94","video_title":"Ellen Looks Back at Her Favorite Pranks"},{"trending_days":4,"video_id":"dLRMA_lWsDY","video_title":"Mom of Two Ali Wong Has Suffered Enough"},{"trending_days":1,"video_id":"J-7FkW1Cuic","video_title":"Steve Harvey Dishes on the Kardashian/West 'Family Feud' Episode"},{"trending_days":2,"video_id":"bWNMZYe6bzw","video_title":"Amy Schumer Celebrated Her Engagement at Ellen's Birthday Party"},{"trending_days":3,"video_id":"KiBS-dbv_x0","video_title":"Cardi B Showed Ellen How She Got Pregnant"},{"trending_days":4,"video_id":"yc-iu4MjK1g","video_title":"Macaulay Culkin Reflects on the Most '90s Photo You've Ever Seen"},{"trending_days":1,"video_id":"_wrEYqdTf98","video_title":"Macaulay Culkin Won't Recreate His 'Home Alone' Face"},{"trending_days":2,"video_id":"5JYqTSSH6IA","video_title":"Benedict Cumberbatch Gets a Scare from 'Iron Man'"},{"trending_days":1,"video_id":"2QMjAiy_2t8","video_title":"Kanye West Played 'Connect 4' During His Daughter's Delivery"},{"trending_days":3,"video_id":"23ILq4uxd-w","video_title":"*NSYNC Plays 'Never Have I Ever'"},{"trending_days":7,"video_id":"efNXlVeeLIw","video_title":"Waffle House Hero James Shaw Jr. Meets His NBA Idol Dwyane Wade"},{"trending_days":3,"video_id":"IB8_pdzWy6Q","video_title":"Ellen Sets Up an Unforgettable Promposal for Two Best Friends"},{"trending_days":3,"video_id":"1RZYOeQeIXE","video_title":"Sarah Paulson Gets Scared During '5 Second Rule'"},{"trending_days":3,"video_id":"THCVReSmm90","video_title":"Portia de Rossi on Why She Quit Acting"},{"trending_days":4,"video_id":"Dv4Ph97jv44","video_title":"tWitch Surprises a High School Senior for His Prom"},{"trending_days":1,"video_id":"3SqtO2VXsPI","video_title":"Mark Wahlberg Takes the Audience by Surprise"},{"trending_days":1,"video_id":"a7JQzSn8Ptg","video_title":"Ashton Kutcher Shocks Ellen with Huge Donation"},{"trending_days":5,"video_id":"9sRQQRiltrE","video_title":"BTS Get Scared by a Fangirl"},{"trending_days":6,"video_id":"ZAzk_L70t1s","video_title":"Sean Hayes Kicks Off the Show with an Amazing Dance"},{"trending_days":6,"video_id":"-0CMnp02rNY","video_title":"Mindy Kaling's Daughter Had the Perfect Reaction to Entering Oprah's House"},{"trending_days":3,"video_id":"hKNRieaN0ZI","video_title":"Shaq's Babysitting Gig Led to His Google Riches"}]}
{"channel_name":"Netflix","total_trending_days":193,"video_days":[{"trending_days":1,"video_id":"zy0b9e40tK8","video_title":"Dark | Official Trailer [HD] | Netflix"},{"trending_days":5,"video_id":"tG4Fbj1B1bY","video_title":"A Christmas Prince | Official Trailer [HD] | Netflix"},{"trending_days":3,"video_id":"Yq4_YocuVeg","video_title":"The Crown - Season 2 | Trailer: Philip [HD] | Netflix"},{"trending_days":2,"video_id":"yef_HfQoBd8","video_title":"Black Mirror - Arkangel | Official Trailer [HD] | Netflix"},{"trending_days":2,"video_id":"d-NCySETRIc","video_title":"Black Mirror - Crocodile | Official Trailer [HD] | Netflix"},{"trending_days":1,"video_id":"d7E3F0Vt2rE","video_title":"She's Gotta Have It | My Name Isn't | Netflix"},{"trending_days":1,"video_id":"CV0J3Bq3BIc","video_title":"Black Mirror - Black Museum | Official Trailer [HD] | Netflix"},{"trending_days":2,"video_id":"e5N_Tq1EtRQ","video_title":"Black Mirror - Hang the DJ | Official Trailer [HD] | Netflix"},{"trending_days":2,"video_id":"xejjA2AFO5I","video_title":"Black Mirror - Metalhead | Official Trailer [HD] | Netflix"},{"trending_days":1,"video_id":"qgTtyfgzGc0","video_title":"Black Mirror - U.S.S. Callister | Official Trailer [HD] | Netflix"},{"trending_days":3,"video_id":"5ELQ6u_5YYM","video_title":"Black Mirror - Season 4 | Official Trailer [HD] | Netflix"},{"trending_days":2,"video_id":"QK_iX5cPDhE","video_title":"Marvel's Jessica Jones | Date Announcement: She's Back [HD] | Netflix"},{"trending_days":2,"video_id":"5beh5ztM0K8","video_title":"Fuller House - Season 3B | Official Trailer [HD] | Netflix"},{"trending_days":2,"video_id":"K4STcvndzbE","video_title":"Christmas Inheritance | Official Trailer [HD] | Netflix"},{"trending_days":4,"video_id":"ZWGh7si0Y50","video_title":"The Polka King | Official Trailer [HD] | Netflix"},{"trending_days":1,"video_id":"MJGkm0UwNRk","video_title":"Narcos - Season 4 | Teaser [HD] I Netflix"},{"trending_days":1,"video_id":"DKMC6HViGTM","video_title":"Grace and Frankie - Season 4 | Official Trailer [HD] | Netflix"},{"trending_days":7,"video_id":"olf9d8JvrA8","video_title":"Seven Seconds I Teaser [HD] I Netflix"},{"trending_days":4,"video_id":"tMSu3Gyz1jU","video_title":"The Open House | Official Trailer [HD] | Netflix"},{"trending_days":2,"video_id":"vbiiik_T3Bo","video_title":"The End of the F**king World | Official Trailer [HD] | Netflix"},{"trending_days":2,"video_id":"WoFqmF9GHWg","video_title":"Bright | Leaked Orc Auditions Confirm Sequel Rumors | Netflix"},{"trending_days":4,"video_id":"ctBVhyZxXYY","video_title":"My Next Guest Needs No Introduction With David Letterman | Trailer [HD] | Netflix"},{"trending_days":1,"video_id":"-a12nTEcoqE","video_title":"Clip: Why President Obama stays in the pocket with his dad moves [HD] | Netflix"},{"trending_days":2,"video_id":"UPFo1B81hKM","video_title":"Black Mirror | Featurette: Season 4 | Netflix"},{"trending_days":1,"video_id":"SC8Eg0odTfY","video_title":"Seeing Allred | Official Trailer [HD] | Netflix"},{"trending_days":1,"video_id":"HuG2uAWVlP4","video_title":"Everything Sucks! | Date Announcement [HD] | Netflix"},{"trending_days":7,"video_id":"GZMrivD2Aok","video_title":"Queer Eye | Official Trailer [HD] | Netflix"},{"trending_days":3,"video_id":"8gcUmiOlM1M","video_title":"Seven Seconds | Official Trailer [HD] | Netflix"},{"trending_days":2,"video_id":"Vfugwq2uoa0","video_title":"The Ritual | Official Trailer [HD] | Netflix"},{"trending_days":3,"video_id":"d2sJNee7FQ4","video_title":"When We First Met | Official Trailer [HD] | Netflix"},{"trending_days":1,"video_id":"8vl82FssW5k","video_title":"The Moment George Clooney Met Amal | My Next Guest Needs No Introduction | Netflix"},{"trending_days":2,"video_id":"LKnQVCCX8vU","video_title":"Irreplaceable You | Official Trailer [HD] | Netflix"},{"trending_days":2,"video_id":"8brYvhEg5Aw","video_title":"THE CLOVERFIELD PARADOX | WATCH NOW | NETFLIX"},{"trending_days":1,"video_id":"hf_YjzEvYeQ","video_title":"Everything Sucks! | Official Trailer [HD] | Netflix"},{"trending_days":6,"video_id":"hSvnepZS26s","video_title":"Marvel’s Jessica Jones - Season 2 | Official Trailer [HD] | Netflix"},{"trending_days":7,"video_id":"psbdT3kS8mY","video_title":"A Series Of Unfortunate Events - Season 2 | Official Teaser [HD] | Netflix"},{"trending_days":1,"video_id":"doFpACkiZ2Q","video_title":"Derren Brown: The Push I Official Trailer [HD] I Netflix"},{"trending_days":1,"video_id":"I5X3vC-XsU0","video_title":"Lost in Space | Date Announcement [HD] | Netflix"},{"trending_days":6,"video_id":"QNNcl2mEHzQ","video_title":"The Outsider | Official Trailer [HD] | Netflix"},{"trending_days":1,"video_id":"vc0fb3xhFHY","video_title":"The Week Of | Official Trailer [HD] | Netflix"},{"trending_days":4,"video_id":"pb7CBZ952zs","video_title":"Nailed It I Trailer [HD] I Netflix"},{"trending_days":14,"video_id":"fzmM0AB60QQ","video_title":"Lost in Space | Official Trailer [HD] | Netflix"},{"trending_days":4,"video_id":"NZxVghfY6dk","video_title":"Troy: Fall Of A City | Official Trailer [HD] | Netflix"},{"trending_days":4,"video_id":"g3IvVejktJE","video_title":"Kodachrome | Official Trailer [HD] | Netflix"},{"trending_days":9,"video_id":"42FRgdjveGU","video_title":"Netflix Acquires Seth Rogen"},{"trending_days":2,"video_id":"wwVOmTImfLA","video_title":"GLOW - Maniac | Season 2 Date Announcement [HD] | Netflix"},{"trending_days":6,"video_id":"KxywNVLAf5o","video_title":"Safe Season 1 | Trailer [HD] | Netflix"},{"trending_days":3,"video_id":"94k6kEVGZzg","video_title":"Stranger Things 3 | Now In Production | Netflix"},{"trending_days":2,"video_id":"O92pekaban8","video_title":"13 Reasons Why: Season 2 | Date Announcement [HD] | Netflix"},{"trending_days":6,"video_id":"7bfS6seiLhk","video_title":"The Kissing Booth | Official Trailer [HD] | Netflix"},{"trending_days":2,"video_id":"gXg2_yExgVY","video_title":"Arrested Development - Season 5 | Official Trailer [HD] | Netflix"},{"trending_days":5,"video_id":"0XuOkYlUWIs","video_title":"13 Reasons Why: Season 2 | Official Trailer [HD] | Netflix"},{"trending_days":4,"video_id":"X-eRc9PF3TU","video_title":"Set It Up | Official Trailer [HD] | Netflix"},{"trending_days":7,"video_id":"YMdo_0H1thU","video_title":"Unbreakable Kimmy Schmidt: Season 4 | Official Trailer [HD] | Netflix"},{"trending_days":3,"video_id":"8uArRFr7_YY","video_title":"The Break with Michelle Wolf | Featuring a Strong Female Lead | Netflix"},{"trending_days":3,"video_id":"ZAD3JJvMWjA","video_title":"The Kissing Booth Cast Kisses A Hairless Cat & Other Weird Stuff | Kiss & Tell | Netflix"},{"trending_days":7,"video_id":"-VgOGzBcMIg","video_title":"Queer Eye | Theme Song (All Things) Feat. Betty Who | Netflix"},{"trending_days":6,"video_id":"97Gh0LRdKu4","video_title":"Queer Eye: Season 2 | Trailer [HD] | Netflix"}]}
{"channel_name":"The Late Show with Stephen Colbert","total_trending_days":187,"video_days":[{"trending_days":2,"video_id":"Rq9-mW6HgQE","video_title":"Sean Astin Knew Nothing About 'Lord Of The Rings' Once Upon A Time"},{"trending_days":1,"video_id":"vKbyfdJXoDg","video_title":"Jordan Peele Crashed A 'Get Out' College Course"},{"trending_days":5,"video_id":"eOQpjvnm4ME","video_title":"The Bipartisan Pastime Of Harassing Women"},{"trending_days":7,"video_id":"TSW9cla5bmw","video_title":"Daveed Diggs Doesn't Always Cry At Movies, Just His Own"},{"trending_days":1,"video_id":"k_aT3jAK_QU","video_title":"Justin Timberlake And Stephen Harmonize The National Anthem"},{"trending_days":4,"video_id":"gob0unzEdRw","video_title":"Melania Trump Is Dreaming Of A Dark Christmas"},{"trending_days":1,"video_id":"YvcIeSfaB3c","video_title":"Billy Bush Believes The Women Accusing Trump Of Sexual Assault"},{"trending_days":2,"video_id":"Bf22Vq5phKo","video_title":"Saoirse Ronan Knows Why You Love 'Lady Bird'"},{"trending_days":1,"video_id":"bPj2fbz0ZgA","video_title":"Sarah Paulson Has Twitchy Eye From 2017"},{"trending_days":3,"video_id":"00nmxR1mxIA","video_title":"Lost 'Star Wars' Footage Of Luke Skywalker At The Cantina"},{"trending_days":1,"video_id":"2GrKY7Qqal8","video_title":"Matt Damon Explains Why 'Good Will Hunting' Has So Much Cursing"},{"trending_days":1,"video_id":"Oy9R-z7YTRc","video_title":"Tom Hanks And Stephen Argue Christmas Tree Technique"},{"trending_days":1,"video_id":"BHuH-vySEMA","video_title":"The Late Show 'Rescue Dog Rescue' With Nick Jonas"},{"trending_days":1,"video_id":"Wpr2WvQn-kg","video_title":"Adam Driver And Stephen Act Out A 'Star Wars' Scene Using Dolls"},{"trending_days":6,"video_id":"Dc6ZDo9ViNA","video_title":"Clarice Probes Hannibal Lecter About Trump's Russia Ties"},{"trending_days":1,"video_id":"JBw1nwYJESc","video_title":"Anderson Cooper Walked Out Of The New 'Star Wars' Movie"},{"trending_days":3,"video_id":"bzuXvmsufoM","video_title":"America Ferrera's Busy 2018: Pregnancy And The 'Time's Up' Movement"},{"trending_days":2,"video_id":"TgA2y-Bgi3c","video_title":"The Mystery That Keeps Neil deGrasse Tyson Up At Night"},{"trending_days":6,"video_id":"Jiia2IcFwqk","video_title":"Sarah Jessica Parker Finally Gets Asked To Prom"},{"trending_days":1,"video_id":"wd_JwfXgFHk","video_title":"Daniel Kaluuya: 'Get Out' Shows How White People Say Weird Stuff"},{"trending_days":1,"video_id":"TXWkTc5_G4E","video_title":"Ricky Gervais: Hosting The 2018 Golden Globes Would've Ended My Career"},{"trending_days":4,"video_id":"YyGq2vjv7Qs","video_title":"Sharon Stone Is Proof That Women Can Play Roles Written For Men"},{"trending_days":2,"video_id":"AKmlFyQaiXo","video_title":"Corden On Trump: I Spanked Him"},{"trending_days":1,"video_id":"zq0T7ye-Pn4","video_title":"RuPaul And Stephen Share A Secret Language"},{"trending_days":5,"video_id":"q11UD-6XT-8","video_title":"Stephen's Covetton House Meets Gwyneth Paltrow's Goop"},{"trending_days":1,"video_id":"Tz5L-rNWZBs","video_title":"Stephen Goes Live After Trump's State Of The Union"},{"trending_days":5,"video_id":"EsaHiIdsKpE","video_title":"Melania Trump Gives Her Own State Of The Union"},{"trending_days":2,"video_id":"d6mBbyb-vIA","video_title":"Claire Danes And The 'Homeland' Cast Have 'Spy Camp'"},{"trending_days":1,"video_id":"Huab6p5HW0E","video_title":"John Oliver Warns Meghan Markle What She's Getting Herself Into"},{"trending_days":1,"video_id":"nlHkUuWxDks","video_title":"Yara Shahidi Is Turning 18 And Having A 'Voting Party'"},{"trending_days":4,"video_id":"T9NzhjcPsQQ","video_title":"Liam Neeson's Cupid Audition"},{"trending_days":7,"video_id":"Zb1ShTFP198","video_title":"Donald Trump's Valentine's Day Card To Melania Trump"},{"trending_days":1,"video_id":"Oa0tSw2iV5o","video_title":"If Politicians Won't Take Action, These High Schoolers Will"},{"trending_days":1,"video_id":"xyXscDJSHD0","video_title":"J.J. Abrams Has The Script For 'Star Wars: Episode IX'"},{"trending_days":4,"video_id":"KwBpwe-LqTc","video_title":"A Reality Show 'Stole' A Crappy Scene From Constance Zimmer's 'UnREAL'"},{"trending_days":1,"video_id":"I8Umj580ls0","video_title":"Trump Claims He Would Have 'Run' Into The School"},{"trending_days":2,"video_id":"ZzO8VAOJs4U","video_title":"Kiefer Sutherland's Mom Has An Impersonation Of Stephen"},{"trending_days":1,"video_id":"itE8Cd85-QM","video_title":"Donald Glover Meets The Girl Scout Who Went Viral With 'Redbone'"},{"trending_days":5,"video_id":"HCIqTAFRkko","video_title":"Krysten Ritter Teaches Stephen How To Knit (Or Tries"},{"trending_days":1,"video_id":"ym4MWosKD6M","video_title":"Reese Witherspoon Meets Her Olympic Hero Adam Rippon"},{"trending_days":5,"video_id":"4nM94zdOh50","video_title":"Mindy Kaling Liked Stephen's Baby Gift... But Not As Much As Oprah's"},{"trending_days":1,"video_id":"yQR3OCRZqTk","video_title":"Tom Brady Describes The Day After Losing A Super Bowl"},{"trending_days":7,"video_id":"nzPcwk6O1Ks","video_title":"Angela Bassett Describes The Waterfall Scenes In 'Black Panther'"},{"trending_days":1,"video_id":"zGD3Qvb04gc","video_title":"Hilary Swank And Stephen Have An 'Act Off'"},{"trending_days":5,"video_id":"0oBodJHX1Vg","video_title":"Stephen Works Out With Ruth Bader Ginsburg"},{"trending_days":1,"video_id":"vlrywa519No","video_title":"Sean Penn's Favorite Thing About Writing: No Collaboration"},{"trending_days":2,"video_id":"PH3lTEhNkUk","video_title":"Leslie Odom Jr. Learned The Secret To Success: Trying"},{"trending_days":7,"video_id":"CiFnp-oKZQc","video_title":"Emily Blunt Finds The Idea Of Mary Poppins A Little Creepy"},{"trending_days":2,"video_id":"ciYXvWbyl00","video_title":"Tucker Carlson Stole Stephen Colbert's Panda Bit"},{"trending_days":5,"video_id":"mBbY2axJcWw","video_title":"Joshua Jackson Owes His Career To Jon Stewart"},{"trending_days":12,"video_id":"a73YoV2uf6g","video_title":"Antonio Banderas Can Play Picasso, But Can He Draw Like Him?"},{"trending_days":4,"video_id":"bDkmVRppq8I","video_title":"Charlize Theron: It's Not 'Brave' To Gain Weight For A Role"},{"trending_days":1,"video_id":"jj6ibow2tdw","video_title":"Jim Parsons: It's Never 'Too Late' For Gay Representation On Film"},{"trending_days":7,"video_id":"DZJod5hUqx4","video_title":"Michael B. Jordan Kept A Killmonger Diary"},{"trending_days":5,"video_id":"xNGFSEcRSZI","video_title":"Kids Pitch A New TV Show: 'Strangest Things: The Golden Mysteries'"},{"trending_days":2,"video_id":"vYb4_ARPNfo","video_title":"David Cross Walks Out Of His Interview"},{"trending_days":11,"video_id":"qmvj7ijV0Q0","video_title":"Anne Hathaway Rewatches Her First Commercial"},{"trending_days":9,"video_id":"5y0owYFTMno","video_title":"Ethan Hawke Knows To Seek Knowledge From Masters"}]}
{"channel_name":"Jimmy Kimmel Live","total_trending_days":186,"video_days":[{"trending_days":1,"video_id":"k29YnfttqEU","video_title":"Mean Tweets – Country Music Edition #3"},{"trending_days":1,"video_id":"VsYmwBOYfW8","video_title":"Mean Tweets – Jimmy Kimmel Edition"},{"trending_days":1,"video_id":"RTaDvKMtUeA","video_title":"Larry David Outtakes – Mean Tweets About Jimmy Kimmel"},{"trending_days":1,"video_id":"oMupq6zB1Tc","video_title":"Should Hillary Clinton Be Impeached?"},{"trending_days":1,"video_id":"pQXwQVaQmGk","video_title":"Tracee Ellis Ross on Cher, Michael Jackson & Diana Ross"},{"trending_days":4,"video_id":"UB1cGaIW81I","video_title":"Diana Ross Lost Her Fanny Pack"},{"trending_days":1,"video_id":"XJBvP-NZJ9U","video_title":"Matt Lauer & Garrison Keillor Accused of Sexual Harassment"},{"trending_days":1,"video_id":"aT1gOazMMm8","video_title":"James Franco Brings Tommy Wiseau to Kimmel"},{"trending_days":1,"video_id":"8kFnLQySIzU","video_title":"Jimmy Kimmel on Twitter War with Roy Moore"},{"trending_days":1,"video_id":"2iC9IGKIP50","video_title":"The Cast of Star Wars: The Last Jedi Has Mixed Feelings on Porgs"},{"trending_days":2,"video_id":"oFBuCp19L7M","video_title":"The Cast of Star Wars: The Last Jedi Talk Kylo Ren, Jedi Controversy, Harrison Ford & Secrets"},{"trending_days":1,"video_id":"KjICBHj1EzM","video_title":"Guest Host Chris Pratt Interviews Margot Robbie"},{"trending_days":1,"video_id":"KXRYlfjlFLk","video_title":"Tracee Ellis Ross’ Children’s Book for Handsy Men"},{"trending_days":1,"video_id":"Lx_rI8ACqsc","video_title":"Neil Patrick Harris' Guest Host Monologue on Jimmy Kimmel Live"},{"trending_days":3,"video_id":"jibff9m0SjQ","video_title":"Guest Host Melissa McCarthy Interviews Dave Franco"},{"trending_days":2,"video_id":"yqulWPljawo","video_title":"Jimmy Kimmel Returns with Baby Billy After Heart Surgery"},{"trending_days":2,"video_id":"BLOIU9DpLq4","video_title":"G-Eazy with Halsey - Him & I"},{"trending_days":7,"video_id":"9mwM1VB9qs0","video_title":"Will Smith Asks Strangers for Money"},{"trending_days":1,"video_id":"4RYZEOZqWGk","video_title":"Jessica Chastain's Italian In-Laws Might Hate Her"},{"trending_days":4,"video_id":"NJAtY43vsl8","video_title":"Khloé Kardashian Reveals Pregnancy & Delivery Details"},{"trending_days":5,"video_id":"Su6KVN33Bew","video_title":"Chris Hemsworth Reveals Where He Keeps His Hammer"},{"trending_days":1,"video_id":"W7SZmMW6Ow0","video_title":"Melissa Benoist Reveals Best Part About Playing Supergirl"},{"trending_days":2,"video_id":"X6h2BE8-w0M","video_title":"Kristen Bell’s Dumb Fight with Dax Shepard"},{"trending_days":5,"video_id":"FvBcYkY7ZGo","video_title":"Adam Levine Almost S**t Himself While His Wife Was in Labor"},{"trending_days":1,"video_id":"1QR-GsZkE3E","video_title":"Aaron Paul Reveals What NOT to Say to Your Wife During Labor"},{"trending_days":1,"video_id":"fOsphXJvaUE","video_title":"Lisa Kudrow is Handling Her Son Going to College Very Well"},{"trending_days":5,"video_id":"gfmXCAwBkCE","video_title":"Viola Davis on Melania Trump's Love of How to Get Away with Murder"},{"trending_days":1,"video_id":"dgcr3mCsqBE","video_title":"Kerry Washington on Scandal, Oprah & State of the Union"},{"trending_days":1,"video_id":"pGgTkFKfLXE","video_title":"Jamie Dornan on His Wee-Bag & Dakota Johnson"},{"trending_days":4,"video_id":"maaWSIlDizs","video_title":"Mean Tweets - NFL Edition #3"},{"trending_days":1,"video_id":"HQ9rgYcEstM","video_title":"Clint Eastwood and Real-Life Heroes from Paris Train Attack"},{"trending_days":1,"video_id":"Ho8Q_ebYgZc","video_title":"Miranda Kerr on Having a Baby with Snapchat's Evan Spiegel"},{"trending_days":5,"video_id":"AtCLwYFRp4o","video_title":"Hair Stylists React to Trump’s Hair Flapping in the Wind"},{"trending_days":1,"video_id":"xkgcvfbzuqo","video_title":"Jimmy Kimmel Interviews Bekah M from The Bachelor"},{"trending_days":1,"video_id":"5RjEaUqucbw","video_title":"Oscar Isaac on Being a New Dad"},{"trending_days":6,"video_id":"Z0vLiQLpsc8","video_title":"Jimmy Kimmel on School Shooting in Parkland, Florida"},{"trending_days":5,"video_id":"xe6o4ex7-YA","video_title":"Jimmy Kimmel on His Reaction to Fergie's National Anthem"},{"trending_days":1,"video_id":"x3ch1ajtwbc","video_title":"Jimmy Kimmel on Florida Shooting Survivors Being Called Fake News"},{"trending_days":6,"video_id":"Kz7R1i2zFpk","video_title":"Oprah Winfrey on Running for President & Trump"},{"trending_days":1,"video_id":"tCnbAAgfxH8","video_title":"Jimmy Kimmel's Oscars Monologue 2018"},{"trending_days":1,"video_id":"Vvya3yofDY4","video_title":"Guillermo del Toro on Winning Oscars & After Parties"},{"trending_days":7,"video_id":"ahSKGi_21xg","video_title":"Mean Tweets – Music Edition #4"},{"trending_days":3,"video_id":"7s71D2kQrFE","video_title":"LA vs NY Kids – Who's Smarter?"},{"trending_days":4,"video_id":"dyUJN3skBlU","video_title":"Nick Robinson on His Mom, His Roommate & His New Movie"},{"trending_days":1,"video_id":"ZUFRInhV4YE","video_title":"Dua Lipa - New Rules"},{"trending_days":12,"video_id":"10ndJuFP1PY","video_title":"Jimmy Kimmel Gets a Colonoscopy with Katie Couric"},{"trending_days":1,"video_id":"CmO2143BzYA","video_title":"Jenna Fischer's Wardrobe Malfunction"},{"trending_days":1,"video_id":"cN26ESa3IQk","video_title":"Dwayne Johnson Loves Buying People Cars"},{"trending_days":2,"video_id":"yN0O8UaTnRA","video_title":"John Cena's Epic Response to Dwayne Johnson's Threat"},{"trending_days":2,"video_id":"NtN98IkKxmk","video_title":"Eva Longoria on Pregnancy, Delivery Plans & Desperate Housewives Reboot"},{"trending_days":3,"video_id":"PT2fxswWSpQ","video_title":"Shia LaBeouf Has a Poop-Eating Puppy"},{"trending_days":2,"video_id":"Q1TXk7ZdiQE","video_title":"Zlatan Ibrahimović on Playing for LA Galaxy, His Nicknames & The World Cup"},{"trending_days":4,"video_id":"raxxoc_JULA","video_title":"Gwen Stefani Reveals Fun Fact About Blake Shelton's Ex-Girlfriend"},{"trending_days":4,"video_id":"eIp7PYuAu0k","video_title":"Cast of Avengers: Infinity War Reveals Least Trustworthy Avenger"},{"trending_days":3,"video_id":"-1Hm41N0dUs","video_title":"Cast of Avengers: Infinity War Draws Their Characters"},{"trending_days":2,"video_id":"OrnpSe4OChM","video_title":"Mean Tweets – Avengers Edition"},{"trending_days":1,"video_id":"r2vDabFVj-A","video_title":"Miley Cyrus on Smoking Pot & Liam Hemsworth Scaring Her"},{"trending_days":6,"video_id":"sqVuypJD7zo","video_title":"Bill Hader's Most Obscure Impressions"},{"trending_days":3,"video_id":"oSQZ9NiLoxg","video_title":"Generation Gap – 91-Year-Old Woman vs 14-Year-Old Boy"},{"trending_days":8,"video_id":"Am6NHDbj6XA","video_title":"Donald Glover on This is America Music Video"},{"trending_days":2,"video_id":"_iRBspjg2pw","video_title":"Lilly Singh on YouTube, The Rock & Her Parents"},{"trending_days":2,"video_id":"lRj5d35ePvw","video_title":"15-Year-Old Deadpool 2 Actor Julian Dennison Can't See His Own Movie"},{"trending_days":2,"video_id":"gB_7KBTfaw8","video_title":"Shailene Woodley Reveals Everyone Vomited on Set"},{"trending_days":4,"video_id":"7IUWv-GmGQg","video_title":"Dylan Minnette on 13 Reasons Why, High School & Looking Like Jimmy Kimmel"},{"trending_days":3,"video_id":"12m1rG0Tj7U","video_title":"Jimmy Kimmel on Roseanne Cancellation"},{"trending_days":2,"video_id":"Qesuc8orTUY","video_title":"Kevin Hart is Killing It"},{"trending_days":3,"video_id":"F0ZdMq0n8-Y","video_title":"Sandra Bullock on Being a Cheerleader in High School"},{"trending_days":5,"video_id":"ldmDBJRARB4","video_title":"Guillermo at 2018 NBA Media Day"},{"trending_days":1,"video_id":"UbmGPOHJYpA","video_title":"Kevin Durant on J.R. Smith Blunder, LeBron James & Partying After Finals Win"},{"trending_days":1,"video_id":"yz7Xq3T0YPs","video_title":"Katherine Langford on 13 Reasons Why, Australia & Doctor Parents"}]}
{"channel_name":"Late Night with Seth Meyers","total_trending_days":183,"video_days":[{"trending_days":1,"video_id":"wnwF1FHybDQ","video_title":"Mark Wahlberg's Kids Use Him for His Celeb Connections"},{"trending_days":1,"video_id":"TSqwDQHE1J8","video_title":"Carey Mulligan Doesn't Tell People She's an Actress"},{"trending_days":4,"video_id":"C4YNcqNF4hg","video_title":"Joe Keery Talks About His Famous Hair"},{"trending_days":2,"video_id":"ssVrzoCgr_w","video_title":"Sexual Harassment in Congress: A Closer Look"},{"trending_days":1,"video_id":"HL3wvhv9QGg","video_title":"Greta Gerwig Wrote a Letter to Justin Timberlake Asking to Use His Music in Lady Bird"},{"trending_days":2,"video_id":"mewW_pRSgEc","video_title":"Trump Backs Roy Moore; Charlie Rose Fired for Sexual Harassment: A Closer Look"},{"trending_days":5,"video_id":"AcoALQl7jfA","video_title":"Seth Announces a New Addition to His Family"},{"trending_days":1,"video_id":"BIPpvsf98wI","video_title":"Saoirse Ronan Had to Drink Before Watching Lady Bird for the First Time"},{"trending_days":1,"video_id":"-9OfAHgdV8Y","video_title":"Trump and Republicans Rush to Pass Their Radical Tax Plan: A Closer Look"},{"trending_days":5,"video_id":"4WnizmrnJlk","video_title":"Matt Lauer Sexual Harassment Allegations; Trump's Unhinged Tweets: A Closer Look"},{"trending_days":1,"video_id":"IEqj7xR9iOU","video_title":"Ilana Glazer and Abbi Jacobson Share Their UCB Memories"},{"trending_days":1,"video_id":"mv73u5qHf08","video_title":"Lily James Admits Playing a Young Meryl Streep Is Intimidating"},{"trending_days":5,"video_id":"NyNQLRhsAsk","video_title":"Al Franken Resigns; Donald Trump Jr. Testifies in Russia Investigation: A Closer Look"},{"trending_days":2,"video_id":"KdfCcEnJDlY","video_title":"Amber Explains How Black Women Saved America from Roy Moore"},{"trending_days":5,"video_id":"noUH5aYUBx4","video_title":"FCC Votes to Repeal Net Neutrality; Omarosa Drama Continues: A Closer Look"},{"trending_days":1,"video_id":"N-3NfWJHNhg","video_title":"Seth MacFarlane Doubts Aliens Have Visited Earth"},{"trending_days":1,"video_id":"UuETCtbExnM","video_title":"Ansel Elgort Kept the Car From Baby Driver"},{"trending_days":12,"video_id":"VllA1V5M38E","video_title":"Republicans Praise Trump; Trump Claims He Repealed Obamacare: A Closer Look"},{"trending_days":6,"video_id":"nRJuIrO9GaU","video_title":"James Franco Addresses His Sexual Misconduct Allegations"},{"trending_days":1,"video_id":"yejbi6aD8IA","video_title":"Leslie Jones Almost Vomited on SNL"},{"trending_days":5,"video_id":"Y_8PXU6_BR4","video_title":"Luke Evans Shared an Awkward Meal with Helen Mirren"},{"trending_days":3,"video_id":"JWa_Lbdl0J0","video_title":"Selma Blair Dreamed of Being a Professional Figure Skater"},{"trending_days":5,"video_id":"H3mX88_tx3Q","video_title":"Trump Goes to Davos While Congress Debates Immigration: A Closer Look"},{"trending_days":1,"video_id":"lRxAWujpMmA","video_title":"Darren Criss Talks The Assassination of Gianni Versace"},{"trending_days":1,"video_id":"XxBr02E3C0k","video_title":"Dakota Johnson Talks Fifty Shades Freed"},{"trending_days":4,"video_id":"v0TiqC_C8wI","video_title":"Seth and Kelly Clarkson Go Day Drinking"},{"trending_days":8,"video_id":"K1uiJIl614c","video_title":"Billy Eichner Talks Glam Up the Midterms"},{"trending_days":14,"video_id":"OG6qjAivguw","video_title":"Kelly Clarkson Had an Awkward Moment with Meryl Streep"},{"trending_days":1,"video_id":"k55Hm59emgw","video_title":"Rose Leslie Won't Let Kit Harington Read Game of Thrones Scripts Near Her"},{"trending_days":6,"video_id":"1lPvUKtHBJA","video_title":"Conor Lamb's Win, Trump's Space Force and #NationalStudentWalkout: A Closer Look"},{"trending_days":14,"video_id":"NC-TF0SPzzM","video_title":"Bill Hader Reveals What Made Him Break on SNL"},{"trending_days":3,"video_id":"CU8qwXYH83c","video_title":"Emily Blunt Tells the Story of How She Met John Krasinski"},{"trending_days":12,"video_id":"bRkdzjzqepQ","video_title":"John Krasinski Couldn't Believe Stephen King's Reaction to A Quiet Place"},{"trending_days":9,"video_id":"vecmYltEk30","video_title":"Chris Evans and Scott Evans Test How Well They Know Each Other"},{"trending_days":14,"video_id":"qCSu-X_aEvo","video_title":"Priyanka Chopra Dispels a Big Misconception About Bollywood"},{"trending_days":6,"video_id":"T_Fskj6ihT4","video_title":"Playing Rudy Giuliani on SNL Came Naturally to Kate McKinnon"},{"trending_days":19,"video_id":"p1jllz43xZE","video_title":"Ellie Kemper and Mindy Kaling Reminisce About The Office"}]}
{"channel_name":"Screen Junkies","total_trending_days":182,"video_days":[{"trending_days":1,"video_id":"Om_zGhJLZ5U","video_title":"TL;DW - Every DCEU Movie Before Justice League"},{"trending_days":7,"video_id":"CtBca6H6Teg","video_title":"Honest Trailers - Batman Forever"},{"trending_days":6,"video_id":"CzmIrPvIzxk","video_title":"Honest Trailers - The Emoji Movie"},{"trending_days":7,"video_id":"Z9cB0TjfIkM","video_title":"Honest Trailers - The Room"},{"trending_days":7,"video_id":"dDAlGl_8f9U","video_title":"Honest Trailers - The Santa Clause"},{"trending_days":7,"video_id":"0vKkwJwL77Y","video_title":"Honest Trailers - Star Wars: Episode VI - Return of the Jedi"},{"trending_days":11,"video_id":"_lUiJsnGXh8","video_title":"Honest Trailers - Jumanji"},{"trending_days":5,"video_id":"Sbl4nCcO0qo","video_title":"Honest Trailers - mother!"},{"trending_days":7,"video_id":"4ubwGb-vLA0","video_title":"Honest Trailers - It (2017)"},{"trending_days":7,"video_id":"JZoO1Ftj-bM","video_title":"Honest Trailers - Get Out"},{"trending_days":5,"video_id":"upt1wHntDws","video_title":"Screen Junkies 2017 Oscar Nominations: Our Academy Awards Picks"},{"trending_days":6,"video_id":"cI5RYgvPHLU","video_title":"Honest Trailers - The Blade Trilogy"},{"trending_days":7,"video_id":"GABCneYEE84","video_title":"Honest Trailers - Justice League"},{"trending_days":7,"video_id":"SggkMHx4GhQ","video_title":"Honest Trailers - The Oscars (2018)"},{"trending_days":14,"video_id":"5bJ_gb19pKQ","video_title":"Honest Trailers - Thor: Ragnarok"},{"trending_days":7,"video_id":"trWLY6NrS2Q","video_title":"Honest Trailers - Every Wes Anderson Movie"},{"trending_days":7,"video_id":"paxgKBUK4wQ","video_title":"Honest Trailers - Star Wars: The Last Jedi"},{"trending_days":3,"video_id":"ut6UYwbt6Xk","video_title":"Honest Trailers - Jumanji: Welcome To The Jungle"},{"trending_days":5,"video_id":"CaE0JD1X12g","video_title":"Honest Trailers - The Greatest Showman"},{"trending_days":7,"video_id":"tWDK9rK-f1Q","video_title":"Honest Trailers - Baby Driver"},{"trending_days":6,"video_id":"Csnsq9f_ZkQ","video_title":"Honest Trailers - The Incredible Hulk"},{"trending_days":14,"video_id":"1XY8dPnIORc","video_title":"Honest Trailers - Honest Trailers (Written by a Robot)"},{"trending_days":7,"video_id":"uBYzYji4rmE","video_title":"Honest Trailers - Black Panther"},{"trending_days":7,"video_id":"vFQ8hsZsDkA","video_title":"Honest Trailers - Star Wars Spinoffs (Holiday Special & More!)"},{"trending_days":15,"video_id":"IpN_wAlYZSs","video_title":"Honest Trailers - Every Christopher Nolan Movie"}]}
{"channel_name":"NBA","total_trending_days":181,"video_days":[{"trending_days":5,"video_id":"yxFdue1dCtE","video_title":"NBA Daily Show: Nov. 14 - The Starters"},{"trending_days":3,"video_id":"41kp6qN1Crg","video_title":"NBA Bloopers - The Starters"},{"trending_days":4,"video_id":"QY83PJXQYXc","video_title":"SDC GOES BEHIND THE SCENES OF CAVALIERS VS PISTONS GAME!"},{"trending_days":2,"video_id":"JDK3l9TmwAo","video_title":"Top 10 Plays of the Night: November 28, 2017"},{"trending_days":1,"video_id":"SYVSeH6sYYU","video_title":"NBA Meme Team - Top 5"},{"trending_days":3,"video_id":"B9127l-xpdE","video_title":"Best NBA Handles and Crossovers of the Month | November 2017"},{"trending_days":1,"video_id":"oxSlLYC_Exw","video_title":"NBA Bloopers - The Starters"},{"trending_days":3,"video_id":"j5cSKF5FzD0","video_title":"Bradley Beal Goes OFF For a Career-High 51 Points | December 5, 2017"},{"trending_days":5,"video_id":"MtFjRvKfv70","video_title":"NBA Daily Show: Dec. 8 - The Starters"},{"trending_days":2,"video_id":"FY8T06A-j_c","video_title":"Top 10 Plays of the Night: December 13, 2017"},{"trending_days":1,"video_id":"PitE6FVIjgs","video_title":"James Harden and Chris Paul Each Score 28 Pts in Win vs. Spurs | December 15, 2017"},{"trending_days":1,"video_id":"w-TSI1O4yGM","video_title":"Top 10 Plays of the Night: December 16, 2017"},{"trending_days":3,"video_id":"0-M5C7sQdGI","video_title":"Kobe Bryant Jersey Retirement Press Conference"},{"trending_days":6,"video_id":"d1hs-JI_yBE","video_title":"Kobe Bryant No.8 & No.24 Jersey Retirement In Los Angeles"},{"trending_days":1,"video_id":"Dtp6sO2tU0k","video_title":"Best Wired Moments of the NBA Christmas Day Games (Kyrie, Draymond, John Wall and More!)"},{"trending_days":6,"video_id":"inFGj1IyIwk","video_title":"Top 10 Plays of the Night | December 27, 2017"},{"trending_days":1,"video_id":"7FgazlhALyE","video_title":"Top 5 Plays of the Night | January 02, 2018"},{"trending_days":3,"video_id":"razXGgVwSMs","video_title":"Top 10 Plays of the Night | January 3, 2018"},{"trending_days":3,"video_id":"suqecwk9pdw","video_title":"Top 10 Plays of the Night: January 6, 2018"},{"trending_days":4,"video_id":"1UpvW5LiE2k","video_title":"Meme Team - Top 5"},{"trending_days":3,"video_id":"A34u94sPuKg","video_title":"Kevin Durant and LeBron James Duel, Each Score 32 Pts | January 15, 2018"},{"trending_days":5,"video_id":"x2u-KEex34A","video_title":"Stephen Curry 2018 All-Star Captain | Best Highlights 2017-2018"},{"trending_days":2,"video_id":"XKSHDDBAd1w","video_title":"Top 5 Plays of the Night | January 23, 2018"},{"trending_days":2,"video_id":"pylyPL64uxk","video_title":"Team LeBron! Best Plays from Every All-Star on the Team | 2018 NBA All-Star Game"},{"trending_days":5,"video_id":"3Zew8pLSlwQ","video_title":"Top 10 Plays of the Night: January 27, 2018"},{"trending_days":1,"video_id":"7FceZB6qMiA","video_title":"Kyrie Irving and Stephen Curry Duel at Oracle | January 27, 2018"},{"trending_days":3,"video_id":"P85a37YTsuU","video_title":"Top 10 Plays of the Night: February 3, 2018"},{"trending_days":6,"video_id":"MDIQBfdmusY","video_title":"Dunk of the Year Candidate: Giannis Antetokounmpo Literally HURDLES For the Slam"},{"trending_days":4,"video_id":"-2wRFv-mScQ","video_title":"Top 10 Moments of the NBA All-Star Celebrity Game"},{"trending_days":1,"video_id":"aBza5P5v2-I","video_title":"BEST DUNKS from the 2018 Rising Stars | Presented by Mtn Dew Kickstart"},{"trending_days":1,"video_id":"gtprpculjrQ","video_title":"Donovan Mitchell Wins 2018 Verizon Slam Dunk Contest"},{"trending_days":7,"video_id":"f2MZnJlDJ4c","video_title":"Kevin Hart Leads 2018 NBA All-Star Game Introductions | Team LeBron & Team Stephen"},{"trending_days":2,"video_id":"5YMtjjAzxWA","video_title":"Top 5 Plays of the Night: February 25, 2018"},{"trending_days":1,"video_id":"AFC5RaH4xMg","video_title":"Top 10 NBA Celebrity Reactions - The Starters"},{"trending_days":1,"video_id":"gx3S73InQ04","video_title":"James Harden's NASTY Crossover Caps Off His Monster 1st Quarter | February 28, 2018"},{"trending_days":2,"video_id":"lHzclTp0-ZY","video_title":"LeBron James Pulls a SWEET Behind-the-Back Move Between Tristan Thompson's Legs!"},{"trending_days":2,"video_id":"aPREg9rJGSE","video_title":"Lonzo Ball Drains 2 Big Buckets In The Clutch To Beat The Spurs"},{"trending_days":1,"video_id":"rJfFxDQ-8ok","video_title":"Top 10 Plays of the Night | March 05, 2018"},{"trending_days":1,"video_id":"r_UPEj0er_s","video_title":"James Harden and Chris Paul Lead The Rockets to Their 16th Straight Victory"},{"trending_days":10,"video_id":"48GpQJX3kYY","video_title":"LeBron James Comes Up CLUTCH in the Mile High City!"},{"trending_days":1,"video_id":"sxQ0onDkFqQ","video_title":"Top 10 Plays of the Night | March 17, 2018"},{"trending_days":3,"video_id":"QsK6c2dRhv0","video_title":"Top 5 Plays of the Night | March 18, 2018"},{"trending_days":5,"video_id":"Vp40y-048MA","video_title":"Top 10 Plays of the Night | March 21, 2018"},{"trending_days":1,"video_id":"5llHhbYjBwY","video_title":"Markelle Fultz Makes His Return To The Court!"},{"trending_days":6,"video_id":"NTN2gD9LJnU","video_title":"LeBron James and Dwyane Wade’s Top 25 Plays As Teammates"},{"trending_days":4,"video_id":"vbaDqD_eBug","video_title":"Top 10 Plays of the Night | April 01, 2018"},{"trending_days":5,"video_id":"exjMt3v81tA","video_title":"Best 50 Plays of the 2018 NBA Regular Season"},{"trending_days":8,"video_id":"9Q1WSQ7R8U8","video_title":"NBA Playoffs Preview: The Starters"},{"trending_days":3,"video_id":"pZYJGAWc-R0","video_title":"LeBron James 44 Points & A Game Winner!"},{"trending_days":1,"video_id":"CiaoTcPpbDE","video_title":"Top 10 Plays of the Night | April 27, 2018"},{"trending_days":2,"video_id":"mFtsqERWiCA","video_title":"LeBron James Drops 45 Points in GAME 7!"},{"trending_days":4,"video_id":"30HOemteiKQ","video_title":"Down To The Final Second! Cavs vs Raptors"},{"trending_days":3,"video_id":"juTa0fPI22M","video_title":"LeBron James' Dominant Performance & Buzzer Beater vs Toronto"},{"trending_days":7,"video_id":"ZnvGy6pcGxs","video_title":"Top 5 Plays of the Night | May 06, 2018"},{"trending_days":10,"video_id":"883Omd2YqXE","video_title":"Top 5 Plays of the Night | May 15, 2018"}]}
