{"category_id":"24","videos":[{"radio_likes_dislikes":810.8076923076923,"video_id":"ONI_06wGbsQ","video_title":"THINGS THAT ARE LOWER","views":109642},{"radio_likes_dislikes":413.92105263157896,"video_id":"X5YJU6_Mfpg","video_title":"looking back","views":141366},{"radio_likes_dislikes":346.44444444444446,"video_id":"tl4I1b6cHKc","video_title":"SURPRISING MY BIGGEST FANS AT THEIR HOUSE","views":311117},{"radio_likes_dislikes":343.9553264604811,"video_id":"KyB0zVHm2P0","video_title":"Shawn Mendes Destroys James In a Cover Battle - #LateLateShawn","views":1365473},{"radio_likes_dislikes":324.1200701139351,"video_id":"xf-dywd3zx0","video_title":"Official Trailer | BTS: Burn The Stage","views":1801695},{"radio_likes_dislikes":295.01724137931035,"video_id":"ySFJtla2LY4","video_title":"Riverdale's Casey Cott Reviews Riverdale Memes | Teen Vogue","views":300594},{"radio_likes_dislikes":294.4736842105263,"video_id":"vqX6fkty-WQ","video_title":"FLOSSING EACH OTHER with Grace Helbig & Mamrie Hart","views":134879},{"radio_likes_dislikes":286.19736842105266,"video_id":"VH4pgiB5xu8","video_title":"WHAT TO LEAVE IN 2017","views":191348},{"radio_likes_dislikes":283.44171779141107,"video_id":"h3umdwK-oPs","video_title":"Riverdale Cast Competes in a Compliment Battle | Teen Vogue","views":840489},{"radio_likes_dislikes":283.14814814814815,"video_id":"tP214lJtKlM","video_title":"The 77 Year Old Ballet Dancer Sharing Seven Decades Of Experience | Amazing Humans","views":284919}]}
{"category_id":"22","videos":[{"radio_likes_dislikes":520.2564102564103,"video_id":"6ixU_vdE0Es","video_title":"BOYFRIEND DOES MY MAKEUP | Madelaine Petsch","views":280065},{"radio_likes_dislikes":435.92857142857144,"video_id":"K_XXXDPODmw","video_title":"Taking Riverdale Quizzes with Camila Mendes and Hart Denton| Madelaine Petsch","views":417295},{"radio_likes_dislikes":406.6046511627907,"video_id":"IUsFWiE0d20","video_title":"🍒 april favs 🍒 (music, clothes, life)","views":128633},{"radio_likes_dislikes":402.96666666666664,"video_id":"2wbc8x-RHiY","video_title":"THE FIRST TIME WE MET!","views":107663},{"radio_likes_dislikes":328.3723849372385,"video_id":"SX9mF288Tb8","video_title":"Tom Holland Plays With Puppies While Answering Fan Questions","views":1063650},{"radio_likes_dislikes":322.47058823529414,"video_id":"TN7LvuEpDIE","video_title":"I tried to recreate my favorite artist's work with makeup | Alex Pardee Inspired Bodypaint Tutorial","views":300843},{"radio_likes_dislikes":279.14102564102564,"video_id":"u6GnElEnaqQ","video_title":"This Is What I'm Wearing Right Now","views":138539},{"radio_likes_dislikes":268.51612903225805,"video_id":"Di4QJUCElgs","video_title":"Answering Questions I've Avoided...","views":119734},{"radio_likes_dislikes":262.031746031746,"video_id":"KDPG0YEsD5Q","video_title":"50 FACTS ABOUT ME FROM THE RIVERDALE SET | Madelaine Petsch","views":207573},{"radio_likes_dislikes":250.80357142857142,"video_id":"APASP1YKH60","video_title":"Real Doctor vs TV Doctor | Medical Drama Myths | Doctor Mike","views":127541}]}
{"category_id":"10","videos":[{"radio_likes_dislikes":505.3369763205829,"video_id":"Q48VduIflPk","video_title":"[STATION] SMTOWN 'Dear My Family (Live Concert Ver.)' MV","views":1475878},{"radio_likes_dislikes":435.80189673340357,"video_id":"J41qe-TM1DY","video_title":"JONGHYUN 종현 '빛이 나 (Shinin’)' MV","views":4285299},{"radio_likes_dislikes":433.57106208311956,"video_id":"nQySbNGu4g0","video_title":"[CHOREOGRAPHY] BTS (방탄소년단) 'FAKE LOVE' Dance Practice","views":4196932},{"radio_likes_dislikes":424.0792079207921,"video_id":"floMqK_yHf8","video_title":"[BANGTAN BOMB] 'MIC Drop' Special Stage (BTS focus) @MAMA - BTS (방탄소년단)","views":1835185},{"radio_likes_dislikes":407.40419161676647,"video_id":"K6xwB8Kkce0","video_title":"Harry Styles - Kiwi (live in studio)","views":595598},{"radio_likes_dislikes":382.7096505823627,"video_id":"Fj3euSYAtnc","video_title":"BTS (방탄소년단) - Airplane pt.2 @BTS COMEBACK SHOW","views":3148043},{"radio_likes_dislikes":380.72131147540983,"video_id":"__-22AJoFxY","video_title":"The Vamps - Same To You (Acoustic)","views":147702},{"radio_likes_dislikes":343.85836909871244,"video_id":"6mkLWGy6Y3k","video_title":"Shawn Mendes: The Tour - Official Trailer","views":332910},{"radio_likes_dislikes":330.8686868686869,"video_id":"9vDdx1dba6c","video_title":"dodie - Secret For The Mad","views":129130},{"radio_likes_dislikes":317.0,"video_id":"QFfEtKvXMAs","video_title":"Niall Horan - Too Much To Ask (Acoustic)","views":419341}]}
{"category_id":"23","videos":[{"radio_likes_dislikes":372.0664395229983,"video_id":"UmFS7No3t8Y","video_title":"Bloopers 2017 !","views":1384219},{"radio_likes_dislikes":309.446875,"video_id":"cMtHByGJ8Ao","video_title":"SCOTTY SIRE - MISTER GLASSMAN (Official Lyric Video)","views":488580},{"radio_likes_dislikes":306.83603020496224,"video_id":"-kTWIm7m4Uw","video_title":"We Bought A House","views":2422729},{"radio_likes_dislikes":268.3070175438597,"video_id":"9kF9xY74h-E","video_title":"Spilling Tea About Each Other!!","views":891912},{"radio_likes_dislikes":234.6,"video_id":"qKh7JdoPZz4","video_title":"Lesser Known BROADWAY Songs - Mystery Solo | Thomas Sanders","views":122841},{"radio_likes_dislikes":229.0,"video_id":"apJaKRqX9cI","video_title":"Overthinking overthinking overthinking overthinking","views":277410},{"radio_likes_dislikes":220.22266800401204,"video_id":"zYlW81GZYug","video_title":"When Your BF Acts Different Around His Friends (ft. The Rock)","views":2824925},{"radio_likes_dislikes":209.93312597200622,"video_id":"ZB7_1CoKntI","video_title":"Giving Myself Tape In Hair Extensions","views":1529801},{"radio_likes_dislikes":201.4878048780488,"video_id":"nt7b-Qp34hk","video_title":"YouTube Valentine 2018","views":153601},{"radio_likes_dislikes":196.2888888888889,"video_id":"zcEE8J2Bqa8","video_title":"The Goblin - JACK AND DEAN","views":123615}]}
{"category_id":"27","videos":[{"radio_likes_dislikes":371.0,"video_id":"xtR7m-Fl-F0","video_title":"I Went to a Butler Cafe.","views":283696},{"radio_likes_dislikes":253.91836734693877,"video_id":"YF6xzqOfCD8","video_title":"Batman's Village of Fools: Gotham, England","views":153131},{"radio_likes_dislikes":236.53846153846155,"video_id":"spUNpyF58BY","video_title":"But what is the Fourier Transform?  A visual introduction.","views":298666},{"radio_likes_dislikes":236.1227722772277,"video_id":"R9OHn5ZF4Uo","video_title":"How Do Machines Learn?","views":677636},{"radio_likes_dislikes":187.2258064516129,"video_id":"d99_h30swtM","video_title":"The Moiré Effect Lights That Guide Ships Home","views":277855},{"radio_likes_dislikes":172.92592592592592,"video_id":"ZrP0Mqj9U_c","video_title":"The 1940s Mermaid Show That's Still Pulling Crowds","views":185481},{"radio_likes_dislikes":161.42990654205607,"video_id":"zOgle88sKro","video_title":"The German Town That's Literally Breaking Apart","views":372127},{"radio_likes_dislikes":157.35185185185185,"video_id":"Ii_Gz1WbBGA","video_title":"Controlling An Airport From 80 Miles Away","views":154117},{"radio_likes_dislikes":149.40579710144928,"video_id":"X_tYrnv_o6A","video_title":"Your Amazing Molecular Machines","views":251683},{"radio_likes_dislikes":148.3108108108108,"video_id":"-p2lhxUqMMQ","video_title":"Cheng I Sao - Pirate Queen - Extra History","views":169468}]}
{"category_id":"1","videos":[{"radio_likes_dislikes":369.3191881918819,"video_id":"7HGCE6-LMBg","video_title":"Ari's Birthday! (again)","views":2171303},{"radio_likes_dislikes":307.6685393258427,"video_id":"r2ys-AimNbE","video_title":"“First Burn” [Official Video]","views":755367},{"radio_likes_dislikes":224.0125,"video_id":"NBSAQenU2Bk","video_title":"Rooster Teeth Animated Adventures - Millie So Serious","views":404162},{"radio_likes_dislikes":215.4,"video_id":"eZFvbili87g","video_title":"The Greatest Showman | Rewrite The Stars ft. Zendaya | 20th Century FOX","views":135085},{"radio_likes_dislikes":207.65,"video_id":"4yG_k2Zlw7Y","video_title":"GOING FISHING. A Stop motion Animation by Guldies","views":167196},{"radio_likes_dislikes":201.0,"video_id":"7FM_MfpYOLU","video_title":"PEOPLE TELL THEIR CRUSH THEY LIKE THEM (vol. IX)","views":621594},{"radio_likes_dislikes":194.67359667359668,"video_id":"4HU6Z7anycw","video_title":"Lucas the Spider - Polar Bear","views":613805},{"radio_likes_dislikes":184.15584415584416,"video_id":"cy9W-ZywVPc","video_title":"Trying to Get Into Fitness & Health","views":1995648},{"radio_likes_dislikes":176.64102564102564,"video_id":"sP6Z94dDPEw","video_title":"Maze Runner: The Death Cure | Any Ideas Clip | 20th Century FOX","views":1351952},{"radio_likes_dislikes":167.0810810810811,"video_id":"3TwiPa39WnM","video_title":"Breaking Bad cumple 10 años y AMC le rinde tributo","views":173027}]}
{"category_id":"20","videos":[{"radio_likes_dislikes":340.4840182648402,"video_id":"8KaKWPJq5dY","video_title":"OUR SECRET FAN FICTIONS?! - Truth Bombs #2!","views":580796},{"radio_likes_dislikes":226.27906976744185,"video_id":"EWf7P3okX9s","video_title":"IT'S CHICA'S BIRTHDAY!!!","views":993913},{"radio_likes_dislikes":154.91176470588235,"video_id":"PpElRBQ-yGc","video_title":"Melix Plays: JUMPSTART First Grade | 90s Games","views":210371},{"radio_likes_dislikes":140.88654244306417,"video_id":"oMCijY1XGlQ","video_title":"Playing Deadpool With Ryan Reynolds!","views":5128311},{"radio_likes_dislikes":133.16535433070865,"video_id":"T2uyIBURMjs","video_title":"Sonic Mania Adventures - Sneak Peek","views":233958},{"radio_likes_dislikes":124.02127659574468,"video_id":"FaxqVBYVOVU","video_title":"Mega Medley that was supposed to be 5 minutes but wasn't","views":152289},{"radio_likes_dislikes":113.18169934640522,"video_id":"HAGnqSKtn3s","video_title":"YOUTUBE SENT ME A MYSTERY GIFT!!!","views":1628997},{"radio_likes_dislikes":106.51888667992047,"video_id":"sBMOXHrXJtI","video_title":"Cuphead DLC Announcement Trailer | Xbox One | Windows 10 | Steam | GOG","views":978409},{"radio_likes_dislikes":106.45454545454545,"video_id":"pfM1F0fBTo8","video_title":"Meet My Dog - Animated","views":365152},{"radio_likes_dislikes":106.13427561837456,"video_id":"8JfMdhrbehY","video_title":"Markiplier Animated | GHOST HUNTER","views":452250}]}
{"category_id":"26","videos":[{"radio_likes_dislikes":325.3768115942029,"video_id":"wDl6MlgL8PM","video_title":"Jacques Pepin Reacts To My Omelet Video !","views":340597},{"radio_likes_dislikes":294.4796380090498,"video_id":"MYmQlBpF5e0","video_title":"UK vs JAPAN School Lunches! with Dan and Phil","views":1223851},{"radio_likes_dislikes":291.67329545454544,"video_id":"akNs04ef_Co","video_title":"I Read A Letter From My Younger Self","views":629985},{"radio_likes_dislikes":291.6518987341772,"video_id":"GuKSrYux-Is","video_title":"Cole Sprouse on Interning at the Met and His Artistic Aspirations | Met Gala 2018 With Liza Koshy","views":1287891},{"radio_likes_dislikes":268.5948717948718,"video_id":"OdNqWcUdm6I","video_title":"Sukiyaki (Homemade Tofu)","views":543413},{"radio_likes_dislikes":244.35353535353536,"video_id":"_vrcsnkXCI8","video_title":"I GAVE MY MOM HER FIRST MAKEOVER EVER AND SHE CRIED","views":229081},{"radio_likes_dislikes":240.40384615384616,"video_id":"n4GynhABYdU","video_title":"SWEET TOFU | 2 Easy Recipes","views":194689},{"radio_likes_dislikes":236.31958762886597,"video_id":"aCoDqL1dK9c","video_title":"BEST MAKEUP OF 2017!","views":1237587},{"radio_likes_dislikes":231.88235294117646,"video_id":"g0xVbwXs9jo","video_title":"HOW TO: YOUTUBE BEAUTY LIGHTING SECRETS | DESI PERKINS","views":224361},{"radio_likes_dislikes":223.51020408163265,"video_id":"5530I_pYjbo","video_title":"How I Trained My Cats","views":977285}]}
{"category_id":"17","videos":[{"radio_likes_dislikes":315.47515968772177,"video_id":"Vm4Xn5vjqRA","video_title":"CRISTIANO RONALDO E FRED, O GRANDE ENCONTRO","views":3990953},{"radio_likes_dislikes":312.73333333333335,"video_id":"NfLVVJOuY5M","video_title":"Stunning MTB masterclass: Matt Jones | Frames Of Mind","views":135459},{"radio_likes_dislikes":244.35,"video_id":"ufOnBRXy3Pc","video_title":"Danny MacAskill trial biking in Düsseldorf. | Straight from the athletes","views":115141},{"radio_likes_dislikes":198.09803921568627,"video_id":"AB_u_kOSP8Y","video_title":"Ronaldinho's most jaw-dropping plays with Barça","views":199610},{"radio_likes_dislikes":166.44642857142858,"video_id":"NHrwcQQ38bA","video_title":"Candide Thovex - quattro 2","views":388810},{"radio_likes_dislikes":152.54320987654322,"video_id":"6gFj1XJ6b5o","video_title":"CALLING OUT OLYMPIC CHAMPIONS!?  {Press Up Challenge}","views":294080},{"radio_likes_dislikes":122.192,"video_id":"tG-IGNvfrg8","video_title":"Emergency goalie steals the show in Chicago","views":917010},{"radio_likes_dislikes":109.9795918367347,"video_id":"T3-BzlYEhQA","video_title":"Inside FC Barcelona’s ambitious plan to reinvent the Camp Nou, by Wired and Audifootball","views":181774},{"radio_likes_dislikes":107.89235624123422,"video_id":"9oyKePWRi8Y","video_title":"Best of 2017 | Dude Perfect","views":6291266},{"radio_likes_dislikes":106.72881355932203,"video_id":"trW9rxpSBxA","video_title":"Worlds Highest Basketball Shot 200m (660 feet) Guinness World Records","views":122629}]}
{"category_id":"28","videos":[{"radio_likes_dislikes":281.962962962963,"video_id":"oGmIFXfgPM4","video_title":"Jennifer Lopez & David Dobrik FEAR BOX Challenge | #JLoNOW","views":130858},{"radio_likes_dislikes":238.9090909090909,"video_id":"UCKC-QVcVn0","video_title":"The Engineering of the Drinking Bird","views":137744},{"radio_likes_dislikes":214.70422535211267,"video_id":"sNgByUWwFKU","video_title":"Falcon Heavy Demo | Static Fire","views":520176},{"radio_likes_dislikes":190.2,"video_id":"eNSN6qet1kE","video_title":"HomeMade Electric Airplane","views":328325},{"radio_likes_dislikes":187.81632653061226,"video_id":"2BIx2x-Q2fE","video_title":"An astonishing old calculator - Numberphile","views":122641},{"radio_likes_dislikes":174.9111111111111,"video_id":"0Q0_xFYpYL4","video_title":"I Made h3h3 a Coughing Beanie","views":237993},{"radio_likes_dislikes":155.89473684210526,"video_id":"wPib0uRFmC0","video_title":"The Thegn Thrand Sword Challenge: My Take!","views":105115},{"radio_likes_dislikes":150.9,"video_id":"XCrJ3NflOpE","video_title":"A New View of the Moon","views":202621},{"radio_likes_dislikes":149.71724137931034,"video_id":"Wzvr_rtI82w","video_title":"The $1000 Smartphone Giveaway!","views":1067141},{"radio_likes_dislikes":145.39689265536722,"video_id":"gS1DbvHHVH0","video_title":"Going in to brain surgery","views":1058246}]}
{"category_id":"15","videos":[{"radio_likes_dislikes":234.43243243243242,"video_id":"9_lkVzzd6rE","video_title":"Rooster Meets His Favorite Girl at Her Bus Stop Every Day | The Dodo","views":152954},{"radio_likes_dislikes":224.53333333333333,"video_id":"fS2fsa1fuIw","video_title":"If It Fits, I Sits...","views":189047},{"radio_likes_dislikes":205.28169014084506,"video_id":"htBvEmGPhAc","video_title":"Scared abandoned dog hides in a spot that we couldn't reach, so I had no choice but...","views":176332},{"radio_likes_dislikes":200.7906976744186,"video_id":"xfmipNU4Odc","video_title":"Edna's registered owner thought she was dead for 2 years!!!","views":339256},{"radio_likes_dislikes":200.70833333333334,"video_id":"rplCCSqWXIY","video_title":"Head Over Heels (A Valentines Special) - Simon's Cat | BLACK & WHITE","views":172502},{"radio_likes_dislikes":194.54545454545453,"video_id":"45tSUnisIos","video_title":"5 Signs You Work With Cats","views":125030},{"radio_likes_dislikes":172.71666666666667,"video_id":"JOwmqPPkjww","video_title":"A little Dingo running on a bridge over one of the busiest freeways in the U.S!","views":328520},{"radio_likes_dislikes":170.7762237762238,"video_id":"SJsvPv5Q_oY","video_title":"KITTEN and CAT","views":424587},{"radio_likes_dislikes":163.13636363636363,"video_id":"9PhM-zCmTFs","video_title":"DIY - Simon's Cat  | NEW BLACK & WHITE!","views":178977},{"radio_likes_dislikes":149.61764705882354,"video_id":"3j5eGupDWY4","video_title":"Homeless and abused, this Pit Bull didn't lose HOPE that something amazing will happen!","views":314731}]}
{"category_id":"25","videos":[{"radio_likes_dislikes":209.57627118644066,"video_id":"zPJl2e38S4g","video_title":"Walk it like I talk it - Wocket in my pocket - Migos vs Dr Suess","views":575459},{"radio_likes_dislikes":106.67407407407407,"video_id":"ZpMNJbt3QDE","video_title":"‘Shape of You’: How Ed Sheeran Made 2017’s Biggest Track","views":261868},{"radio_likes_dislikes":94.01234567901234,"video_id":"zDbq7y20wpw","video_title":"Why ships used this camouflage in World War I","views":436770},{"radio_likes_dislikes":87.38235294117646,"video_id":"GKbjOWPbBwk","video_title":"Chihuahua Won’t Leave Owner’s Gravesite","views":148983},{"radio_likes_dislikes":74.35490196078432,"video_id":"NUMa0QkPzns","video_title":"It’s not you. Phones are designed to be addicting.","views":605311},{"radio_likes_dislikes":68.12096774193549,"video_id":"lE0eWRdSrY4","video_title":"Koreas: A day of historic talks  - BBC News","views":634610},{"radio_likes_dislikes":66.82783882783883,"video_id":"Mqaobr6w6_I","video_title":"How Technicolor changed movies","views":477893},{"radio_likes_dislikes":58.465408805031444,"video_id":"BL4dnvBytLA","video_title":"Behind-the-Scenes: See How Elon Musk Celebrated the Falcon Heavy Launch | National Geographic","views":220871},{"radio_likes_dislikes":49.5666403785489,"video_id":"1MGNw-Y2QPk","video_title":"We Should Talk About What James Harrison Did...","views":1408027},{"radio_likes_dislikes":49.022408963585434,"video_id":"rf3iHqE240I","video_title":"Where babies in movies come from","views":512885}]}
{"category_id":"2","videos":[{"radio_likes_dislikes":134.0814479638009,"video_id":"9i3GtPIS0-4","video_title":"Making a Handheld Air Cannon Steampunk/Powerfull","views":546413},{"radio_likes_dislikes":117.79787234042553,"video_id":"hivGryRKGvk","video_title":"[HOONIGAN] DT 190: $200 Miata Kart Build [Part 6] - Cage Build and Indoor Donuts","views":321245},{"radio_likes_dislikes":109.60526315789474,"video_id":"muAPJiMho2Y","video_title":"DELIT DE FUITE - le Justicier de Noël","views":2601143},{"radio_likes_dislikes":86.10185185185185,"video_id":"zMKI64iY2CY","video_title":"Falcon Heavy Makes History - Cheaper Spaceflight","views":290071},{"radio_likes_dislikes":82.9298245614035,"video_id":"azUbCdcAeFM","video_title":"Tesla 2018","views":617010},{"radio_likes_dislikes":72.68,"video_id":"PoNWU2cox9w","video_title":"Inside Keanu Reeves' Custom Motorcycle Shop | WIRED","views":704363},{"radio_likes_dislikes":62.625,"video_id":"kIUHDwn51y8","video_title":"Evolution of the Jeep 4x4 Utility Vehicle | Donut Media","views":136837},{"radio_likes_dislikes":55.865979381443296,"video_id":"SpdgahDp2Wg","video_title":"The Best Wiper Blades in the World and Why","views":253378},{"radio_likes_dislikes":54.11414392059553,"video_id":"sTvY9Llqtms","video_title":"I Built a FULL SIZE Tie Fighter/Silencer","views":364537},{"radio_likes_dislikes":48.24390243902439,"video_id":"yBXcNcBnImc","video_title":"The Most Expensive Countries To Buy Cool Used Cars","views":235077}]}
{"category_id":"19","videos":[{"radio_likes_dislikes":81.45753424657535,"video_id":"XXRBLyQQ78A","video_title":"Only Slightly Exaggerated | Travel Oregon","views":758561},{"radio_likes_dislikes":81.05069124423963,"video_id":"RgbNxb08jXA","video_title":"Foreigner Surprising Indians with Hindi (WARNING Smiles Galore!)","views":503840},{"radio_likes_dislikes":64.77894736842106,"video_id":"IFasecLYzD0","video_title":"Polish Girl buys Sail Boat for €1 !!      ......    Yes, that is ONE EURO. Ep. 122","views":182778},{"radio_likes_dislikes":59.56090651558074,"video_id":"n9JVbbRBqfY","video_title":"LEGENDARY All You Can Eat Buffet in Manila Philippines - Spiral Buffet Review","views":681226},{"radio_likes_dislikes":56.78448275862069,"video_id":"tp6wtD9jGyA","video_title":"BEST Pho! TRADITIONAL Noodle Tour of Saigon Vietnam","views":478211},{"radio_likes_dislikes":55.761538461538464,"video_id":"2sxuAm569IY","video_title":"A Train Runs Through It: Thailand’s Most Dangerous Market","views":326955},{"radio_likes_dislikes":54.28448275862069,"video_id":"_6lGaYh71g4","video_title":"WTF - $300 Toaster?!","views":253735},{"radio_likes_dislikes":52.5,"video_id":"h-nmLbZorLE","video_title":"Toy Story Land to Open at Walt Disney World Resort June 30","views":153170},{"radio_likes_dislikes":52.144067796610166,"video_id":"Swv1il6PpN4","video_title":"How Tiny Food Videos Are Made","views":246960},{"radio_likes_dislikes":51.44604316546763,"video_id":"9pXLSjDkcEE","video_title":"L.A.’s Best Indian Food Is in This Gas Station","views":268248}]}
{"category_id":"43","videos":[{"radio_likes_dislikes":77.51768488745981,"video_id":"7_FJUSBFbJM","video_title":"Game of Zones - Game of Zones - S5:E1: 'A Golden Summer'","views":657183},{"radio_likes_dislikes":40.43722943722944,"video_id":"V6ElE2xs48c","video_title":"Game of Zones - S5:E5: The Isle of Van Gundy","views":765531},{"radio_likes_dislikes":20.103448275862068,"video_id":"lM0yu7c6lQk","video_title":"You're not crazy. Apple is slowing down older iPhones. (Apple Byte)","views":134433}]}
{"category_id":"29","videos":[{"radio_likes_dislikes":69.30827067669173,"video_id":"pwGbwYAfSmg","video_title":"5 books worth reading this summer","views":272583},{"radio_likes_dislikes":28.357512953367877,"video_id":"obRG-2jurz0","video_title":"Does saving more lives lead to overpopulation?","views":107702},{"radio_likes_dislikes":7.9074598358212995,"video_id":"oWjxSkJpxFU","video_title":"Suicide: Be Here Tomorrow.","views":8041970},{"radio_likes_dislikes":5.747719408619062,"video_id":"RQZr2NgKPiU","video_title":"Яхты, олигархи, девочки: охотница на мужчин разоблачает взяточника","views":5579079},{"radio_likes_dislikes":4.790726817042606,"video_id":"ZYKUXMAou3Q","video_title":"Rose McGowan Shares Her Thoughts On 'Time's Up' Movement | The View","views":295068}]}
