{"channel_name":"DHCテレビ","total_trending_days":169,"video_days":[{"trending_days":4,"video_id":"nvSvrGUaRL0","video_title":"【DHC】2/6(火) 百田尚樹×和田政宗×居島一平【スカイプゲスト：我那覇真子】"},{"trending_days":4,"video_id":"h5isK6A2giQ","video_title":"【DHC】2/7(水) 藤井厳喜×井上和彦×居島一平【虎ノ門ニュース】"},{"trending_days":2,"video_id":"HHaPe2vOFpM","video_title":"【DHC】2/9(金) 武田邦彦×須田慎一郎×居島一平【虎ノ門ニュース】"},{"trending_days":3,"video_id":"L5aegmxAyto","video_title":"【DHC】2/12月 青山 繁晴×居島一平【虎ノ門ニュース】"},{"trending_days":2,"video_id":"gFP_Coi71c8","video_title":"【DHC】2/14(水) ケント・ギルバート×半井小絵×居島一平【虎ノ門ニュース】"},{"trending_days":3,"video_id":"oczgr8WS0mY","video_title":"【DHC】2/16(金) 上念司×大高未貴×居島一平【虎ノ門ニュース】"},{"trending_days":2,"video_id":"bEhUemAk4WY","video_title":"【DHC】2/19月 青山繁晴×居島一平【虎ノ門ニュース】"},{"trending_days":2,"video_id":"rBJBJPlRi2I","video_title":"【DHC】2/20(火) 百田尚樹×居島一平【虎ノ門ニュース】"},{"trending_days":2,"video_id":"6N7r3Z9qXvQ","video_title":"【DHC】2/21(水) 藤井厳喜×井上和彦×居島一平【虎ノ門ニュース】"},{"trending_days":2,"video_id":"wQbcOfRkfYk","video_title":"【DHC】2/22(木) 有本香×竹田恒泰×居島一平【虎ノ門ニュース】"},{"trending_days":3,"video_id":"z1Cg1IYbNeM","video_title":"【DHC】2/23(金) 武田邦彦×須田慎一郎×居島一平【虎ノ門ニュース】"},{"trending_days":1,"video_id":"U2cbAnXr3Ko","video_title":"【DHC】2/26月 青山 繁晴×居島一平【虎ノ門ニュース】"},{"trending_days":2,"video_id":"bG28pexkVrk","video_title":"【DHC】2/27(火) 百田尚樹×高山正之×居島一平【虎ノ門ニュース】"},{"trending_days":1,"video_id":"GbOUprF2Nio","video_title":"【DHC】2/28(水) ケント・ギルバート×半井小絵×居島一平【虎ノ門ニュース】"},{"trending_days":2,"video_id":"wdefWo7G9Jc","video_title":"【DHC】3/1(木) 有本香×石平×居島一平【虎ノ門ニュース】"},{"trending_days":2,"video_id":"faUK0wjV3aI","video_title":"【DHC】3/2(金) 大高未貴×上念司×居島一平【虎ノ門ニュース】"},{"trending_days":2,"video_id":"6vnmgVSbwLo","video_title":"【DHC】3/5月 石平×高橋洋一×居島一平【虎ノ門ニュース】"},{"trending_days":1,"video_id":"DDsjUtaQsgw","video_title":"【DHC】3/6(火) 百田尚樹×田北真樹子×居島一平【虎ノ門ニュース】"},{"trending_days":2,"video_id":"JYoZpwJ_JbI","video_title":"【DHC】3/7(水) 藤井厳喜×井上和彦×居島一平【虎ノ門ニュース】"},{"trending_days":4,"video_id":"lFTb71xwk9M","video_title":"【DHC】3/8(木) 有本香×高市早苗×居島一平【虎ノ門ニュース】"},{"trending_days":1,"video_id":"3ov6mGqARvM","video_title":"『真相深入り！虎ノ門ニュース 楽屋入り！』2018/3/9配信"},{"trending_days":4,"video_id":"5FRmqjdtVVY","video_title":"【DHC】3/12月 ケント・ギルバート×上念司×居島一平【虎ノ門ニュース】"},{"trending_days":3,"video_id":"rczkY9AIM7I","video_title":"【DHC】3/16(金) 大高未貴×上念司×居島一平【虎ノ門ニュース】"},{"trending_days":2,"video_id":"YVk7tbKY37k","video_title":"【DHC】3/19月 原英史×岸博幸×居島一平【虎ノ門ニュース】"},{"trending_days":2,"video_id":"DuXg16DqTho","video_title":"【DHC】3/20(火) 百田尚樹×有本香×居島一平【虎ノ門ニュース】"},{"trending_days":4,"video_id":"WA4wc7qGSDI","video_title":"【DHC】3/21(水) 藤井厳喜×井上和彦×居島一平【虎ノ門ニュース】"},{"trending_days":3,"video_id":"PGsrC3AkB5I","video_title":"【DHC】3/23(金) 武田邦彦×須田慎一郎×居島一平【虎ノ門ニュース】"},{"trending_days":4,"video_id":"Ut2bntN5yYU","video_title":"【録画放送】【DHC】3/26(月) 青山 繁晴×居島一平【虎ノ門ニュース】"},{"trending_days":1,"video_id":"Nm_G9ujwG9Q","video_title":"【DHC】3/28(水) ケント・ギルバート×半井小絵×居島一平【虎ノ門ニュース】"},{"trending_days":2,"video_id":"uozKv54gob4","video_title":"【DHC】3/30(金) 大高未貴×上念司×居島一平【虎ノ門ニュース】"},{"trending_days":1,"video_id":"3aSGxtDQokE","video_title":"『真相深入り！虎ノ門ニュース 楽屋入り！』2018/3/30配信"},{"trending_days":2,"video_id":"77z1JM2CrA4","video_title":"【DHC】4/2(月) 青山繁晴×居島一平【虎ノ門ニュース】"},{"trending_days":2,"video_id":"wXwFUDg1Xjg","video_title":"【DHC】4/3(火) 百田尚樹×阿比留瑠比×居島一平【虎ノ門ニュース】"},{"trending_days":2,"video_id":"wN_AvLzBpZc","video_title":"【DHC】4/4(水) 藤井厳喜×井上和彦×居島一平【虎ノ門ニュース】"},{"trending_days":1,"video_id":"yzUOGXscUhU","video_title":"【DHC】4/5(木) 有本香×石平×居島一平【虎ノ門ニュース】"},{"trending_days":2,"video_id":"pw_XUotmaSA","video_title":"【DHC】4/6(金) 武田邦彦×須田慎一郎×居島一平【虎ノ門ニュース】"},{"trending_days":1,"video_id":"k9M6yrBsez8","video_title":"『真相深入り！虎ノ門ニュース 楽屋入り！』2018/4/6配信"},{"trending_days":2,"video_id":"RaICQ5uXPpo","video_title":"【DHC】4/16(月) 青山繁晴×居島一平【虎ノ門ニュース】"},{"trending_days":1,"video_id":"_L58zomsaAY","video_title":"【DHC】4/17(火) 百田尚樹×坂東忠信×居島一平【虎ノ門ニュース】"},{"trending_days":1,"video_id":"QGhFKbvZW5E","video_title":"【DHC】4/18(水) 藤井厳喜×井上和彦×居島一平【虎ノ門ニュース】"},{"trending_days":1,"video_id":"rFNrOqDfsjk","video_title":"【DHC】4/19(木) 有本香×ケント・ギルバート×居島一平【虎ノ門ニュース】"},{"trending_days":1,"video_id":"AXwIWMfHVek","video_title":"【DHC】4/20(金) 武田邦彦×須田慎一郎×居島一平【虎ノ門ニュース】"},{"trending_days":1,"video_id":"71B7GBm4Hfg","video_title":"『真相深入り！虎ノ門ニュース 楽屋入り！』2018/4/20配信"},{"trending_days":1,"video_id":"ZL7nwLyWYww","video_title":"【DHC】4/23(月) 青山繁晴×居島一平【虎ノ門ニュース】"},{"trending_days":2,"video_id":"D7ItU9D30Dg","video_title":"【DHC】4/24(火) 百田尚樹×我那覇真子×有本香×居島一平【虎ノ門ニュース】"},{"trending_days":1,"video_id":"OIt75bcjp7Q","video_title":"【DHC】4/25(水) ケント・ギルバート×半井小絵×居島一平【虎ノ門ニュース】"},{"trending_days":2,"video_id":"fj6Z4UbJLNU","video_title":"【DHC】4/26(木) 有本香×竹田恒泰×居島一平【虎ノ門ニュース】"},{"trending_days":3,"video_id":"T9knX49K5FQ","video_title":"【DHC】4/27(金) 上念司×大高未貴×居島一平【虎ノ門ニュース】"},{"trending_days":2,"video_id":"JJHsGXj0IxQ","video_title":"【DHC】4/30(月) 上念司×有本香×居島一平【虎ノ門ニュース】"},{"trending_days":1,"video_id":"FhXUXr5EzME","video_title":"【DHC】5/1(火) 百田尚樹×田北真樹子×居島一平【虎ノ門ニュース】"},{"trending_days":2,"video_id":"UxtQJWm-GOg","video_title":"【DHC】5/2(水) 藤井厳喜×井上和彦×居島一平【虎ノ門ニュース】"},{"trending_days":2,"video_id":"dLK8TuC631k","video_title":"【DHC】5/3(木) 有本香×石平×居島一平【虎ノ門ニュース】"},{"trending_days":3,"video_id":"tg3qdfomLUo","video_title":"【DHC】5/4(金) 武田邦彦×須田慎一郎×居島一平【虎ノ門ニュース】"},{"trending_days":2,"video_id":"2VhpSElbF1A","video_title":"【DHC】5/7(月) 青山繁晴×居島一平【虎ノ門ニュース】"},{"trending_days":1,"video_id":"xH6j4Bk1Mrg","video_title":"【DHC】5/8(火) 百田尚樹×織田邦男×居島一平【虎ノ門ニュース】"},{"trending_days":1,"video_id":"52jwc8VgheU","video_title":"【DHC】5/9(水) ケント・ギルバート×石平×居島一平【虎ノ門ニュース】"},{"trending_days":1,"video_id":"VwdETREi5ow","video_title":"【DHC】5/10(木) 有本香×竹田恒泰×居島一平【ゲスト：山谷えり子 参議院議員】"},{"trending_days":2,"video_id":"pXlsOUDtfqo","video_title":"【DHC】5/11(金) 上念司×大高未貴×居島一平【虎ノ門ニュース】"},{"trending_days":2,"video_id":"kOw1p5SWwUI","video_title":"【DHC】5/14(月) 青山繁晴×居島一平【虎ノ門ニュース】"},{"trending_days":2,"video_id":"34YloKAiRkY","video_title":"【DHC】5/15(火) 百田尚樹×居島一平【虎ノ門ニュース】"},{"trending_days":2,"video_id":"KQ2__O2WMMc","video_title":"【DHC】5/16(水) 藤井厳喜×井上和彦×居島一平【虎ノ門ニュース】"},{"trending_days":2,"video_id":"PLRg18EZL3k","video_title":"【DHC】5/17(木) 有本香×萩生田光一×居島一平【虎ノ門ニュース】"},{"trending_days":6,"video_id":"6bOR36DhAZg","video_title":"【DHC】5/18(金) 武田邦彦×須田慎一郎×居島一平【虎ノ門ニュース】"},{"trending_days":2,"video_id":"CF6GNtrTJns","video_title":"【DHC】5/21(月) 青山繁晴×居島一平【虎ノ門ニュース】"},{"trending_days":2,"video_id":"0qMlRIoHA2Y","video_title":"【DHC】5/22(火) 百田尚樹×我那覇真子×居島一平【虎ノ門ニュース】"},{"trending_days":2,"video_id":"Z1UFiaBxr1k","video_title":"【DHC】5/23(水) 上念司×ケント・ギルバート×居島一平【虎ノ門ニュース】"},{"trending_days":2,"video_id":"vFLQRDnN5rY","video_title":"【DHC】5/24(木) 有本香×竹田恒泰×居島一平【虎ノ門ニュース】"},{"trending_days":2,"video_id":"V2PVXvxiORk","video_title":"【DHC】5/25(金) 上念司×大高未貴×居島一平【虎ノ門ニュース】"},{"trending_days":2,"video_id":"CUVGUlfZ8ok","video_title":"『真相深入り！虎ノ門ニュース 楽屋入り！』2018/5/25配信"},{"trending_days":2,"video_id":"rKEsifVyFfY","video_title":"【DHC】5/28(月) 藤井厳喜×石平×居島一平【虎ノ門ニュース】"},{"trending_days":2,"video_id":"-7FwdKb0Fg4","video_title":"【DHC】5/29(火) 百田尚樹×石平×居島一平【虎ノ門ニュース】"},{"trending_days":2,"video_id":"0RXgXGcrUvQ","video_title":"【DHC】5/31(木) 有本香×長尾たかし×居島一平【虎ノ門ニュース】"},{"trending_days":2,"video_id":"Oc3lTMvQaeA","video_title":"【DHC】6/1(金) 武田邦彦×須田慎一郎×居島一平【虎ノ門ニュース】"},{"trending_days":1,"video_id":"ANvNV4-mT2c","video_title":"『真相深入り！虎ノ門ニュース 楽屋入り！』2018/6/1配信"},{"trending_days":2,"video_id":"2MdLirxityY","video_title":"【DHC】6/4(月) 青山繁晴×有本香×ケント・ギルバート×居島一平【虎ノ門ニュース】"},{"trending_days":2,"video_id":"nvzfO4GG5ug","video_title":"【DHC】6/5(火) 百田尚樹×山田吉彦×居島一平【虎ノ門ニュース】"},{"trending_days":2,"video_id":"Y_SKxfKTH10","video_title":"【DHC】6/6(水) 井上和彦×藤井厳喜×居島一平【虎ノ門ニュース】"},{"trending_days":2,"video_id":"e3jLP3hp8Tk","video_title":"【DHC】6/7(木) 有本香×石平×居島一平【虎ノ門ニュース】"},{"trending_days":3,"video_id":"bWkn12b6swE","video_title":"【DHC】6/8(金) 上念司×大高未貴×居島一平【虎ノ門ニュース】"},{"trending_days":2,"video_id":"W3k0s0jaREQ","video_title":"【DHC】6/11(月) 青山繁晴×居島一平【虎ノ門ニュース】"},{"trending_days":2,"video_id":"2HRdj3K1a-M","video_title":"【DHC】6/12(火) 百田尚樹×和田政宗×有本香×居島一平【虎ノ門ニュース】"},{"trending_days":3,"video_id":"jF5kDifTKQk","video_title":"【DHC】6/13(水) ケント・ギルバート×北村晴男×居島一平【虎ノ門ニュース】"}]}
{"channel_name":"釣りよかでしょう。","total_trending_days":141,"video_days":[{"trending_days":2,"video_id":"wIdrjXroKC0","video_title":"釣ってきたアジとアラカブでシーフードピザを作る！"},{"trending_days":2,"video_id":"AM7KcJ8Y_1Q","video_title":"１０キロブリを狙ってたら全身ヌルヌルの巨大魚が釣れた！！"},{"trending_days":2,"video_id":"UkoV2-koBUQ","video_title":"【超過酷】-10℃の雪山でキャンプにチャレンジ！"},{"trending_days":2,"video_id":"hmrKjDgVpwI","video_title":"極寒の中ついに渓流の王様を捕獲した！！！"},{"trending_days":2,"video_id":"8tyLtmWb6xQ","video_title":"鮭じゃない〇〇の腹から幻の黄金イクラが・・・"},{"trending_days":2,"video_id":"5goJ07oaZp0","video_title":"生きたアジを泳がせて◯◯◯が釣れた！！"},{"trending_days":2,"video_id":"-4sTmNTKmGM","video_title":"釣ったアジとシーバスでハンバーグハンバーガー！？"},{"trending_days":2,"video_id":"pjDP7HEo1Fs","video_title":"真冬の有明海で沖メバル！爆釣！"},{"trending_days":2,"video_id":"8Soz4ZuNKF8","video_title":"冬に美味しいギョロ目の魚を調理する！"},{"trending_days":2,"video_id":"V3Ervz5ji0E","video_title":"フィッシングショー大阪でシマノブースに突撃取材!!"},{"trending_days":1,"video_id":"lak76KUMECI","video_title":"福島県に初上陸！道中まさかの遭難!!【ワカサギ釣りへ】＃１"},{"trending_days":2,"video_id":"S5vhdlDmjqs","video_title":"氷の穴釣り？難しさにメンバー大苦戦！【ワカサギ釣り】＃２"},{"trending_days":2,"video_id":"uB0h-7Kn3Y8","video_title":"雪国で釣った大量のワカサギを〇〇で揚げると激ウマに！！＃３"},{"trending_days":1,"video_id":"g3e9iJXqQhQ","video_title":"今回はあの◯◯釣りに挑戦！熱い対決が始まる！＃４"},{"trending_days":2,"video_id":"IqCrzdjdAbY","video_title":"氷上ワカサギ釣り対決!！初代ワカサギ王がついに決定！ ＃5"},{"trending_days":1,"video_id":"LyN5lUoKYE0","video_title":"釣ったワカサギで超簡単！絶品釣り人料理！！！"},{"trending_days":2,"video_id":"tiE_A8i9Obs","video_title":"釣りよか初のフカセ釣りで青い瞳の魚が釣れた！"},{"trending_days":2,"video_id":"bFh6jkI02iM","video_title":"釣ったクロと市場で購入した新鮮な魚を使って料理！"},{"trending_days":2,"video_id":"4nS2EUaKy8E","video_title":"短時間で青物瀑釣!?釣り楽しいね〜！"},{"trending_days":2,"video_id":"eB9FGIrFC7o","video_title":"玄海灘の寒ブリで三種の絶品料理！！！"},{"trending_days":2,"video_id":"sxBMG0mjZKQ","video_title":"解禁日に釣ったヤマメであの絶品料理を再現！"},{"trending_days":2,"video_id":"XnSdt-5qjaA","video_title":"キャンピングカーでダムと海へ遠征！久しぶりの魚が釣れた！"},{"trending_days":1,"video_id":"ZK2MwfMxcSc","video_title":"爆風！超悪条件の中でも神技を使えば！！！"},{"trending_days":2,"video_id":"3NEw-56fw2g","video_title":"釣ったスズキでピリ辛なあの料理！みっぴ緊急参戦！！！"},{"trending_days":2,"video_id":"vd5SIz-tNd0","video_title":"初めての離島での穴釣り！巨大なテトラの中に入っていく！！"},{"trending_days":2,"video_id":"6R43hkHxGJ8","video_title":"アラカブをホットドック風に料理してみた！"},{"trending_days":1,"video_id":"Nm0eWaE252k","video_title":"渓流の女王と呼ばれる美しい魚を釣る！！"},{"trending_days":2,"video_id":"xBpjDxXoQKs","video_title":"キャンピングカーで初のキャンプ！アマゴ釣った料理！！"},{"trending_days":2,"video_id":"wrzNa91Rj44","video_title":"釣った魚で飢えを凌ぐ！離島でサバイバル飯！"},{"trending_days":2,"video_id":"bvDKX3hXAXY","video_title":"絶品！釣った高級魚をあの料理にしてみた！！！"},{"trending_days":2,"video_id":"ATl3ardB3r8","video_title":"溶岩みたいなブラック天ぷらを食べる！"},{"trending_days":2,"video_id":"NS3Klzo839E","video_title":"ショアジギングで青物を狙う！返り討ちにあった離島にリベンジ！"},{"trending_days":2,"video_id":"LsiOAeewM38","video_title":"離島は夜も調子が良かった！キロアップのイカを狙う！！"},{"trending_days":1,"video_id":"AKU05n325Ck","video_title":"陸から青物の群れにルアーを投げたら・・・！！"},{"trending_days":2,"video_id":"-09XygZcXEU","video_title":"釣った魚で絶品海鮮チヂミを作る！！"},{"trending_days":1,"video_id":"605STbJTJLw","video_title":"トップで狙え！10㎏級の春のヒラマサ！！ #1"},{"trending_days":2,"video_id":"SrU1SqPZZg0","video_title":"巨大な青物を釣ってついでに春イカも狙ってみたが・・・？"},{"trending_days":2,"video_id":"rZS2jCfp7ho","video_title":"コウイカの濃いイカ墨を使ってイカ墨パスタを作る！"},{"trending_days":2,"video_id":"DGFVdbWHafo","video_title":"釣ってきたギガアジを軍艦巻きにする！！"},{"trending_days":2,"video_id":"vlh1jD0COCw","video_title":"鯛の白子チャレンジ！！今年はゲット出来るのか？"},{"trending_days":1,"video_id":"rQbYK_0Dpxc","video_title":"ついに記録更新！釣りよか史上最大の◯◯が釣れた！"},{"trending_days":3,"video_id":"u-x6FqgfzKs","video_title":"1匹から2つしか取れない幻の食材を食べる！！"},{"trending_days":1,"video_id":"EOGPnfA_tR0","video_title":"夜のホタルイカ掬いに挑戦！爆湧きなるか！？"},{"trending_days":1,"video_id":"iYu1k3ZiSwM","video_title":"遠征3日目！渓流釣りでニジマスを狙うが・・・"},{"trending_days":1,"video_id":"vn4mcriGtIU","video_title":"毎投釣れる！？ホタルイカパターンの釣りで大爆釣！"},{"trending_days":2,"video_id":"bmRWJi7I6bM","video_title":"ついにきた！富山の神秘ホタルイカの身投げ！！"},{"trending_days":1,"video_id":"9kt0TxkHLiM","video_title":"５０オーバーのバスが大量に！？釣りよか新記録を本気で狙う！"},{"trending_days":2,"video_id":"d23rncqyoWI","video_title":"超絶品！贅沢！ホタルイカ尽くし料理がこれだ！"},{"trending_days":1,"video_id":"28iiy8aOG1w","video_title":"一年ぶりの島！デカイカに今年もチャレンジ！！！"},{"trending_days":1,"video_id":"fXs2kY7j6Dg","video_title":"釣れたイカと根魚で作る海鮮ユッケ丼が美味すぎた！"},{"trending_days":1,"video_id":"eBIPw6VMZTQ","video_title":"イカを狙ったはずが予想外の生物がかかった・・・"},{"trending_days":1,"video_id":"ccQSvRxFRx4","video_title":"イカの聖地五島遠征最終日！デカイカゲットなるか？"},{"trending_days":1,"video_id":"GWQ6AtZOkfI","video_title":"釣れたタコとイカでタコ焼きを作る！！"},{"trending_days":1,"video_id":"t0wcAdMIxv0","video_title":"超希少!?釣り対決で超キレイな魚が釣れた!!"},{"trending_days":1,"video_id":"XPBZspgVGcA","video_title":"アイドル×おっさんで釣りをしたら大変だった・・・！"},{"trending_days":2,"video_id":"wvM4fxVDvQQ","video_title":"釣りガール３人と釣りをしたら萌え死にした・・・"},{"trending_days":2,"video_id":"81KgGf-PX9o","video_title":"超絶品!!釣りよか史上最高のパスタを作る！"},{"trending_days":2,"video_id":"6I_iZoA0zeU","video_title":"レンタルボートで海に出たらまたあの喧嘩が始まった・・・"},{"trending_days":2,"video_id":"6qFv0_1yzqc","video_title":"釣ったタコを投げたら毒魚が釣れた！！"},{"trending_days":2,"video_id":"meS3itC_gdI","video_title":"ダジャレ料理？タコでタコライスを作る！"},{"trending_days":2,"video_id":"77cjCgXxoGM","video_title":"イカが大爆釣！目の前でエギが食べられる！！"},{"trending_days":2,"video_id":"Jk2xSclXb9U","video_title":"濃過ぎるコウイカのイカ墨で真っ黒のハンバーグを作ってみた！"},{"trending_days":2,"video_id":"YD81VwGvUBc","video_title":"シーズン到来！キス釣りをしてたらまさかの○○が釣れた！！！"},{"trending_days":2,"video_id":"7lhRoSe-POc","video_title":"陸から大遠投したらデカいキスが大爆釣！！"},{"trending_days":1,"video_id":"gW1GzBder-Q","video_title":"大量に釣ってきたキスを天ぷらに！激ウマ！！！"},{"trending_days":2,"video_id":"pMI1V-iiboI","video_title":"ヘビみたいな魚がここまで巨大に・・・！？"},{"trending_days":2,"video_id":"LZVKkzUCXVE","video_title":"全長１m４５cmの巨大ハモをさばいて食べる！！"},{"trending_days":2,"video_id":"tcir-m7YtoM","video_title":"潮干狩りに行ったらあの高級貝が・・・！？"},{"trending_days":4,"video_id":"QHUj71CF7EE","video_title":"デカイ!!船で２kgオーバーのイカを狙う！"},{"trending_days":2,"video_id":"9Oatwl0daBs","video_title":"【巨大イカ】和丸船エギング！2キロアップ狙いで記録更新！？！？"},{"trending_days":2,"video_id":"fA1dYQxzzjA","video_title":"釣りよかルアーで待望のあの魚が！！！"},{"trending_days":2,"video_id":"2r7aXvx4-Ps","video_title":"離島へ巨大イカリベンジ！...のはずが？？"},{"trending_days":2,"video_id":"n6wxDoAs6_4","video_title":"アオリイカパラダイスと聞いてやってきたが・・・"},{"trending_days":2,"video_id":"tobvJiE6tmk","video_title":"これが食の進化!?新たなイカ卵黄を開発した!!"},{"trending_days":1,"video_id":"Wnn7ZXDUz70","video_title":"用水路で手が長いエビ釣ってみた！"},{"trending_days":3,"video_id":"vUOyBUXSBTI","video_title":"無限にイカが釣れるイカメタルをやってみたら・・・"},{"trending_days":2,"video_id":"VgYUkbAWDtg","video_title":"根魚を狙う予定が1人釣り無双しだした！！"},{"trending_days":2,"video_id":"W4cZqsZgZs0","video_title":"原点回帰！王道の超絶品料理を食べてもらう!!"},{"trending_days":2,"video_id":"dH92j1RhNNc","video_title":"街中の川でチヌがトップで炸裂！！"}]}
{"channel_name":"釣りよか飯","total_trending_days":108,"video_days":[{"trending_days":2,"video_id":"ze4qQICHOws","video_title":"そんな所が食べられるの！？牛の尻尾入りカレー！！"},{"trending_days":3,"video_id":"DJoEfkq-OUM","video_title":"見た目は柑橘系！？キンカンを使っておつまみを作る！"},{"trending_days":2,"video_id":"kWn_AgaEQbU","video_title":"メバルの皮を湯引きしてみると・・・"},{"trending_days":3,"video_id":"EqMvuruFap0","video_title":"タラの白子1キロを食らいつくすと美味すぎた！！"},{"trending_days":2,"video_id":"uOW7ADErhCM","video_title":"高級なウニを使ったパスタが超絶品だった！"},{"trending_days":3,"video_id":"WFhFNB1a5ns","video_title":"お酒のおつまみに佐賀県名産の〇〇が最強すぎる！！"},{"trending_days":2,"video_id":"f9UfcBoWyQY","video_title":"超絶品！！レトルトカレーが簡単焼カレーうどんに！？"},{"trending_days":2,"video_id":"TnziZfjQaw4","video_title":"中国に伝わる高級料理『水晶鶏』が自宅で簡単に作れる！？"},{"trending_days":1,"video_id":"VUqS1bfCMLE","video_title":"コストコでイクラをかって乗せ放題丼やってみた"},{"trending_days":2,"video_id":"uiC3VliPmrk","video_title":"コストコ飯たった2000円で家族も大満足の料理を食べる！"},{"trending_days":2,"video_id":"j-r77CZlIvM","video_title":"コストコの味付き肉でみんな大好きあの料理！！！"},{"trending_days":4,"video_id":"PiQQrsO-ND0","video_title":"高級あわびを使って絶品料理作ってみた"},{"trending_days":2,"video_id":"EpRnnSr6idA","video_title":"ハンバーグに大量のチーズをぶっかけた！！"},{"trending_days":2,"video_id":"eKYFBPDeXMU","video_title":"ザリガニみたいな高級エビを料理する！"},{"trending_days":2,"video_id":"omj7-IvHn4s","video_title":"みんなが知ってるおかしで激ウマ料理！！"},{"trending_days":2,"video_id":"pNIcFMop5yM","video_title":"アングラーズアイドルによるアスパラチーズベーコン巻き！"},{"trending_days":2,"video_id":"abS01yuwybM","video_title":"クリームパスタに！大量のチーズかけてみた！！！"},{"trending_days":1,"video_id":"ZTgL4RDfcx0","video_title":"高級松坂牛であえてあの料理を作る！？"},{"trending_days":2,"video_id":"re9RyaOpnNs","video_title":"超簡単!!アイスの天ぷらが美味すぎる！"},{"trending_days":1,"video_id":"mtq-cqrr-W4","video_title":"生桜えびと生しらすで贅沢丼を作って食べる！"},{"trending_days":1,"video_id":"Hg3Te-ckkhM","video_title":"ニンニク大量の激クサガーリックライス食べてみた！"},{"trending_days":1,"video_id":"BXPM7wAeKnY","video_title":"イカ墨パスタの汁を使ってリゾットを作る！"},{"trending_days":1,"video_id":"OoFy33jLp8k","video_title":"実験？？料理？？昔の記憶を呼び起こす！"},{"trending_days":1,"video_id":"N6nY7IchB4o","video_title":"チーズを肉で包んで！さらに肉を肉で包んでみた！！！"},{"trending_days":1,"video_id":"OFkdncmbpl0","video_title":"春の旬の食材を使うと！匂いまで美味かった！！！"},{"trending_days":2,"video_id":"A0NntfJuVM8","video_title":"スーパーのステーキ肉で！激うまローストビーフ風丼！！！"},{"trending_days":1,"video_id":"MXgps9lnpsY","video_title":"家庭の味を再現！これが俺の大好物だ！！"},{"trending_days":2,"video_id":"BeWzBdccZEA","video_title":"余り物を使って！簡単激ウマ料理！！！"},{"trending_days":1,"video_id":"FuQfQKXCImg","video_title":"みんな大好き！お店の味を再現！！！"},{"trending_days":1,"video_id":"bKBAPu___Ck","video_title":"居酒屋秘伝のソース！ジャポネソースを作ってみた！！！"},{"trending_days":2,"video_id":"paL32hY2i9U","video_title":"リンゴと醤油で漬け込んだマジ美味唐揚げ！"},{"trending_days":2,"video_id":"zh97RIOHZVU","video_title":"ゾウリエビ食べてみた！！"},{"trending_days":1,"video_id":"kiSikFKOhpA","video_title":"ゴルフの景品で頂いたキムチで豚キムチを作る！"},{"trending_days":1,"video_id":"OWYQFmWTk_M","video_title":"一粒？？？？？円高級梅を食べてみた！！！"},{"trending_days":1,"video_id":"Pnk7iBWYHFs","video_title":"激ウマ！一番好きなあの○○が届いた！！！"},{"trending_days":1,"video_id":"7T4phyaxZGc","video_title":"生ハムの原木買っちゃった"},{"trending_days":1,"video_id":"81lA9jhM1cc","video_title":"原木から切り出した生ハムのシーザーサラダが激ウマだった"},{"trending_days":1,"video_id":"x2ATBbagb24","video_title":"富山県で捕ってきたホタルイカでパエリアを作る！"},{"trending_days":2,"video_id":"BdLOwHDUxR0","video_title":"【実験】牛乳に○○を入れるとヨーグルトに！？"},{"trending_days":2,"video_id":"0XDVzshzfBE","video_title":"ダッヂオーブンで激ウマ！特製石焼きビビンバ！！"},{"trending_days":2,"video_id":"JCdl4iGYMvg","video_title":"伊勢海老３匹を丸ごと使って巨大エビフライ！？"},{"trending_days":2,"video_id":"utjcDyafQh8","video_title":"IHクッキングヒーターのコゲをキレイにする！"},{"trending_days":2,"video_id":"8RlbfwXmFQo","video_title":"ハマグリや金目鯛がのった高級お茶漬けを食べる！"},{"trending_days":2,"video_id":"l27GmAbTl9E","video_title":"【絶品】七輪で色んな物を焼いたら最強だった！！！"},{"trending_days":2,"video_id":"Zudw_7x6zn4","video_title":"二度と出ない!?給食に出てた究極の一品を簡単に作る！"},{"trending_days":2,"video_id":"iHtKyiWlaro","video_title":"おかず？おつまみ？生ハムとラクレットで天ぷら料理!!"},{"trending_days":2,"video_id":"Xqx1rQ1Q9ck","video_title":"原宿のパンケーキが自宅でも超簡単に作れる！？"},{"trending_days":2,"video_id":"N5O4wzuJOr8","video_title":"超高級クラウンメロンで生ハムメロン作ってみた結果・・・"},{"trending_days":4,"video_id":"4j9DoB2dD4s","video_title":"顔ついてるやん...鳥を丸々１匹食す！"},{"trending_days":2,"video_id":"batFQVaCv9o","video_title":"お肉超たっぷり贅沢すき焼き丼を作ってみた！！"},{"trending_days":1,"video_id":"Ri0lfUx8D1U","video_title":"超激安中国産松茸を買ってみたが..."},{"trending_days":2,"video_id":"6i1v4U2UU3A","video_title":"七輪で焼チョコバナナ作ってみた！！！"},{"trending_days":2,"video_id":"uLCqiJCE2U0","video_title":"もらったうどんを夏でも美味しい冷やしうどんに！"},{"trending_days":2,"video_id":"doEhdnL_ZYc","video_title":"見た目はあれだけど美味しいドーナッツができた！！"},{"trending_days":1,"video_id":"FPHiSHcJNIY","video_title":"松坂牛100％のハンバーグが衝撃すぎた！！！"},{"trending_days":4,"video_id":"2Ln5CrsqmoQ","video_title":"【絶品】あの粉でエビマヨ作ったら・・・？"},{"trending_days":2,"video_id":"xsJ4ZuXx05o","video_title":"好きな具材を入れてオリジナルお好み焼きに！"},{"trending_days":2,"video_id":"B9eHrtRTZZ0","video_title":"ネコのう〇こで作るコーヒー飲んでみた【コピ・ルアク】"},{"trending_days":2,"video_id":"0NCguOcUML0","video_title":"家でお祭り気分！グルグルグル〜ポイッ！"}]}
{"channel_name":"MEGWIN TV","total_trending_days":88,"video_days":[{"trending_days":2,"video_id":"FOeBj6CH4Hs","video_title":"【DIY】レンガで本格ピザ窯を作る！【三日目:焼き床切断】"},{"trending_days":3,"video_id":"1BAhgSeBkb8","video_title":"【激辛】激辛ラーメンに一味唐辛子1本丸々入れたら泣いた…"},{"trending_days":2,"video_id":"G-jCLu-J8IY","video_title":"ケンタッキーの骨でダシとったら本格【ラーメン二郎】できた！"},{"trending_days":3,"video_id":"6dbEyGtJXIg","video_title":"焼肉安安で大食いやってみた【焼肉安安】"},{"trending_days":1,"video_id":"UfEuLCzrstY","video_title":"【大食い】コストコの巨大肉5kgをローストビーフ丼にして食べる"},{"trending_days":2,"video_id":"uk6tx4HjXJ8","video_title":"【お金が消える】東京ディズニーランドで1万円コーデしてみた"},{"trending_days":2,"video_id":"n9gHwYCCQ7w","video_title":"【ディズニー】ディズニーランドで1万円使い切るまで帰れま10"},{"trending_days":1,"video_id":"OuGaIXZJksc","video_title":"ディズニーランドでタバコ吸う"},{"trending_days":2,"video_id":"fV9xDKUR_j0","video_title":"【大食い】ディズニーランドで1万円使い切るまで帰れま10！最終回"},{"trending_days":1,"video_id":"LM1yPMxxpYU","video_title":"アルミホイル100mを1万回叩くと包丁並に切れるらしい"},{"trending_days":1,"video_id":"V3pmhjfdaXk","video_title":"アルミホイル100mを叩いて作った球を業務用の砥石で磨く"},{"trending_days":4,"video_id":"nartxjEHWXM","video_title":"【ご報告】MEGWIN出演回数減少疑惑について"},{"trending_days":1,"video_id":"V0tAbfzyPj0","video_title":"アルミホイル鉄球を溶かして砥いでナイフにしたい！"},{"trending_days":2,"video_id":"FAsfu2FCodY","video_title":"ユニクロで１万円分服買ったら大事故にｗｗｗ"},{"trending_days":2,"video_id":"SXB2D4eKn6U","video_title":"フィッシャーズがケンカし始めた！！"},{"trending_days":1,"video_id":"GL9g4PyA2lw","video_title":"【衝撃】船乗り場の隣で信じられない生物が・・・"},{"trending_days":3,"video_id":"W7WvkVjomoY","video_title":"【大食い】45分ケンタッキー食べ放題チャレンジ！！"},{"trending_days":1,"video_id":"TcHdTT1JQGo","video_title":"英語禁止ボウリングはやってはいけなかった"},{"trending_days":1,"video_id":"t7I4kCpIMWk","video_title":"業務用肉切りマシンでピザ切ってみたwww"},{"trending_days":1,"video_id":"sJOrJEuyhXs","video_title":"【超地獄】3人連続ストライク出るまで帰れません！【ボウリング】"},{"trending_days":1,"video_id":"KUf_I0MvpZ4","video_title":"業務用肉ミンチマシンがガチでスゴ過ぎたwww"},{"trending_days":1,"video_id":"LvXR5A5TAw4","video_title":"【超危険】スズメバチ疑惑の巣を撤去しに行こうとしたら大量発生していた"},{"trending_days":2,"video_id":"M5d1WsuvSdE","video_title":"MEGWINに金を借りて1000000円のスクラッチに全額使った結果"},{"trending_days":2,"video_id":"qR2aA05pJ74","video_title":"【スズメバチ超え】巨大なハチの巣の中はどうなっているのか"},{"trending_days":6,"video_id":"f9Ggvq_4Jdo","video_title":"【超高級スーパー】成城石井１万円食べ切るまで帰れま10！"},{"trending_days":4,"video_id":"DF2jFoHlV18","video_title":"MEGWINとバンディ仲良すぎる説【TikTok】"},{"trending_days":2,"video_id":"q6mR-xo8TKM","video_title":"1万円の超高級味噌汁が犯罪的にウマかった！！！"},{"trending_days":2,"video_id":"WwUyVFAaSks","video_title":"【ドッキリ】本気で作った落とし穴がヤバすぎたwww【ピタゴラドッキリスイッチ】"},{"trending_days":2,"video_id":"zbyrHFUKdVA","video_title":"MEGWINがコンビニで買って来たもの全メニュー制覇ｗｗｗ"},{"trending_days":2,"video_id":"7QB849kvgeY","video_title":"一週間スイカを漂白剤につければ白くて甘いスイカになるはず‼"},{"trending_days":2,"video_id":"91u8DhTg9zA","video_title":"【大食い】居酒屋で10次会するまで帰れま10"},{"trending_days":1,"video_id":"LjF9KGTLFFc","video_title":"【ドッキリ】飲み水にアノ激臭の液体を混ぜたらトンデモナイ事にwww"},{"trending_days":2,"video_id":"Jqmnhq6zTxc","video_title":"１万円でたった１個の超高級おにぎり作ってみた！！"},{"trending_days":3,"video_id":"awsVrbK55hk","video_title":"【大食い】超高カロリー朝ごはん作ってみた【25218Kcal】"},{"trending_days":2,"video_id":"qNknhEW508E","video_title":"【整形】鼻を高くしました"},{"trending_days":2,"video_id":"UydwPUGjtc0","video_title":"【大食い】居酒屋で10次会するまで帰れま10③"},{"trending_days":4,"video_id":"4IsSMhIyRtc","video_title":"ガスト全メニューをミキサーで混ぜたらアレの味になるらしいだと！"},{"trending_days":2,"video_id":"JV3axInogbs","video_title":"ドンキホーテで絶対にいらないもの一万円分買ってみた"},{"trending_days":2,"video_id":"bV3zocjXipg","video_title":"逮捕について"},{"trending_days":4,"video_id":"yoVF8GqzTos","video_title":"【大食い】居酒屋で10次会するまで帰れま10【最終回】"},{"trending_days":2,"video_id":"7wkbjFlMpxw","video_title":"【大食い】超高カロリー夜食作ってみた【34714Kcal】"},{"trending_days":2,"video_id":"9omeoax7uhg","video_title":"ほっともっとの弁当を全部おにぎりにしてみた"}]}
{"channel_name":"はいじぃ迷作劇場","total_trending_days":86,"video_days":[{"trending_days":4,"video_id":"FVPmVIfl3-o","video_title":"究極の激ウマ丼の作り方。"},{"trending_days":2,"video_id":"p6XQMkLpHo4","video_title":"ドンキの激安弁当が爆盛りでビビった！！"},{"trending_days":2,"video_id":"1lhgmlXRd64","video_title":"【富士そば】凄い欲張りメニューを食べてみた！！"},{"trending_days":1,"video_id":"ZMLGyQ91igw","video_title":"最強無敵の台湾まぜそば＋追い飯に崩れ落ちる！！【混ぜそば みなみ】"},{"trending_days":2,"video_id":"worzXmLV5Tg","video_title":"500円の満腹定食！怒涛の唐揚げ！エビフライ！過去最高のコスパ店を発見！【居酒屋 光】"},{"trending_days":2,"video_id":"_1DDZz1FRmI","video_title":"縦に立つほどの極厚ステーキを焼いて食う！！！"},{"trending_days":2,"video_id":"Sc2A2UeQY3E","video_title":"伝説の巨大焼肉をフルコースで食べてみた！"},{"trending_days":2,"video_id":"zWlAwYRJj3c","video_title":"【埼玉】レトロ自販機の密集地でプチ贅沢うどんを味わう！"},{"trending_days":2,"video_id":"cjd4jGGuaHI","video_title":"大量の餃子に挑戦したらまさかの展開に！【渋谷餃子】"},{"trending_days":4,"video_id":"bg5kyJ8-Vdk","video_title":"具材入れ放題！ご飯おかわり自由のまぜそば屋が楽しすぎ！旨すぎ！【異端児】"},{"trending_days":2,"video_id":"7eyu_1xqoqs","video_title":"【衝撃】くら寿司の斬新すぎる新メニュー全種類食べてみた！"},{"trending_days":4,"video_id":"5ejTW_t1qdo","video_title":"業務スーパーの安すぎるカップ麺を食べてみた！"},{"trending_days":2,"video_id":"7o_78vZTelY","video_title":"チーズの海に沈めて食べるサムギョプサルが最高すぎ！"},{"trending_days":2,"video_id":"BesbFVah6RI","video_title":"10円の焼肉屋を発見！思い切って食べてみた！！"},{"trending_days":1,"video_id":"EiuSW9YYLB8","video_title":"100円でマグロ中落ちのガチ盛りを堪能できるお店を発見！"},{"trending_days":2,"video_id":"LZS-KSkqwAY","video_title":"巨大焼肉＆ウニの生肉軍艦の贅沢寿司を乱れ食い！"},{"trending_days":2,"video_id":"fBAadeCruE0","video_title":"【やよい軒】過去最大メニューを満腹食い！【巨大チキン】"},{"trending_days":1,"video_id":"uSc4G4DpTyM","video_title":"【超レア】激旨サンドイッチの自販機に遭遇！【レトロ自販機】"},{"trending_days":1,"video_id":"W_WbXxdc3cM","video_title":"爆盛り海老天丼＆明太子食べ放題の凄店を発見！"},{"trending_days":1,"video_id":"q4Hvm3aqqZI","video_title":"【大戸屋】お肉びっしりのメニューが登場してたから食べてみた！"},{"trending_days":2,"video_id":"3cssiyA8PNI","video_title":"フルコースの全品が爆盛りのステーキ屋さんが最高すぎた！"},{"trending_days":2,"video_id":"sKqwSk4qK_4","video_title":"サイゼリヤの美味しい裏技やってみた！"},{"trending_days":1,"video_id":"Iz1LNoBIMII","video_title":"業務スーパーの食材で寿司作って食う！！"},{"trending_days":1,"video_id":"VgfdB70OioE","video_title":"【100円！？】見切り品の激安カツ丼を食べてみた。"},{"trending_days":1,"video_id":"KIEfnHo4t5c","video_title":"はま寿司史上最大級のメガ寿司を全種類食べてみた！"},{"trending_days":1,"video_id":"qkmjgwws3i0","video_title":"分厚すぎ旨すぎの とんかつを求める旅【君に、揚げる】"},{"trending_days":1,"video_id":"rJn8Ir3YN0g","video_title":"【丸亀製麺】満足度を格段に上げる裏技やってみた！"},{"trending_days":2,"video_id":"AJMd6hUS_zc","video_title":"【バーミヤン】肉マシマシの新メニューで肉尽くし！"},{"trending_days":2,"video_id":"LUin3dke50A","video_title":"【980円】お好み焼き＆もんじゃ食べ放題チャレンジ！"},{"trending_days":2,"video_id":"QEsvE9rmgtM","video_title":"1杯3000円のラーメンを食べてみた。"},{"trending_days":2,"video_id":"jkfbtIqS-bk","video_title":"【かっぱ寿司】びっくりデカネタ寿司を食べてみた！"},{"trending_days":2,"video_id":"W7gOq-2yccc","video_title":"巨大唐揚げ専門店の巨大弁当を食べてみた！【とりサブロー】"},{"trending_days":2,"video_id":"mJJgYtORmBA","video_title":"【1760kcal】ドンキのメガ盛りカツ丼が爆量すぎて撃沈寸前！"},{"trending_days":2,"video_id":"uBvPspjpn-c","video_title":"ご飯を盗む泥棒が松屋に現れた！"},{"trending_days":2,"video_id":"3i4dGi4c7z4","video_title":"【朝マック】遂に誕生した新作を食べた正直な感想。"},{"trending_days":2,"video_id":"HEoys70uR2k","video_title":"【爆食い】どっさり鉄板焼き！ステーキ！チキンレッグ！旨い肉の連続食い！！"},{"trending_days":4,"video_id":"wPQv-rZ19Lk","video_title":"どん兵衛の釜たま風うどんを食べたぶっちゃけ感想。"},{"trending_days":2,"video_id":"qYin9inB_p4","video_title":"【最強肉食堂】昇天するほど旨いステーキを食らう！【ステーキタケル】"},{"trending_days":2,"video_id":"rvYzx6CL0ck","video_title":"賛否両論のベビースターラーメンonアイスを食べてみた！"},{"trending_days":2,"video_id":"MdPhjO_B5UA","video_title":"ど背脂＆九条ネギ爆盛り過ぎるラーメン食べてみた！"},{"trending_days":2,"video_id":"ozogOwjtp2I","video_title":"【ステーキ宮】ハイグレード食べ放題チャレンジ！"},{"trending_days":2,"video_id":"J-Ovi4bvYiY","video_title":"30秒で親子丼を作る方法。"},{"trending_days":2,"video_id":"6e91UmHBh3U","video_title":"【激辛】蒙古タンメン中本の 汁なし麻辛麺を汗だく食い！！"},{"trending_days":2,"video_id":"I3nx8fkzhVk","video_title":"金賞店の大粒の唐揚げ定食がヤバすぎる！【から好し】"}]}
{"channel_name":"MAX鈴木 TV","total_trending_days":86,"video_days":[{"trending_days":1,"video_id":"aKloNmy1oNo","video_title":"【⚠️閲注、早食い】【大食い】ペンネアラビアータ（3kg）30分チャレンジ‼️【MAX鈴木】【マックス鈴木】"},{"trending_days":1,"video_id":"acx9kWFklds","video_title":"【大食い】【チャレンジメニュー】新しいチャレンジメニューの肉玉ジンジャー丼MAX（総重量不明）を食べる‼️【MAX鈴木】【マックス鈴木】"},{"trending_days":1,"video_id":"_KOKTrd2qbg","video_title":"【大食い】【デカ盛り】栃木県にあるデカ盛りのとんかつ屋さん‼️【MAX鈴木】【マックス鈴木】"},{"trending_days":2,"video_id":"wmV-urzRHLY","video_title":"【大食い】【食べ放題】かっぱ寿司の食べ放題はお得感満載で天国だった‼️【MAX鈴木】【マックス鈴木】"},{"trending_days":1,"video_id":"pV3M_2nKJzM","video_title":"【大食い】【早食い】ガチな「わんこそばの大会」に挑戦してみた結果、、、【MAX鈴木】【マックス鈴木】"},{"trending_days":1,"video_id":"JBi-ecUJb44","video_title":"【大食い】【デカ盛り】大発見‼️ぶ厚くて美味しいトンカツを出してくれるお店さんは居心地が最高だった【MAX鈴木】【マックス鈴木】"},{"trending_days":1,"video_id":"virA-R2jlQo","video_title":"【大食い】【ライブ】うどん屋さんでデカ盛りライブ‼️in 神保町「直白」【MAX鈴木】【マックス鈴木】"},{"trending_days":1,"video_id":"1zPdSu-Rzr0","video_title":"【大食い】【デカ盛り】ぶっちぎってる酢豚のデカ盛りに出会った‼️in 群馬『加奈藺』【MAX鈴木】【マックス鈴木】"},{"trending_days":1,"video_id":"rpLvh3--9TE","video_title":"【大食い】【デカ盛り】とあるらーめん屋さんのデカ盛りが想像以上にデカ過ぎた‼️【MAX鈴木】【マックス鈴木】"},{"trending_days":1,"video_id":"hnPRIBo2J_E","video_title":"【大食い】前橋「栄久庵」うどん（2.5kg）30分にチャレンジ‼️【MAX鈴木】【マックス鈴木】"},{"trending_days":1,"video_id":"l2o255Btd3M","video_title":"【大食い】大好きな街の中華屋さんで好きなものを好きなだけ食べる‼️&トーク【MAX鈴木】【マックス鈴木】"},{"trending_days":1,"video_id":"S_TyuViJe74","video_title":"【大食い】全メニューに挑戦‼️「頑者 お台場店」編。【MAX鈴木】【マックス鈴木】"},{"trending_days":2,"video_id":"NvKAq1g8Sdg","video_title":"【⚠️閲注】【大食い】豚骨ラーメン（7kg）45分チャレンジ‼️【MAX鈴木】【マックス鈴木】"},{"trending_days":1,"video_id":"oWmFTOkE4rY","video_title":"【⚠️閲注、早食い】【大食い】スパゲッティー（2kg）早食いチャレンジ‼️【MAX鈴木】【マックス鈴木】"},{"trending_days":1,"video_id":"may4x5_2s2M","video_title":"【大食い】特注デカ盛り油そば（アブラマシマシ×４）ローストポーク&豚の一本喰い‼️埼玉「どでん」【MAX鈴木】【マックス鈴木】"},{"trending_days":2,"video_id":"6G9uODUKNzo","video_title":"【大食い】ケンタッキーのビュッフェは色んな物が食べ放題だった‼️【MAX鈴木】【マックス鈴木】"},{"trending_days":1,"video_id":"zwxqTChTuY4","video_title":"【大食い】ジャークチキンジャンバラヤ（3kg）45分チャレンジ‼️【MAX鈴木】【マックス鈴木】"},{"trending_days":1,"video_id":"6U7tDVnBbcA","video_title":"【大食い】しらすと大葉のペペロンチーノ（1kg）20分にチャレンジ‼️【MAX鈴木】【マックス鈴木】"},{"trending_days":2,"video_id":"wzQU6l7Xii0","video_title":"【大食い】SUSURUさんと食べる「たれそば」という麺‼️〜豚一本トッピングをして〜【MAX鈴木】【マックス鈴木】"},{"trending_days":2,"video_id":"vS58D_e99d4","video_title":"【⚠️閲覧注意】【大食い】デカ盛りを頼んだら何だか凄い事になった、、、【MAX鈴木】【マックス鈴木】"},{"trending_days":2,"video_id":"Gh2dZkqnjj0","video_title":"【大食い】串カツ全メニュー（60分）チャレンジ‼️【MAX鈴木】【マックス鈴木】"},{"trending_days":1,"video_id":"RRXY2Tfr62c","video_title":"【大食い】大盛りを頼むとデカ盛りで出てくる喫茶店でナポリタンとミートソースを食べてみた‼️【MAX鈴木】【マックス鈴木】"},{"trending_days":2,"video_id":"eJIU0fIZI5s","video_title":"【大食い】蕎麦のデカ盛りを頼んだら規格外のサイズがきた‼️【MAX鈴木】【マックス鈴木】"},{"trending_days":2,"video_id":"MEwXUmztvGQ","video_title":"【大食い】新作チャレンジメニューで大食いバトル‼️in牛久「麺屋 鶏匠」【MAX鈴木】【マックス鈴木】"},{"trending_days":1,"video_id":"0fZSM5H_V0M","video_title":"【大食い】ナポリタンを求めてデカ盛り千葉遠征‼️in『リバーサイド』【MAX鈴木】【マックス鈴木】"},{"trending_days":1,"video_id":"9wzKLL3P3Ss","video_title":"【⚠️閲注、早食い】【大食い】味噌ラーメン（麺茹で前1kg）15分チャレンジ‼️【MAX鈴木】【マックス鈴木】"},{"trending_days":1,"video_id":"iQnFGs_pvu8","video_title":"【大食い】「大盛り」を頼むと凄い盛りで出てくる喫茶店に行ってみた‼️【MAX鈴木】【マックス鈴木】"},{"trending_days":1,"video_id":"0vfV4KXH3XY","video_title":"【大食い】ガチな激辛チャレンジをしたらとんでも無い事になってしまった、、、【MAX鈴木】【マックス鈴木】"},{"trending_days":1,"video_id":"UpPt1Uhah2g","video_title":"【大食い】「エビチリ飯」というメニューを頼んだら何だか凄いのが出てきた‼️【MAX鈴木】【マックス鈴木】"},{"trending_days":1,"video_id":"PHHvgosOJtM","video_title":"【⚠️閲注、咀嚼音】【大食い】トマホークステーキ（5kg）大食いチャレンジ‼️【MAX鈴木】【マックス鈴木】"},{"trending_days":1,"video_id":"2roa5LSE3Js","video_title":"【⚠️閲覧注意】【大食い】カツカレー（8kg）大食いチャレンジ‼️【MAX鈴木】【マックス鈴木】"},{"trending_days":1,"video_id":"RAErwJ6Gcn4","video_title":"【大食い】唐揚げテラ盛り定食（3.5kg）30分チャレンジ‼️【MAX鈴木】【マックス鈴木】"},{"trending_days":1,"video_id":"j3mb5SfpGdA","video_title":"【大食い】スーパーラーメン（30分）大食いチャレンジ‼️【MAX鈴木】【マックス鈴木】"},{"trending_days":1,"video_id":"d4JGEnhu7jk","video_title":"【⚠️閲覧注意】【早食い】ホットドッグトレーニングを現役の早食い選手と対戦形式でやってみた‼️vs 神山さん【MAX鈴木】【マックス鈴木】"},{"trending_days":1,"video_id":"X-UQ_bAye0k","video_title":"【大食い】巨大ハンバーガー（30分）チャレンジメニューに挑戦‼️【MAX鈴木】【マックス鈴木】"},{"trending_days":1,"video_id":"SdJ2RZE0zZs","video_title":"【大食い】麺マシをちょっとやり過ぎてしまった、、、【MAX鈴木】【マックス鈴木】"},{"trending_days":1,"video_id":"GjwSLz5ndKE","video_title":"【⚠️閲注、手掴み】【大食い】サーロインの塊肉（5kg）を手掴みだけで食べてみた‼️【MAX鈴木】【マックス鈴木】"},{"trending_days":1,"video_id":"UHuCI_b3wBs","video_title":"【大食い】ずぅーーーっと行きたかったお店で食べるデカ盛り2品（6kg超）‼️【MAX鈴木】【マックス鈴木】"},{"trending_days":2,"video_id":"vXomayJMx9E","video_title":"【大食い】インドカレー（3.5kg）25分チャレンジ‼️【MAX鈴木】【マックス鈴木】"},{"trending_days":1,"video_id":"H4HKXx6G7YE","video_title":"【⚠️閲注、早食い】【大食い】卵かけご飯（8kg）タイムアタック‼️【MAX鈴木】【マックス鈴木】"},{"trending_days":1,"video_id":"UUw7weYmLz8","video_title":"【⚠️閲注、失敗】【大食い】海鮮丼のチャレンジメニューをしたら想像をはるかに超える難易度だった、、、【MAX鈴木】【マックス鈴木】"},{"trending_days":1,"video_id":"JE5Q4wV6by0","video_title":"【⚠️閲覧注意】【大食い】脂肪と糖の楽園『ハートアタックグリル』に行ってみた‼️in Las Vegas【MAX鈴木】【マックス鈴木】【Max Suzuki】"},{"trending_days":2,"video_id":"mmcDrk0XbLw","video_title":"【⚠️閲注、早食い】アメリカのホットドッグの大会『ネイサンズ（Nathan's）』の予選にチャレンジしてきた‼️in  Las Vegas【MAX鈴木】【マックス鈴木】【Max Suzuki】"},{"trending_days":1,"video_id":"IijcOpfvED0","video_title":"【大食い】唐揚げ定食（6kg）チャレンジメニューに挑戦‼️【MAX鈴木】【マックス鈴木】【Max Suzuki】"},{"trending_days":1,"video_id":"9oG6YCaiaPo","video_title":"【大食い】デカ盛りの冷やし中華（5kg）を頼んだら予想以上にデカイのがきた‼️【MAX鈴木】【マックス鈴木】【Max Suzuki】"},{"trending_days":1,"video_id":"PnxtEHDnnE8","video_title":"【⚠️閲注】【大食い】生パスタ（8kg）45分チャレンジ‼️【MAX鈴木】【マックス鈴木】"},{"trending_days":1,"video_id":"SZk34_cvgHA","video_title":"【⚠️閲注、長編、早食い】【大食い】チャーハン（3kg）おかず色々チャレンジ‼️【MAX鈴木】【マックス鈴木】"},{"trending_days":1,"video_id":"pFv9zdZRrvw","video_title":"【大食い】ラーメンショップで日本一美味いと言われているお店の味とは、、、【MAX鈴木】【マックス鈴木】"},{"trending_days":1,"video_id":"KWJ5xv7JWYs","video_title":"【⚠️閲注、早食い】【大食い】お茶漬け（8.5kg）タイムアタック‼️【MAX鈴木】【マックス鈴木】【Max Suzuki】"},{"trending_days":2,"video_id":"JNAC_WZnKeQ","video_title":"【大食い】特盛天ぷらうどん（6kg）40分チャレンジ‼️Tempura Udon（13lb）food challenge（40min）【MAX鈴木】【マックス鈴木】【Max Suzuki】"},{"trending_days":2,"video_id":"fRe3CSyK0Xc","video_title":"【大食い】自分の好きなメニューが選べるという謎のチャレンジメニュー（計6kg超）に挑戦‼️【MAX鈴木】【マックス鈴木】【Max Suzuki】"},{"trending_days":2,"video_id":"G1WnNAdHCCU","video_title":"【大食い】肉‼️肉‼️肉‼️のチャレンジメニュー（2.7kg）45分チャレンジ‼️【MAX鈴木】【マックス鈴木】【Max Suzuki】"},{"trending_days":2,"video_id":"m92vaU4-OBY","video_title":"【⚠️閲注、早食い】【大食い】カロリーがヤバすぎるハンバーガーセット（5kg）30分チャレンジ‼️【MAX鈴木】【マックス鈴木】【Max Suzuki】"},{"trending_days":2,"video_id":"wspm77W3-n0","video_title":"【大食い】元力士の方がやっているラーメン屋さんでデカ盛りつけ麺を食べてみた‼️【MAX鈴木】【マックス鈴木】"},{"trending_days":1,"video_id":"AsYqAjpAXKk","video_title":"【大食い】量が選べるチャレンジメニューで僕が頼んだ量は、、、⁉️【MAX鈴木】【マックス鈴木】【Max Suzuki】"},{"trending_days":1,"video_id":"ZOoJMu4JSH4","video_title":"【大食い】チャレンジラーメン（30分）熱々バトル‼️【MAX鈴木】【マックス鈴木】【Max Suzuki】"},{"trending_days":2,"video_id":"PLbfEiOsJLQ","video_title":"【早食い】チャレンジざるそば（1kg超）10分スピードバトル‼️【MAX鈴木】【マックス鈴木】【Max Suzuki】"},{"trending_days":2,"video_id":"c6WmAEBY-C0","video_title":"【大食い】新潟の早食いイベントでマジ喰いしてきた‼️【MAX鈴木】【マックス鈴木】【Max Suzuki】"},{"trending_days":2,"video_id":"bM4LLiMur7s","video_title":"【⚠️閲注、早食い】【大食い】大食いと早食いを兼ね備えた激熱ハンバーグ&カレーライス（3.5kg）20分チャレンジ‼️【MAX鈴木】【マックス鈴木】【Max Suzuki】"},{"trending_days":4,"video_id":"Ra2383WH8vY","video_title":"【大食い】肉が飲めたっ⁉️ドデカMAX盛り丼（約5kg）25分チャレンジ‼️【MAX鈴木】【マックス鈴木】【Max Suzuki】"},{"trending_days":1,"video_id":"pg9_p82Wk_c","video_title":"【大食い】スープ炒飯（9.5kg）食べれるかチャレンジ‼️【MAX鈴木】【マックス鈴木】【Max Suzuki】"},{"trending_days":1,"video_id":"Ggq9doKKB5I","video_title":"【大食い】超肉厚ステーキ（30分）チャレンジメニュー‼️【MAX鈴木】【マックス鈴木】【Max Suzuki】"},{"trending_days":2,"video_id":"u4VY1hUh7T4","video_title":"【大食い】昔失敗したチャレンジメニュー『ジャンボ焼きそば（約6kg）』に再挑戦してきた‼️【MAX鈴木】【マックス鈴木】【Max Suzuki】【デカ盛り】"},{"trending_days":1,"video_id":"oHDsr3QBDbs","video_title":"【⚠️閲注、早食い】【大食い】ピッツァの大食いイベントで限界超えました‼️【MAX鈴木】【マックス鈴木】【Max Suzuki】"}]}
{"channel_name":"水溜りボンド","total_trending_days":82,"video_days":[{"trending_days":2,"video_id":"yQ8WUlG377g","video_title":"【壮絶】ディズニーシーの乗り物って一日で全部乗れるの？"},{"trending_days":2,"video_id":"N-LunjCIAmk","video_title":"【カンタ&としみつ】２時間でバブリーダンスどこまで踊れるようになる？"},{"trending_days":3,"video_id":"PgBQA_hvNzg","video_title":"【対決】１００ピンでボウリングしたら何ピン倒せるの？"},{"trending_days":2,"video_id":"nnlCkunz44Y","video_title":"【無断転載？】出演したテレビ番組を丸ごと載せてみたww"},{"trending_days":3,"video_id":"5342SoLffyI","video_title":"【大食い】焼肉屋の食べ放題は死ぬ気になれば元取れんの？"},{"trending_days":3,"video_id":"wZXulXsIEzQ","video_title":"【大流行】アルミホイル１００mを叩きまくるとすごいらしい！！"},{"trending_days":2,"video_id":"qRw3bwQEIH4","video_title":"【爆発】１０万粒のぷよぷよボールの雨を降らせてみたww"},{"trending_days":3,"video_id":"AGP4SK6Dtvg","video_title":"【ドッキリ】アルミホイル玉に３万ボルト充電して机に置いておくww"},{"trending_days":2,"video_id":"2Z6VKUtu_DE","video_title":"【実験】1000℃の鉄球を−196℃の液体窒素に入れたら予想外すぎた!!"},{"trending_days":2,"video_id":"XYo8CIbTWIM","video_title":"この動画すぐ消します"},{"trending_days":2,"video_id":"mzv5VJlpX4A","video_title":"【拠点探し】アバンティーズがくれたジャングルジムを家にしてみた#3"},{"trending_days":2,"video_id":"BVTAKvEK6AY","video_title":"【救い】無人島でヒカキンさんがくれた箱開けてみた！#5"},{"trending_days":2,"video_id":"k5zPU247mDg","video_title":"無人島の漂流物の中にとんでもないものが存在した #7"},{"trending_days":2,"video_id":"FH3AxU7XW9I","video_title":"【まさかの遭難】無人島の洞窟に暗視カメラ1日放置した結果 #8"},{"trending_days":1,"video_id":"P2K_sx6QuXc","video_title":"ヒカキンさんとガチドッジボール対決した結果ww【１００人企画】"},{"trending_days":2,"video_id":"CrkxKg2At7s","video_title":"アルミホイル玉を科学の力で最強にしてみた"},{"trending_days":2,"video_id":"lV5tL1qndDE","video_title":"【閲覧注意】聞こえてしまいました"},{"trending_days":2,"video_id":"6AP6BUu-qiU","video_title":"どちらの命がより軽いと思いますか？【トロッコ問題】"},{"trending_days":2,"video_id":"pRGd0oWqSkQ","video_title":"テレビのCMに全力で作ったCM混ぜてもバレない説"},{"trending_days":4,"video_id":"8BVhPbOf1IY","video_title":"【犬鳴村】地図に載らない日本一の心霊スポットがヤバかった"},{"trending_days":2,"video_id":"q3U0Ld8NVp8","video_title":"お店で一品注文したら「全品間違えて来ちゃう」ドッキリww"},{"trending_days":2,"video_id":"pIWctUjlt_U","video_title":"YouTuberガチフリースロー大会が超盛り上がった！！【バスケ】"},{"trending_days":2,"video_id":"3psRLYTeSQ8","video_title":"YouTuberガチバスケ大会が超盛り上がった！！"},{"trending_days":4,"video_id":"TDSSPficKms","video_title":"【速報】AirPodsがアマゾンで800円で売られている！？"},{"trending_days":4,"video_id":"Cnq86p5k-gQ","video_title":"【超観察力テスト】FBI捜査官入局テストの答えがすごかった！！"},{"trending_days":2,"video_id":"l_UAUSjZP9c","video_title":"架空請求業者に電話したら住所逆探知されるドッキリww"},{"trending_days":2,"video_id":"om-0ZLKZur8","video_title":"家に怖い人が来ました"},{"trending_days":2,"video_id":"ft0LBdLAuKw","video_title":"YouTuberが無人島検定に挑んだ結果"},{"trending_days":2,"video_id":"Q-WwKfHonZU","video_title":"【大流行】スティックのりで作る「謎の膜」の感触がヤバすぎた！！"},{"trending_days":4,"video_id":"0Ubh9z086hE","video_title":"【ブチギレ】普段怒らない人が本当は一番怖い説"},{"trending_days":2,"video_id":"8iJma3qxk0k","video_title":"【恐怖】嫌いな顔を選ぶだけで性格がわかるテストが怖すぎた"},{"trending_days":2,"video_id":"xJ2hO2QCwZg","video_title":"無人島系YouTuberって無人島検定合格できんの？"},{"trending_days":5,"video_id":"6I4yiDSkN7E","video_title":"【兄弟？】カンタ３人になって帰宅するドッキリwww"},{"trending_days":2,"video_id":"dcp46u5Wwao","video_title":"【裏メニュー】10品の裏メニューの中から存在しない3品を当てろ！"}]}
{"channel_name":"今日ヤバイ奴に会った","total_trending_days":79,"video_days":[{"trending_days":2,"video_id":"rmON2pSUdqM","video_title":"インドの揚げパンケーキ マルプアの作り方 / Indian Malpua"},{"trending_days":2,"video_id":"Fr0cJbApJFk","video_title":"インドの牛串焼きの作り方"},{"trending_days":1,"video_id":"0x7e6rBbRf0","video_title":"インドの揚げパンの作り方"},{"trending_days":3,"video_id":"bWIp5Db_TKI","video_title":"インドのチキン包み揚げマイダロティの作り方"},{"trending_days":2,"video_id":"fMn_SLlKUO8","video_title":"インドの魚のフライの作り方"},{"trending_days":1,"video_id":"93WC2JG8r-E","video_title":"【ライブ】インドの市場の歩き方"},{"trending_days":3,"video_id":"4jaoicIuwmU","video_title":"インドのチキンロールの作り方 / Chicken Roll"},{"trending_days":1,"video_id":"ZrH8GkoHYmI","video_title":"インドのプリチョラと豆カレーの作り方"},{"trending_days":1,"video_id":"I94mz9EQKJo","video_title":"インドのチキンサンドの作り方 / Chicken Sandwich"},{"trending_days":3,"video_id":"Da8Q_12hMiM","video_title":"インドのプリン マリマライの作り方 / Milk Pudding"},{"trending_days":3,"video_id":"O2byI19QvE8","video_title":"インドのたまごパンの作り方"},{"trending_days":2,"video_id":"gpsvsKtTxfA","video_title":"インドのグリーンマンゴージュースの作り方 / Green Mango Juice"},{"trending_days":2,"video_id":"9tDW2Wkw7VY","video_title":"インドのチョコレートサンドイッチの作り方 / Chocolate Sandwich"},{"trending_days":2,"video_id":"Qyc7xQsB9dc","video_title":"インドのあめ細工の作り方 / Candy Art"},{"trending_days":1,"video_id":"LXg38rjyzzc","video_title":"インドのアラビアンチャーハンの作り方 / Arabian China Rice"},{"trending_days":1,"video_id":"NjeE5HHaDso","video_title":"インドのヒゲの剃り方 / Shaving"},{"trending_days":1,"video_id":"ZMCLIs-TnrY","video_title":"インドのクッキーの作り方 / Indian Cookie"},{"trending_days":2,"video_id":"33nnjs0kcgY","video_title":"インドのアイスキャンディの作り方 / Ice Pop"},{"trending_days":1,"video_id":"HptRy6msrbU","video_title":"インドのマサラ豆セット ダルパラタの作り方 / Dal Paratha"},{"trending_days":1,"video_id":"gVEVOEwdOc4","video_title":"インドのふわふわメレンゲ菓子の作り方 / Meringue"},{"trending_days":1,"video_id":"fNoCvCIdYdE","video_title":"インドのラムチョップの作り方 / Lamb Chop"},{"trending_days":1,"video_id":"1YvwElD6Wis","video_title":"インドのマンゴーアイス盛り合わせの作り方 / Mango Ice"},{"trending_days":2,"video_id":"qIa5cCHSKsM","video_title":"インドの巻き寿司ボンベイロールの作り方 / Bombay Roll"},{"trending_days":2,"video_id":"IGslzfDjnoY","video_title":"インドのカチョリサブジの作り方 / Kachori Sabji"},{"trending_days":1,"video_id":"H8qeM3ZLT1c","video_title":"インドの夜店のラッシーの作り方 / Lassi"},{"trending_days":3,"video_id":"KjiEsB_Xn5s","video_title":"インドのスイカミルクシェイクの作り方 / Watermelon Juice"},{"trending_days":1,"video_id":"La6kz9r-cZo","video_title":"インドのまんまる揚げボンダの作り方 / Bonda"},{"trending_days":1,"video_id":"Mx_uCJJVERQ","video_title":"インドの揚げスナック ルクミの作り方 / Lukhmi"},{"trending_days":2,"video_id":"stgdKVw25T0","video_title":"インドのチキン６５の作り方 / Chicken 65"},{"trending_days":3,"video_id":"ZCaIceRZYoc","video_title":"インドの脳ソテーの作り方 /  Brain"},{"trending_days":2,"video_id":"N765PgmiEIw","video_title":"インドのバナナサンドイッチの作り方 / Banana Sandwich"},{"trending_days":1,"video_id":"u31G_zYCo6I","video_title":"インドのホワイトソース ペンネの作り方 / White Sauce Penne"},{"trending_days":1,"video_id":"MC_wdY4Q3gU","video_title":"インドのマンゴーラッシーの作り方 / Mango Lassi"},{"trending_days":2,"video_id":"hgrQrTbRWiw","video_title":"インドの朝ごはんダヒワダの作り方 / Dahiwada"},{"trending_days":2,"video_id":"TUriBtNo0ck","video_title":"インドのカニの丸揚げの作り方 / Fried Crab"},{"trending_days":2,"video_id":"W_Ub73P_MRc","video_title":"インドのお菓子カジュの作り方 / Kaju"},{"trending_days":2,"video_id":"S6qKBJrH-IM","video_title":"インドのチーズオムレツの作り方 / Cheese Omlette"},{"trending_days":1,"video_id":"I7Ra6r78guk","video_title":"インドの野菜パコダの作り方 / Veg Pakoda"},{"trending_days":1,"video_id":"ITSKErjZXwI","video_title":"インドのマンゴーオムレツの作り方 / Mango Omlette"},{"trending_days":1,"video_id":"0CRD8-zA0Bk","video_title":"インドのアイスの作り方 / Kulfi"},{"trending_days":4,"video_id":"dpXZ98T3oVA","video_title":"インドの焼き餃子の作り方 / Fried Momo"},{"trending_days":1,"video_id":"0BVGdwLUAw8","video_title":"インドのミニマルプアの作り方 / Malpua"},{"trending_days":2,"video_id":"LngpUgiAACU","video_title":"インドの四川パスタの作り方 / Schezwan Pasta"},{"trending_days":4,"video_id":"AX8y_QVjQZA","video_title":"インド ラダックのドーサの作り方 / Ladakh Dosa"},{"trending_days":1,"video_id":"5vtNpM0FG4M","video_title":"インドの４５００mのオムレツの作り方 / Ladakh Omelette"}]}
{"channel_name":"釣りよかHOUSE","total_trending_days":76,"video_days":[{"trending_days":1,"video_id":"psu1430zRsA","video_title":"コストコで5000円分の韓国料理を食べてみた！！"},{"trending_days":2,"video_id":"GKAuHCju3I8","video_title":"絵で描いたコオロギにカメレオンは騙される？騙されない？"},{"trending_days":1,"video_id":"KVWM1im3zS8","video_title":"釣りよかでなかなか釣れないヒラメを狙う!が!?"},{"trending_days":2,"video_id":"HX5R4jjf4iU","video_title":"アジで三種の絶品保存食を作ってみた"},{"trending_days":1,"video_id":"AhJlQdw0Qew","video_title":"【釣りよかバンド】テーマ曲のタイトルがついに決定！！！"},{"trending_days":4,"video_id":"H19fkj36x-8","video_title":"1300万円のキャンピングカー全貌大公開！！【前編】"},{"trending_days":1,"video_id":"dXdYvQudSMU","video_title":"犬ゾリの〇〇倍速い犬ゾリ!?"},{"trending_days":2,"video_id":"76yV1mW-Un0","video_title":"フィッシングショーの裏側！有名バスプロも出るよ！"},{"trending_days":1,"video_id":"scSIWjSSsfw","video_title":"西日本釣り博で釣りよかBAND生演奏！！"},{"trending_days":1,"video_id":"GZ_zfzrGcSA","video_title":"釣りよかバンドのハモり担当は誰だ!?"},{"trending_days":2,"video_id":"gp_O0cMaGXI","video_title":"ハモリを覚えてカッコよく歌おう！！"},{"trending_days":2,"video_id":"qTOD3g6EAKg","video_title":"UUUM GOLFコンペ　釣りよか＆カズさん【前編】"},{"trending_days":2,"video_id":"UQyeOnuoIOI","video_title":"道端に生えてるアレを食う！！！"},{"trending_days":2,"video_id":"0n6-SYIbujA","video_title":"毎年恒例の雑草を食べてみた！！！"},{"trending_days":1,"video_id":"UZjYxP0T6ww","video_title":"釣りよかのテーマ！ギターのコード教えます！！！"},{"trending_days":2,"video_id":"UtRtkbbnRMo","video_title":"UUUMの球技大会に向けて！特訓します！！！"},{"trending_days":1,"video_id":"B3JZ-afuzBg","video_title":"キャンピングカーで生トーーク"},{"trending_days":1,"video_id":"eHj-zds9SrA","video_title":"UUUM球技大会に向けて特訓！ミニゲームで練習する！"},{"trending_days":1,"video_id":"XvKAIv60NZw","video_title":"カホンを頂いたのでカホンを使って音合わせしてみた！"},{"trending_days":1,"video_id":"oc0TnNxbWLc","video_title":"これは大変！キャンピングカーの初洗車!!"},{"trending_days":1,"video_id":"OuOdYr5GfQw","video_title":"ＵＵＵＭバスケに向けて練習試合やってみた！"},{"trending_days":1,"video_id":"6QZ7QKEl-kI","video_title":"とくちゃんの絵の描き方見せます！！"},{"trending_days":1,"video_id":"X_czpVLCmqo","video_title":"【スケボー】グラインド＆スライドに挑戦！"},{"trending_days":1,"video_id":"TYnA7yhMzRY","video_title":"古代魚水槽の現状報告！いろんな変化がありました。"},{"trending_days":1,"video_id":"vqjkz2neWB4","video_title":"たった1ヶ月バスケをしただけでジャンプ力がエグいことに..."},{"trending_days":1,"video_id":"Trs-uIlYbOQ","video_title":"釣りよかBANDのボーカルが帰ってきた！"},{"trending_days":1,"video_id":"e63HYn6T5xU","video_title":"ついにゆーぴーが帰ってきた！！！"},{"trending_days":1,"video_id":"EoT6Edxli4k","video_title":"各パートごとの先生に習って猛特訓する！！"},{"trending_days":2,"video_id":"NzmmYTvduuU","video_title":"兵庫県にゴルフ合宿に行って来た！！"},{"trending_days":2,"video_id":"JY3CbkHHfF4","video_title":"ワンコインで見た目も水質も超キレイにする神アイテム！！！【古代魚水槽】"},{"trending_days":2,"video_id":"OeC-cSFw1RU","video_title":"カズーを購入したけど演奏に悪戦苦闘？"},{"trending_days":2,"video_id":"bwSQnX_yqt0","video_title":"【閲覧注意】恐竜みたいな魚に金魚をあげてみたら・・・"},{"trending_days":2,"video_id":"zTjT73nXesI","video_title":"カメレオンにエサやり！"},{"trending_days":2,"video_id":"w7BHNSDsfSo","video_title":"誰でも簡単に古代魚が飼えるようになる動画"},{"trending_days":2,"video_id":"l7LxLUCrz5M","video_title":"釣りよかルアー入魂！？！？"},{"trending_days":1,"video_id":"mCmMm8CTEtA","video_title":"ついに過去最強のキャンピングカーグッズを手に入れた...！"},{"trending_days":2,"video_id":"140DoLm6I0E","video_title":"世界一有名な高圧洗浄機で車が泡まみれに！？"},{"trending_days":2,"video_id":"AhXzUYPpJPI","video_title":"40年以上放置された壁を高圧洗浄機で洗ってみた結果・・・"},{"trending_days":2,"video_id":"6GSgT5PWEY0","video_title":"ついにUUUM球技大会本番！練習の成果は発揮出来るのか？"},{"trending_days":4,"video_id":"p0TAkFmVLKY","video_title":"投げれば３０匹ついてくるパラダイス発見！！"},{"trending_days":1,"video_id":"HgRsKVgMGms","video_title":"第一回釣りよか温泉卓球対決～～！"},{"trending_days":1,"video_id":"j1RdJ2fif0I","video_title":"【プロの技】遊漁船船長にイカの締め方を教えてもらった！！！"},{"trending_days":4,"video_id":"sx-8ZzzO1E0","video_title":"お世話になった人とみんなでBBQ！"},{"trending_days":2,"video_id":"Pv0cDu5GZok","video_title":"ＵＵＵＭバスケ惨敗の釣りよかチームに助っ人現る！"},{"trending_days":2,"video_id":"H9DemMeLXkQ","video_title":"100円で買えるある物を使って水草植えてみた！【フグ水槽】"},{"trending_days":2,"video_id":"2IEWv23oa9E","video_title":"エサのコオロギに夢中で二本足で立つカメレオン"}]}
{"channel_name":"Momo and Tenももと天","total_trending_days":75,"video_days":[{"trending_days":1,"video_id":"y__MU9xEDio","video_title":"端っこに座るのが好きな猫 My cat likes to sit in a corner"},{"trending_days":1,"video_id":"1dlRaNEl7m8","video_title":"犬と猫が足元でいちゃつきだして身動きがとれない lovey dovey cat and dog"},{"trending_days":2,"video_id":"fVaNs1mv2PE","video_title":"追いかけてほしいアピールが可愛いすぎる柴犬 Cute dog wants to play tag"},{"trending_days":1,"video_id":"z5FvYzpEjK8","video_title":"柴犬と黒猫。みんなでお散歩にうきうきが止まらない♫ Dog and Cat walk together"},{"trending_days":2,"video_id":"o3phVv8mzyI","video_title":"むしゃくしゃして猫に溺れる柴犬 The dog love the cat too much"},{"trending_days":1,"video_id":"1njRWArGIME","video_title":"パパを起こしてって頼まれたのにパパに寝返る柴犬 Let dad up!"},{"trending_days":2,"video_id":"XvFrHYYYQGE","video_title":"大好きな犬にそーっと近づくのに成功して満足な猫 Dog and Cat sleeping together"},{"trending_days":1,"video_id":"Z71s_znBw4k","video_title":"強引に毛づくろいされながらも余裕で寝れるニャンコ Dog licking Cat"},{"trending_days":1,"video_id":"NJ7rqTlgZIc","video_title":"犬が全然構ってくれなくて「もう！」ってなる猫 Cat: look at me!"},{"trending_days":2,"video_id":"UuVIjOx5XZ4","video_title":"とある日の柴犬。甘えてはしゃいで怒られる Too excited shibainu made cat angry"},{"trending_days":2,"video_id":"BwN04BZy7PQ","video_title":"遊びたくて仕方ない柴犬、遊ばないけどいつも近くにいる猫 Playful shibainu"},{"trending_days":2,"video_id":"ZLkgR4c6Csg","video_title":"顔が濡れてることをさりげなくアピールする猫 Dog licking cat clean"},{"trending_days":3,"video_id":"XHwq9iMV2pM","video_title":"四月なのに鹿児島に雪が降った Snowed in April"},{"trending_days":1,"video_id":"bmMJPU_-x9Y","video_title":"【もも天劇場】場末のスナック Dog and Cat play pub"},{"trending_days":2,"video_id":"TXRmPm3seVM","video_title":"大好きな犬の匂いを嗅ぎまくって犬にドン引きされる猫 The cat who likes dogs smell"},{"trending_days":1,"video_id":"K3rPLHHqTi8","video_title":"散歩の後は恒例のアレ My cat’s standard after the dog walk"},{"trending_days":1,"video_id":"RzEogMCqCx4","video_title":"朝が弱い犬と朝だけ元気な猫。 Dog and Cat in the rainy morning"},{"trending_days":1,"video_id":"pgnTGE2YEUY","video_title":"顔をなでようとすると巧みにお尻へ誘導する柴犬 My dog wants me to rub her rump"},{"trending_days":2,"video_id":"wyykE0-qA8o","video_title":"大好きな猫が散歩から帰ってきた時の犬の反応⁈ Dog grooming cat."},{"trending_days":2,"video_id":"wIhBx__7kXo","video_title":"飼い主の帰宅にはしゃぐ柴犬とスマートに出迎える猫 Dog and Cats welcoming owners home"},{"trending_days":2,"video_id":"wTIKVjYXQ7I","video_title":"猫の耳舐めを禁止されてスネる柴犬 Sulking dog"},{"trending_days":2,"video_id":"7pbbU4ZhSi0","video_title":"猫の誕生日をお祝いする、の巻 Happy 3rd birthday"},{"trending_days":1,"video_id":"qx64Ye3I390","video_title":"【子猫時代】網戸攻略編　SPY CAT 1（Ten's kittenhood）"},{"trending_days":1,"video_id":"9gEB402OgQA","video_title":"【子猫時代】功夫修行編　Kung fu Cat（Ten's kittenhood）"},{"trending_days":1,"video_id":"UnIOA6Wa6Ek","video_title":"猫が落ちそうだったので救いの手を差し伸べた My cat likes to sleep at side of the bed."},{"trending_days":1,"video_id":"xjGYFCjPpD8","video_title":"うちの猫が端っこよりも好きな場所 My cat’s favorite place."},{"trending_days":2,"video_id":"BAprdOr7pyE","video_title":"パパの帰宅とママの帰宅 Welcome home!!"},{"trending_days":1,"video_id":"winx9TXor1g","video_title":"毛づくろいに満足して犬の尻枕で寝る猫 Cat grooming"},{"trending_days":1,"video_id":"AwfCsBamwE0","video_title":"パパともものよく分からない遊び Playing with dog"},{"trending_days":2,"video_id":"nf5i-Lw31sw","video_title":"犬は車の音がしなくても飼い主の帰宅に気付く？Dog and cat waiting for owner to get home"},{"trending_days":6,"video_id":"NLsLesAPUWo","video_title":"猫がいない Where's my cat?"},{"trending_days":2,"video_id":"JsAFJSmyj7s","video_title":"【ライブ配信】ももと天のまったり日曜日"},{"trending_days":2,"video_id":"irUk7Viruno","video_title":"もう帰るー！病院から今すぐ逃げ出したくて仕方ない柴犬 The dog which hate the veterinary clinic."},{"trending_days":2,"video_id":"k_XKDl0bm5I","video_title":"空気を読んでパパとママ両方にお手をする柴犬 Priceless moment in the morning."},{"trending_days":2,"video_id":"u3a5QopiERU","video_title":"わざわざ一緒のハウスで寝ようとする柴犬と黒猫 Dog and Cat want to sleep together"},{"trending_days":2,"video_id":"5hUPzpZoyPc","video_title":"寝かしつけ上手な柴犬とちゃっかり添い寝する黒猫 Dog put her owner to sleep"},{"trending_days":2,"video_id":"oUv7baV4V8k","video_title":"一生懸命お布団掘りをした後の激かわあご乗せ Cute dog digging the bed"},{"trending_days":2,"video_id":"LX1EIt9-il8","video_title":"あじさいが綺麗なバラ園でお散歩 Walk in the rose garden with dog and cat"},{"trending_days":2,"video_id":"QzV37Gq-AzI","video_title":"猫の毛づくろいにモゾモゾしちゃう柴犬ととても満足げな猫 Cat grooms dog"},{"trending_days":2,"video_id":"jBzxmh7OxtM","video_title":"「遊ぼう」のプレッシャーがハンパない柴犬 Play with me!"},{"trending_days":4,"video_id":"1JAgF3LKQfs","video_title":"犬をメロメロにする猫枕 Cat pillow"},{"trending_days":2,"video_id":"JCyJAZdTVwo","video_title":"猫って意外と起きない…!? Cat sleeps with stuffed chick!?"}]}
