{"channel_title":"Дедушка Ау","description":" И куда ты Ксюша лыжи навострила...? Ну всего я ожидал от Ксюхи, но визита в Чечню нет .Рамзан Кадыров тоже скорей всего не в восторге от таких гостей, и я полностью с ним согласен....","id":"8vDNjqqeWVs","latest_date":"18.01.02","latest_dislikes":"1532","latest_likes":"1339","latest_views":"308404","title":"Собчак в Чечне.  Рамзан Кадыров.","trending_days":[{"date":"18.29.01","dislikes":"216","likes":"385","views":"32259"},{"date":"18.30.01","dislikes":"1442","likes":"1295","views":"297645"},{"date":"18.31.01","dislikes":"1520","likes":"1331","views":"305459"},{"date":"18.01.02","dislikes":"1532","likes":"1339","views":"308404"}]}
{"channel_title":"Comedy Radio","description":"Мужчины, любите женщин! Милые дамы, с 8 марта! \\nДанное музыкально-художественное произведение создано для привлечения общественного внимания к проблеме отношений между мужчиной и женщиной.\\n\\nПодписывайтесь:\\nhttps://vk.com/comedyradio\\nhttps://www.facebook.com/comedy.radio...\\nhttps://www.instagram.com/radiocomedy/\\nhttp://telegram.me/radiocomedy\\nhttps://www.ok.ru/comedyradio","id":"aEFCUtv0DF0","latest_date":"18.11.03","latest_dislikes":"17297","latest_likes":"115216","latest_views":"7233720","title":"Вадим Галыгин и гр. Ленинград - 8 Марта","trending_days":[{"date":"18.08.03","dislikes":"2787","likes":"31526","views":"1019533"},{"date":"18.09.03","dislikes":"10208","likes":"80139","views":"4453660"},{"date":"18.10.03","dislikes":"15454","likes":"105304","views":"6333937"},{"date":"18.11.03","dislikes":"17297","likes":"115216","views":"7233720"}]}
{"channel_title":"MARVEL Россия","description":"Долгожданный блокбастер MARVEL «Мстители: Война бесконечности» в кино в мае 2018 года!\\n\\nБеспрецедентное кинематографическое путешествие длиной в 10 лет, которое создало и привело в движение всю киновселенную MARVEL, продолжится в фильме «Мстители: Война бесконечности», который перенесет на экран величайшее столкновение всех времен. Мстителям и их союзникам придется пожертвовать всем в попытке противостоять могущественному Таносу, готовящему обрушить разрушительный удар и положить конец всей Вселенной.\\n\\nВсе новости об этом и других фильмах MARVEL ищите здесь:\\nFacebook - https://www.facebook.com/MarvelRussia\\nОдноклассники - https://ok.ru/marvel\\nTwitter - https://twitter.com/MARVELRussia\\nInstagram - https://www.instagram.com/marvelrussiaofficial\\nhttp://marvel.com.ru","id":"UsnDPok1ZOU","latest_date":"18.20.03","latest_dislikes":"3369","latest_likes":"138995","latest_views":"4151036","title":"Мстители: Война бесконечности – официальный трейлер","trending_days":[{"date":"18.17.03","dislikes":"1540","likes":"93039","views":"1865741"},{"date":"18.18.03","dislikes":"2689","likes":"124224","views":"3035736"},{"date":"18.19.03","dislikes":"3146","likes":"134599","views":"3794285"},{"date":"18.20.03","dislikes":"3369","likes":"138995","views":"4151036"}]}
{"channel_title":"ВОТ ТАК","description":"http://belsat.eu/?p=754752\\nКак минимум, 64 погибших. В воскресенье, 25 марта, около четырех часов дня, в Кемерово загорелся торговый центр «Зимняя вишня». Очаг возгорания, по предварительным данным, находился на четвертом этаже – там, где работали кинотеатр и детские аттракционы. Пожар тушили почти сутки.","id":"I-Wchb8YQy4","latest_date":"18.30.03","latest_dislikes":"9504","latest_likes":"47700","latest_views":"6934190","title":"Дети сгорели заживо в запертом кинозале в Кемерово","trending_days":[{"date":"18.27.03","dislikes":"1581","likes":"10331","views":"817511"},{"date":"18.28.03","dislikes":"7045","likes":"35758","views":"4609784"},{"date":"18.29.03","dislikes":"8791","likes":"44768","views":"6269661"},{"date":"18.30.03","dislikes":"9504","likes":"47700","views":"6934190"}]}
{"channel_title":"КЛИККЛАК","description":"Впервые в истории шоу «Дай Леща»: специальный женский выпуск, в котором приняли участие вайнер Ида Галич и модель Маша Миногарова.Какие хорошие и плохие шутки приготовили для нас эти прекрасные девушки? Какие лещи нам стоит ждать? А также, что сделали Данила Поперечный и Эльдар Джарахов для девушек? Это вы узнаете в нашем видео!УЧАСТНИКИМаша Миногарова: https://www.instagram.com/minogarova/Ида Галич: https://www.instagram.com/galichida/#williamlawson #NoRulesGreatScotchНАШ ИНСТАГРАМ:https://www.instagram.com/klikklakinst/НАШ ПАБЛИК: https://vk.com/klikklakpageВЕДУЩИЕРуслан Усачев:https://www.youtube.com/usachevshowИлья Satyr Шабельников: https://www.youtube.com/channel/UC4yxdlsaRT6WpZ_FZQ6uIpQМУЗЫКАЛЬНОЕ СОПРОВОЖДЕНИЕВиктор Сибринин: https://vk.com/jbeatzЮрий Музыченко: https://vk.com/yra_tomasДЕКОРАЦИИОлег Плесинь https://www.instagram.com/hmnsgw/Реклама и сотрудничество: reklama@klikklak.tv","id":"2adg8juLy9Q","latest_date":"18.20.05","latest_dislikes":"33601","latest_likes":"183519","latest_views":"3256808","title":"ДАЙ ЛЕЩА 4 сезон: Маша Миногарова VS Ида Галич (Спец. Выпуск)","trending_days":[{"date":"18.18.05","dislikes":"23012","likes":"133729","views":"1816651"},{"date":"18.19.05","dislikes":"30962","likes":"172936","views":"2891066"},{"date":"18.20.05","dislikes":"33601","likes":"183519","views":"3256808"},{"date":"18.20.05","dislikes":"33601","likes":"183519","views":"3256808"}]}
{"channel_title":"Ленинград | Leningrad","description":"Directed by Ilya Naishuller - @naishullerProduced by Alexander ChistyakovExecutive producer - Sergey LubinetskyProduction supervisor -  Julia KhanMade by Glukoza Animation and HONK FU StudioDenis PisarevAnna CattishIlya ShekiladzeIvan PozdnyakovPavel Mira","id":"a-GQDCtt1Vk","latest_date":"18.21.05","latest_dislikes":"32739","latest_likes":"215014","latest_views":"4646237","title":"Ленинград ft. Глюк’oZa (ft. ST) Жу-Жу / Leningrad ft. Gluk’oZа (ft. ST) Ju-Ju","trending_days":[{"date":"18.18.05","dislikes":"4418","likes":"32463","views":"230012"},{"date":"18.19.05","dislikes":"19898","likes":"128214","views":"2214869"},{"date":"18.20.05","dislikes":"28554","likes":"183748","views":"3626343"},{"date":"18.20.05","dislikes":"28554","likes":"183748","views":"3626343"},{"date":"18.21.05","dislikes":"32739","likes":"215014","views":"4646237"}]}
{"channel_title":"SOBOLEV","description":"Смотрите выпуск шоу Home 2.0 со мной и участвуйте в розыгрыше нового Айфона - https://youtu.be/b89ZWcYwwdwСайт проекта, где решается судьба участников и 1 000 000 рублей - https://hcrd.ru/ZGfoZhРусский ютуб развивается? Иногда ощущение, что стоит на месте! Кто из блогеров рискует попасть в забвение? ТОП-5 самых скатившихся ТОП блогера за последнее время! Как стать известным? В наши дни - все стало проще. ГРАНТ СОБОЛЕВА: https://vk.com/grantsobolevINSTAGRAM: https://www.instagram.com/sobolevv/Я в VK: https://vk.com/sobolevbroСпасибо лучшему прокату оборудования в Питере: http://kino.rent/ru/Рекламные вопросы: sobolev@wildjam.ruВсе размещенные в видеоролике материалы были использованы исключительно в новостных и критических целях, а не для того, чтобы оскорблять и унижать. Здесь вам не #ларинпротив.","id":"WxGKGy0asAw","latest_date":"18.20.05","latest_dislikes":"20010","latest_likes":"172336","latest_views":"2173007","title":"ТОП-5 СКАТЫВАЮЩИХСЯ БЛОГЕРОВ / КАК ХАЙПАНУТЬ В НАШЕ ВРЕМЯ?","trending_days":[{"date":"18.18.05","dislikes":"10425","likes":"117142","views":"1180914"},{"date":"18.19.05","dislikes":"17876","likes":"162635","views":"1981322"},{"date":"18.20.05","dislikes":"20010","likes":"172336","views":"2173007"},{"date":"18.20.05","dislikes":"20010","likes":"172336","views":"2173007"}]}
{"channel_title":"The Люди","description":"Для участия в розыгрыше 50 000 рублей:1. Подписаться на канал Егора https://goo-gl.ru/tqK2. Оставить комментарий под последним видео (от 15 мая)3. Ждать 31 маяЮтуб Канал Юли Самойловой: https://www.youtube.com/channel/UCdbcNF2r0qcENep-2YJYkGAАвторский проект Антона Лядова —Подпишись, чтобы не пропустить следующий выпуск:  https://goo-gl.ru/3o4Инстаграмм Лядова: https://www.instagram.com/anton_gerzen/ВК Лядова: https://vk.com/id2733742","id":"bbkpzTsaRLM","latest_date":"18.20.05","latest_dislikes":"8381","latest_likes":"15542","latest_views":"670381","title":"САМОЙЛОВА: Вся правда о Провале на Евровидении / The Люди","trending_days":[{"date":"18.18.05","dislikes":"4095","likes":"5086","views":"144916"},{"date":"18.19.05","dislikes":"7075","likes":"12733","views":"473857"},{"date":"18.20.05","dislikes":"8381","likes":"15542","views":"670381"},{"date":"18.20.05","dislikes":"8381","likes":"15544","views":"670381"}]}
{"channel_title":"Chuck_review","description":"Скачай Викинги, получи 200 золота!Android - https://bit.ly/2rLxXt1 iOS - https://bit.ly/2rMsXnL-----------------------------ДЕБЮТНЫЙ ТУР: https://chuck.eventsСиткома много не бывает! Ловите очередной многострадальный обзор, мы очень старались, вкусите закадрового смеха, и с распростертыми объятиями будем ждать вас на финальном обзоре в кино в сентябре! Приятного просмотра.Люди работающие над обзором: Я: http://vk.com/chuck_norisssВизуал: https://vk.com/basicprodКирюха: https://vk.com/zikaykzОператор: http://instagram.com/vormanxКанал Мефисто: https://www.youtube.com/user/TheAssdetectorКанал Культаса: https://www.youtube.com/user/DarthKaelthasКанал Ануара: https://www.youtube.com/user/YourUShowГаджиев: https://vk.com/nikitagadzhievВилена: https://vk.com/id11157740Черехович: https://vk.com/anhen_cherryКрайне клевый институт (ИМЭС): https://imes.su/Не менее клевый бар: http://johan-bar.ru/Поддержать обзор: http://www.donationalerts.ru/r/chuck_playЗаказ рекламы: chuck@tag.showГруппа: http://vk.com/buyhjnИнстаграм: https://www.instagram.com/chuck_ofuuu/","id":"JATZ1CaPKlI","latest_date":"18.22.05","latest_dislikes":"3893","latest_likes":"81322","latest_views":"856416","title":"ТРЭШ-ОБЗОР: Универ (Когда пора остановиться!)","trending_days":[{"date":"18.20.05","dislikes":"1258","likes":"43788","views":"276655"},{"date":"18.20.05","dislikes":"1258","likes":"43788","views":"276655"},{"date":"18.21.05","dislikes":"3266","likes":"71791","views":"700703"},{"date":"18.22.05","dislikes":"3893","likes":"81322","views":"856416"}]}
{"channel_title":"Дима Гордей","description":"Купил МАРШРУТКУ за 85 000р. - буду работать Ссылка на ролик Ильи - https://youtu.be/WertwMOMAAwМой инстаграм - https://instagram.com/dimagordey/АВТО-ПРИГОВОР 3 сезон начинается прямо сейчас! В этой первой серии я покупаю себе автобус. Так как в этот раз мы с Ильей Стрекаловским решили купить по бусику и будем соревноваться на бусиках)) Короче цените и давайте подсказки в какой стиль делать этой тачке)Спасибо всем за лайки и поддержку!ЗАКАЗАТЬ РЕКЛАМУ - dimagordey@wildjam.ru Мой второй канал - YOUTUBE.COM/DIMAGORDEYПрисоединяйтесь)","id":"ZeXlV4hDfM4","latest_date":"18.13.06","latest_dislikes":"4062","latest_likes":"70093","latest_views":"1444790","title":"Купил МАРШРУТКУ за 85 000р. - буду работать","trending_days":[{"date":"18.10.06","dislikes":"1503","likes":"42286","views":"541971"},{"date":"18.11.06","dislikes":"2322","likes":"52404","views":"859356"},{"date":"18.12.06","dislikes":"3766","likes":"65993","views":"1310056"},{"date":"18.13.06","dislikes":"4062","likes":"70093","views":"1444790"}]}
