{"category_id":"10","videos":[{"radio_likes_dislikes":425.2083333333333,"video_id":"x1tFeb7uR7I","video_title":"Gurj Sidhu | Yaad Kar | Full Video | Kaos | VIP Records | 360 Worldwide | Latest Punjabi Song 2018","views":547365},{"radio_likes_dislikes":270.377245508982,"video_id":"7_VkgZbfmro","video_title":"Sahil Sobti - NAFRAT [Full Song] | New Punjabi Songs 2018 | Art ATTACK","views":1147872},{"radio_likes_dislikes":256.7282229965157,"video_id":"sjN-NGsRg9g","video_title":"Crawling (One More Light Live) - Linkin Park","views":523885},{"radio_likes_dislikes":254.984,"video_id":"8Svg8GG4gHw","video_title":"Lakhwinder Wadali - Fakira | Asees | Rana Ranbir | Rel. 22nd June | Punjabi Songs 2018 | Saga Music","views":252923},{"radio_likes_dislikes":205.49212598425197,"video_id":"01TgqDvqcyk","video_title":"Rajj Ke Rona Main - Romy Tahlie | Latest Punjabi Songs 2017 | Tahliwood Records","views":1287771},{"radio_likes_dislikes":189.8148148148148,"video_id":"HQr5036ROQo","video_title":"Nooran Sisters - Mahiya Chhadin Naa ( Full Song ) | Saggi Phull | Releasing on 19 January 2018 |","views":203520},{"radio_likes_dislikes":179.4623287671233,"video_id":"wp3kcWOda6k","video_title":"Dino James - Thanks A Lot [Official Video]","views":325583},{"radio_likes_dislikes":152.70833333333334,"video_id":"surcS-nuBHs","video_title":"Justice For Sreejith | Gopi Sundar | Sithara | Abhaya Hiranmayi | Mohammed Maqbool Mansoor","views":195116},{"radio_likes_dislikes":148.7336956521739,"video_id":"QRlkGbr_Pr0","video_title":"Sajna Je Sambhall Gaya ( Full Song ) Prabh Gill | Ammy Virk | Harjeeta | Latest Songs 2018","views":288373},{"radio_likes_dislikes":147.2738336713996,"video_id":"iSallxKpm8Y","video_title":"Dino James - Unstoppable [Official Video]","views":443279}]}
{"category_id":"24","videos":[{"radio_likes_dislikes":291.375,"video_id":"TKvGxz_icuo","video_title":"Udan Panam l ' Love beyond disabilities' l Mazhavil Manorama","views":198785},{"radio_likes_dislikes":285.21290322580643,"video_id":"ELZH3PD3Tlo","video_title":"BTS Comeback: Behind the Scenes with BTS on Ellen","views":437788},{"radio_likes_dislikes":237.51758087201125,"video_id":"2s4GMLkTNv0","video_title":"Dancing Without Moving!?","views":1149633},{"radio_likes_dislikes":232.12213740458014,"video_id":"YZ1UN5gvLjQ","video_title":"Marvel Studios' Avengers: Infinity War - All of Them TV Spot","views":803175},{"radio_likes_dislikes":218.57142857142858,"video_id":"H9ui6HGyCt0","video_title":"Marvel Studios' Avengers: Infinity War -- Remember TV Spot","views":555278},{"radio_likes_dislikes":182.07060141949944,"video_id":"Jodbdj52Vc0","video_title":"Shawn Mendes Carpool Karaoke -- #LateLateShawn","views":6908017},{"radio_likes_dislikes":177.8090909090909,"video_id":"tEG1Eo7OexY","video_title":"YouTube ReRyan FAIL!","views":2137879},{"radio_likes_dislikes":175.84615384615384,"video_id":"tugFFhML7VY","video_title":"The Nintendoe Paper!","views":1108125},{"radio_likes_dislikes":173.25237191650854,"video_id":"SJlmVOG8qj8","video_title":"Boy Band Gaming Music Video! (Dear Ryan)","views":877916},{"radio_likes_dislikes":163.6958174904943,"video_id":"2wlYHYFNPtM","video_title":"Marvel Studios' Avengers: Infinity War - One Goal TV Spot","views":606502}]}
{"category_id":"28","videos":[{"radio_likes_dislikes":265.178674351585,"video_id":"UIwdCN4dV6w","video_title":"Dope Tech: Camera Robots!","views":835935},{"radio_likes_dislikes":173.28062601187264,"video_id":"TyYV_h2bXM0","video_title":"OnePlus 6 Top Features and GIVEAWAY 🔥- OnePlus 6 Avengers Edition Giveaway!!🔥","views":840727},{"radio_likes_dislikes":125.8609865470852,"video_id":"GqCAVnvb3QA","video_title":"Samsung Galaxy S9 Top Features and Tips Tricks - Galaxy S9 Mega Giveaway 🔥🔥🔥","views":921731},{"radio_likes_dislikes":113.48936170212765,"video_id":"Js3WIRF595U","video_title":"New Year New MKBHD!","views":853894},{"radio_likes_dislikes":107.83509700176367,"video_id":"uKmx6OnbuN0","video_title":"Oneplus 5T Lava Red Unboxing and Giveaway 🔥🔥🔥 Valentine's Gift!!","views":335058},{"radio_likes_dislikes":105.55960516324981,"video_id":"BwYmaDSXdQY","video_title":"OnePlus 5T Unboxing and First Look - Giveaway Special 🔥 🔥 🔥","views":572811},{"radio_likes_dislikes":94.76038338658147,"video_id":"kGe6jZl-9UM","video_title":"Samsung Galaxy S9 Plus Unboxing | Hidden Surprise 🔥🔥🔥","views":143157},{"radio_likes_dislikes":93.87389100126742,"video_id":"1hHvH8xQDKA","video_title":"OnePlus 5T Star Wars Limited Edition Unboxing and First Look *GIVEAWAY*","views":446587},{"radio_likes_dislikes":90.44262295081967,"video_id":"w5FdfullATk","video_title":"Xiaomi Redmi Note 5 Pro Unboxing and Giveaway 🔥🔥🔥","views":1142947},{"radio_likes_dislikes":87.16706443914082,"video_id":"USXoINPEhoA","video_title":"Let's Talk About Google Duplex!","views":465629}]}
{"category_id":"2","videos":[{"radio_likes_dislikes":264.22935779816515,"video_id":"rQSbKaLweFs","video_title":"TVS Apache RR 310 First Ride Review : The New Contender? +Giveaway!","views":190700},{"radio_likes_dislikes":109.22222222222223,"video_id":"ueB5Kahh8a8","video_title":"2018 Aprilia RS 150 and Tuono 150 @ Auto Expo : PowerDrift","views":136203},{"radio_likes_dislikes":98.76975169300226,"video_id":"gbRijjvIeyk","video_title":"Marvel Studios' Avengers: Infinity War - Red Carpet World Premiere","views":754383},{"radio_likes_dislikes":45.87898089171974,"video_id":"ezyQ6gR17Mk","video_title":"Tik Tik Tik - Title Track Teaser | Jayam Ravi, Nivetha Pethuraj | D.Imman","views":156895},{"radio_likes_dislikes":37.651162790697676,"video_id":"XmpU_npSmDA","video_title":"Tata H5X | First look | Autocar India","views":150408},{"radio_likes_dislikes":33.896103896103895,"video_id":"sj0QExiyFfk","video_title":"TVS Apache RR 310 | First Ride | Autocar India","views":430393},{"radio_likes_dislikes":32.64453125,"video_id":"GB7x5YDxyNs","video_title":"Daddy's First Short Film / First Frame / Memorable Moment / Village food factory / CC","views":132790},{"radio_likes_dislikes":19.87431693989071,"video_id":"0bbR-9a8HZ4","video_title":"100 CHICKEN LEG PIECE FRY / VILLAGE FOOD FACTORY","views":117642},{"radio_likes_dislikes":18.546341463414635,"video_id":"ZAIr5yIc1ng","video_title":"Special LOLLIPOP Prepared by My DADDY ARUMUGAM / Village food factory","views":117712},{"radio_likes_dislikes":15.110266159695817,"video_id":"KVe3bIGWmd8","video_title":"Sinthamani CHICKEN / Prepared by Daddy / Village food factory","views":128674}]}
{"category_id":"1","videos":[{"radio_likes_dislikes":249.77966101694915,"video_id":"8lb7xal3lrg","video_title":"Asees - Official Trailer | ਆਸੀਸ | Rana Ranbir | New Punjabi Movie 2018 | Rel. 22nd June | Saga Music","views":403656},{"radio_likes_dislikes":149.37372593431485,"video_id":"4ZW46kW7mG8","video_title":"Harjeeta - Official Trailer | Ammy Virk | In Cinemas 18th May 2018","views":2795931},{"radio_likes_dislikes":147.53406813627254,"video_id":"uxbQATBAXf8","video_title":"Deadpool 2 | With Apologies to David Beckham","views":4369014},{"radio_likes_dislikes":145.7240356083086,"video_id":"p2MjWMKgrkA","video_title":"Subedar Joginder Singh - Trailer | Gippy Grewal, Roshan Prince, Kulwinder Billa | Punjabi Movie 2018","views":6140296},{"radio_likes_dislikes":141.9235668789809,"video_id":"VukVPfztS_0","video_title":"Thanni Varuma Varadha feat. Jump Cuts Hari Baskar | Fully","views":414552},{"radio_likes_dislikes":119.15753424657534,"video_id":"20bpjtCbCz0","video_title":"Deadpool 2: The Final Trailer","views":9823890},{"radio_likes_dislikes":113.94202898550725,"video_id":"MF9ovM9y0PE","video_title":"Punyalan Private Limited Official Teaser 2 | Jayasurya | Ranjith Sankar | Aju Varghese","views":249423},{"radio_likes_dislikes":99.55245901639344,"video_id":"DcV7d3py-Mw","video_title":"Subedar Joginder Singh - Teaser | Gippy Grewal | Indian Army | Indo China War | Republic Day","views":1682551},{"radio_likes_dislikes":79.79166666666667,"video_id":"tJxa6GyWv0k","video_title":"Aadu 2 Making Video | Jayasurya | Midhun Manuel Thomas | Vijay Babu | Vinayakan | Sunny Wayne","views":217443},{"radio_likes_dislikes":77.88344988344988,"video_id":"D86RtevtfrA","video_title":"Deadpool 2 | The Trailer","views":10454654}]}
{"category_id":"20","videos":[{"radio_likes_dislikes":175.49045280960175,"video_id":"AP1Scjdy_Kc","video_title":"I MADE IT TO THE TOP!","views":2026011},{"radio_likes_dislikes":104.1255084253341,"video_id":"2EPi1R9oZIw","video_title":"WHAT WENT . . . . . WRONG?","views":1931985},{"radio_likes_dislikes":64.31501057082453,"video_id":"hZg4-AtRVHQ","video_title":"dont say it. . . . . . .. . . . .","views":1442586},{"radio_likes_dislikes":53.006414662084765,"video_id":"pHxlZ4dTXug","video_title":"Is it 𝓘𝓼𝓸𝓹𝓸𝓭 𝓗𝓸𝓾𝓻 yet?","views":2924906},{"radio_likes_dislikes":35.809128630705395,"video_id":"L5pTGmMkvWU","video_title":"Town Hall 12 UPDATE Livestream Coming Soon!","views":582470},{"radio_likes_dislikes":33.99283305227656,"video_id":"jRT74op6xak","video_title":"Clash Royale: Cards Coming to Life (Anime)","views":864491},{"radio_likes_dislikes":29.508042369556687,"video_id":"DbPIkpi0ik4","video_title":"Clash of Clans: Town Hall 12 Is Coming! (New Update)","views":1758388},{"radio_likes_dislikes":28.772007599746676,"video_id":"uVcvhKTVZ8g","video_title":"Clash Royale: CLAN WARS IS HERE!","views":4265080},{"radio_likes_dislikes":25.997626112759644,"video_id":"oSEeK9yDNQI","video_title":"Clash Royale: Meet the Rascals! (New Card!)","views":6142430},{"radio_likes_dislikes":25.82028029678483,"video_id":"ptqKHvxfQVo","video_title":"Clash of Clans: Giant Skeleton Returns! (Clashmas Update 2017)","views":1685404}]}
{"category_id":"17","videos":[{"radio_likes_dislikes":171.2860548271752,"video_id":"VRJmcxCrAOA","video_title":"Real Life Trick Shots 2 | Dude Perfect","views":4234615},{"radio_likes_dislikes":111.99038461538461,"video_id":"qZHycHI3F1Q","video_title":"Football vs Soccer Trick Shots | Dude Perfect","views":4151801},{"radio_likes_dislikes":107.89235624123422,"video_id":"9oyKePWRi8Y","video_title":"Best of 2017 | Dude Perfect","views":6291266},{"radio_likes_dislikes":107.88425925925925,"video_id":"IBVo8dfqTBc","video_title":"Rey Mysterio makes a shocking return in the Royal Rumble Match: Royal Rumble 2018 (WWE Network)","views":1080121},{"radio_likes_dislikes":106.07403775435155,"video_id":"WpqUOW19aJQ","video_title":"Model Rocket Battle | Dude Perfect","views":9651434},{"radio_likes_dislikes":80.6796392975795,"video_id":"9m9oO84Q2fk","video_title":"Giant Darts Battle | Dude Perfect","views":3553407},{"radio_likes_dislikes":70.47036784741144,"video_id":"S9KxqRUcnCU","video_title":"Boomerang Trick Shots | Dude Perfect","views":12213413},{"radio_likes_dislikes":69.71331058020478,"video_id":"ycVc1jsaAA0","video_title":"Christmas Stereotypes","views":8267018},{"radio_likes_dislikes":61.50134851663171,"video_id":"v-dfygYIfLs","video_title":"Old School Trick Shots | Dude Perfect","views":3828183},{"radio_likes_dislikes":60.69461077844311,"video_id":"ED5w-Cm4BDs","video_title":"Nagumentry to end all dacumentaries! | #RCBInsider 4.0","views":166143}]}
{"category_id":"23","videos":[{"radio_likes_dislikes":169.7681660899654,"video_id":"Ah7ZCnIIJdI","video_title":"BYN : The Secret Gift","views":502274},{"radio_likes_dislikes":150.00481347773766,"video_id":"ashrS6GKcUo","video_title":"BYN : The Great Escape","views":945296},{"radio_likes_dislikes":145.175,"video_id":"09vzBTqGcJ8","video_title":"BYN : The Secret Santa","views":605502},{"radio_likes_dislikes":132.4468085106383,"video_id":"mHfUSLzcjnA","video_title":"Talking to Will Smith & Joel Edgerton - Kenny Sebastian | Face to Face","views":272911},{"radio_likes_dislikes":125.19662921348315,"video_id":"UJtVhPkIE28","video_title":"Robert Irwin and Jimmy Play with an Adorable Baby Deer","views":688122},{"radio_likes_dislikes":122.37345679012346,"video_id":"NezD7APkjHE","video_title":"FilterCopy | Life Of A Working Mother | Mother's Day Special | Ft. Rytasha Rathore","views":384316},{"radio_likes_dislikes":120.69318181818181,"video_id":"8kQDAbE7Gx8","video_title":"Charades with Emilia Clarke and Matt Bomer","views":473986},{"radio_likes_dislikes":118.91666666666667,"video_id":"E9Nh1gayzOE","video_title":"Cast of Avengers: Infinity War Draws Their Characters","views":1790574},{"radio_likes_dislikes":116.33207547169812,"video_id":"mjTSwmKqmuA","video_title":"BYN :  Singles Vs Rest Of The World","views":870199},{"radio_likes_dislikes":111.32142857142857,"video_id":"RjU7ve8IWfI","video_title":"Corporate Job and Motivation | Anirban Dasgupta stand up comedy","views":107098}]}
{"category_id":"27","videos":[{"radio_likes_dislikes":167.33455882352942,"video_id":"THkCSwnTaME","video_title":"How to Find Your Passion । Passion को Profession कैसे बनाएँ | Dr Vivek Bindra","views":206731},{"radio_likes_dislikes":157.16756756756757,"video_id":"zX65xRqH-S4","video_title":"अब तक का सबसे बड़ा खुलासा | Education System in India | Case Study by Dr Vivek Bindra","views":270021},{"radio_likes_dislikes":156.73417721518987,"video_id":"ZqG90jzu2QE","video_title":"STERLITE- மெய்ப்பொருள் காண்பது அறிவு","views":147886},{"radio_likes_dislikes":146.72549019607843,"video_id":"e-Cpg_KR_z4","video_title":"How & Why NOKIA Failed | Case Study | Dr Vivek Bindra | Part -1","views":281457},{"radio_likes_dislikes":107.76767676767676,"video_id":"Ou9KAOwasJ8","video_title":"ONE MINUTE SUCCESS HABIT FOR 2018 (HINDI) - NEW YEAR RESOLUTIONS !!","views":124621},{"radio_likes_dislikes":97.55900621118012,"video_id":"3soVHA-f1zQ","video_title":"10 Steps में Business का संपूर्ण ज्ञान | Startup Success Formula | Dr Vivek Bindra","views":157219},{"radio_likes_dislikes":96.65277777777777,"video_id":"eeZ03BnsuSU","video_title":"SIX EASY WAYS TO IMPROVE CONFIDENCE in HINDI - 6 PILLARS OF SELF ESTEEM","views":110731},{"radio_likes_dislikes":94.56084656084656,"video_id":"XRZp78VhNpY","video_title":"3 Steps To Quick Success I स्टूडेंट्स यह वीडियो ज़रूर देखें I Dr Vivek Bindra","views":182559},{"radio_likes_dislikes":92.31914893617021,"video_id":"rT_COmVs4YM","video_title":"TOP 3 LIFE LESSONS FOR 2018 !!! (HINDI) -  SUCCESSFUL NEW YEAR","views":113909},{"radio_likes_dislikes":89.8692098092643,"video_id":"YAwnH96aDuY","video_title":"पॉवरफुल मोटिवेशनल वीडियो | Rapid Growth Formula | Dr Vivek Bindra","views":152617}]}
{"category_id":"22","videos":[{"radio_likes_dislikes":122.28227194492254,"video_id":"OQQ1sGphUj4","video_title":"“Meri Dastaan sunana” Zakir Khan at Spoken 2017","views":974536},{"radio_likes_dislikes":105.76923076923077,"video_id":"BvdplXxv3q0","video_title":"Rajeev Masand interview with Ram Charan","views":115515},{"radio_likes_dislikes":93.12903225806451,"video_id":"dI5o1IJR7y8","video_title":"YOU ARE UNIQUE - Sandeep Maheshwari I Hindi","views":331405},{"radio_likes_dislikes":89.39673913043478,"video_id":"8aMckaI9k00","video_title":"Indore Preview- Chacha Vidhayak Hai Humare - Zakir Khan","views":274861},{"radio_likes_dislikes":84.66111111111111,"video_id":"GJ5GBUpLCZE","video_title":"RONDA ROUSEY'S EMOTIONAL CELEBRATION with The Bella Twins - Diary of WrestleMania","views":523546},{"radio_likes_dislikes":82.87254901960785,"video_id":"yCrAEJyxJkc","video_title":"Bhuvan Bam interview with Rajeev Masand","views":135219},{"radio_likes_dislikes":76.12330535829568,"video_id":"xp_hlUxJSI4","video_title":"Casey's STUPID NEW LOOK Explained","views":1439047},{"radio_likes_dislikes":70.7304347826087,"video_id":"ndj9CppYvv8","video_title":"Suno, gharwale aa rahe hai! - Zakir Khan","views":705265},{"radio_likes_dislikes":68.36401673640168,"video_id":"E-EHVmNevxs","video_title":"Chacha Vidhayak Hain Humare - Zakir Khan - Official Trailer","views":259041},{"radio_likes_dislikes":68.28771551724138,"video_id":"WVHbHzGDs7Q","video_title":"WHAT'S NEXT FOR ME ON YouTube !!","views":1362433}]}
{"category_id":"25","videos":[{"radio_likes_dislikes":108.97916666666667,"video_id":"ofiM3nY8Y-0","video_title":"സമരത്തിന്‍റെ 761 ദിവസങ്ങള്‍ അയാള്‍ ഇപ്പോള്‍ ഇങ്ങനെയാണ്‌ | Web Special","views":109975},{"radio_likes_dislikes":88.96363636363637,"video_id":"lP2y3NltBX0","video_title":"மாடு முட்ட வந்த தம்பியை விடாமல் காத்த சிறுமிக்கு குவியும் பாராட்டு","views":227442},{"radio_likes_dislikes":83.27388535031847,"video_id":"NUMa0QkPzns","video_title":"It’s not you. Phones are designed to be addicting.","views":372826},{"radio_likes_dislikes":67.30718954248366,"video_id":"QP5w0thkvYM","video_title":"மைதானத்தில் தமிழில் பேசியது பற்றி தினேஷ் கார்த்திக் விளக்கம் | Dinesh Karthik interview","views":518919},{"radio_likes_dislikes":65.85714285714286,"video_id":"uM47eeDeLFA","video_title":"സമരം ചെയ്ത് മെലിഞ്ഞെല്ലിച്ച ഈ മനുഷ്യന്‍ ഒരിക്കല്‍ മിസ്റ്റര്‍ തിരുവനന്തപുരം ആയിരുന്നു","views":188225},{"radio_likes_dislikes":63.08181818181818,"video_id":"QdFnPaYjxIw","video_title":"My dream has come true : Durishetty Anudeep, UPSC 2017 topper","views":365021},{"radio_likes_dislikes":62.49152542372882,"video_id":"oyB-BdZprQ0","video_title":"Exclusive Interview with JUMP CUTS team | HARI BASKAR | NARESH | Inaiya Thalaimurai","views":166902},{"radio_likes_dislikes":60.810810810810814,"video_id":"6yYwFqYMppY","video_title":"கல்யாண நாளில் டபுள் செஞ்சுரி அடித்த ரோஹித் சர்மா....வீடியோ","views":105302},{"radio_likes_dislikes":60.29193899782135,"video_id":"CqzKzeCZzyA","video_title":"சிம்புவின் கோரிக்கையை ஏற்ற கன்னடர்கள் நெகிழ்ச்சி வீடியோ | simbu speech about cauvery","views":665387},{"radio_likes_dislikes":58.7563025210084,"video_id":"jJbULEbQyTM","video_title":"தற்கொலை செய்ய பாலத்தில் இருந்து குதித்த இளம் பெண்ணை, மீட்ட இளைஞனுக்கு பாராட்டுகள்","views":343734}]}
{"category_id":"15","videos":[{"radio_likes_dislikes":57.61594202898551,"video_id":"XlCHEONTqnc","video_title":"WE ARE ALL GOING TO D1E.","views":2244679}]}
{"category_id":"26","videos":[{"radio_likes_dislikes":55.788844621513945,"video_id":"IT-SG5fuE70","video_title":"How to MAKE THE MOST of SUMMER VACATIONS | Don't be Lazy | Sejal Kumar","views":153090},{"radio_likes_dislikes":44.739837398373986,"video_id":"tZw8tnz-uv8","video_title":"I Adopted Rich People’s Habits, See How My Life Changed","views":305160},{"radio_likes_dislikes":36.31372549019608,"video_id":"7uJLXIdvs40","video_title":"What Will Happen If You Start Eating Oats Every Day","views":444332},{"radio_likes_dislikes":33.70742358078603,"video_id":"cYYiGxRBy6c","video_title":"6 Types of Body Fat and How to Get Rid of It","views":191572},{"radio_likes_dislikes":33.64,"video_id":"9nQt6yrOjxI","video_title":"Butter Scotch Ice Cream | बटरस्कॉच आइसक्रीम | Eggless Butterscotch Ice Cream","views":125209},{"radio_likes_dislikes":33.256198347107436,"video_id":"DtQGQR01AVM","video_title":"Potato Cheese Nuggets | पोटेटो चीज़ नगेट्स-बाल्स | Potato Cheese Balls","views":121550},{"radio_likes_dislikes":32.927083333333336,"video_id":"07bpHG1gu_8","video_title":"Peanut Chikki | मूंगफली गुड़ की चिक्की | Moongphali Gud ki Chikki","views":104121},{"radio_likes_dislikes":32.7,"video_id":"nCadNazBrp0","video_title":"Beat the Heat WITHOUT SHORT CLOTHES | Summer Outfit Ideas | Sejal Kumar","views":119002},{"radio_likes_dislikes":32.526785714285715,"video_id":"31Qf_Bt9qQg","video_title":"I Let my BFFs Pick My Outfits | Sejal Kumar","views":103884},{"radio_likes_dislikes":30.203488372093023,"video_id":"DETP_5mJobc","video_title":"Nankhatai in pressure cooker | नानखताई कुकर में बनायें । Nan Khatai on Gas","views":146255}]}
{"category_id":"19","videos":[{"radio_likes_dislikes":51.91620111731844,"video_id":"UvDGBIkJaqQ","video_title":"Chinese Street Food DAN DAN NOODLE Tour in Sichuan, China | INSANELY GOOD and SPICY Szechuan Noodles","views":287298},{"radio_likes_dislikes":11.321428571428571,"video_id":"0SMKG3SRGzQ","video_title":"Rana hungama at #ChaySam Wedding Reception || TV9","views":202954},{"radio_likes_dislikes":5.956521739130435,"video_id":"h4DDlNQyt24","video_title":"மாலை நிலவரம் ஒக்கி 70 கிமி வேகத்தில் கன்னியாகுமரி kanyakumari ockhi","views":173822}]}
{"category_id":"29","videos":[{"radio_likes_dislikes":44.38106796116505,"video_id":"J_lKpdO6BCQ","video_title":"Shame On Us | #RealTalkTuesday","views":304371},{"radio_likes_dislikes":30.34862385321101,"video_id":"0eSiddTE0Oo","video_title":"Mahashivratri 2018 Celebrations with Gurudev Sri Sri Ravi Shankar","views":112423},{"radio_likes_dislikes":6.901808785529716,"video_id":"io82HGyOf9s","video_title":"Stop Speak Support","views":164658},{"radio_likes_dislikes":1.0,"video_id":"WSU5NcuYIb8","video_title":"SAKA SIRHIND | ਸਾਕਾ ਸਰਹੰਦ | 23.12.2017 Pakhowal | Part 2/2 | Bhai Ranjit Singh Khalsa Dhadrianwale","views":103675},{"radio_likes_dislikes":1.0,"video_id":"WEW4DESwnF8","video_title":"LIVE NOW | VAISAKHI SAMAGAM | G.Parmeshar Dwar | 14 April 2018 | Dhadrianwale","views":111090}]}
{"category_id":"30","videos":[{"radio_likes_dislikes":41.869955156950674,"video_id":"l7E0kTvARsA","video_title":"Golak Bugni Bank Te Batua Full Movie (HD) | Harish Verma | Simi Chahal | Superhit Punjabi Movies","views":225528},{"radio_likes_dislikes":14.266666666666667,"video_id":"UZnU-duI_qM","video_title":"Mass Leader (Kannada) Full Movie | Shivaraj Kumar | Narasimha | Veer Samarth","views":165601}]}
{"category_id":"43","videos":[{"radio_likes_dislikes":26.56756756756757,"video_id":"15HYrLtKn2w","video_title":"CID - सी आ डी - Episode 1227 - 17th November, 2017","views":270323},{"radio_likes_dislikes":25.909774436090224,"video_id":"7F-xwlWW0dk","video_title":"Kalakkapovadhu Yaaru 3/24/18","views":328926},{"radio_likes_dislikes":22.022058823529413,"video_id":"Og7NUPoS9JU","video_title":"Kalakkapovadhu Yaaru | Grand Finale","views":531691},{"radio_likes_dislikes":21.486021505376343,"video_id":"mA45IV9njv8","video_title":"Super Singer 6 Episode 14","views":611125},{"radio_likes_dislikes":17.636363636363637,"video_id":"M2GYqerN0nw","video_title":"Raja Rani 11/23/17","views":201587},{"radio_likes_dislikes":16.77237851662404,"video_id":"t3HuWPihmQ8","video_title":"Vijay Television Awards 5/13/18","views":1418226},{"radio_likes_dislikes":13.811881188118813,"video_id":"77EMY4wiOCw","video_title":"Raja Rani 12/05/17","views":328368},{"radio_likes_dislikes":10.745454545454546,"video_id":"mxX9MED_6Sw","video_title":"Raja Rani 3/23/18","views":145449},{"radio_likes_dislikes":8.168316831683168,"video_id":"0eV-dMmTXD8","video_title":"Raja Rani 3/6/18","views":244725},{"radio_likes_dislikes":7.580152671755725,"video_id":"nMN7su1YHKo","video_title":"CID - सी आ डी - Episode 1225 - 15th November, 2017","views":249846}]}
