{"category_id":"24","end_day":"18.11.02","number_of_videos":8,"start_day":"18.05.02","total_views":2678983,"video_id":["A04PARdtEss","S-xBo-o6Ky0","6niuasak0AY","sC32d0BmcJk","bAjxXtN81n8","UaGK8MCVZyE","G06gCDESJzk","bmQj-ORcsUU"]}
{"category_id":"22","end_day":"18.18.02","number_of_videos":27,"start_day":"18.12.02","total_views":4398766,"video_id":["xEZTDtbAbDI","3IZJ5_1hgW8","fPpHb7uQA9g","ze4qQICHOws","36kZ8xojIz0","qy3iltRcMb0","mFBzxvVUO_o","d9p7oYZfE74","gP5rZvsw0eE","VG5auMC9I0Q","TJ64ukzrJL4","Xpfp9jwXKks","QsS4LCWrS1Q","icq4NYBAAGo","bWIp5Db_TKI","d13iwg92Qzc","LOmOEKHSOjk","pze3ymYHDdo","DJoEfkq-OUM","MA4FGN1QdiE","BfP4tSKqHrs","touUMJ5eLpk","Uf_Tj9xp7-A","P1X_bqhyF3E","X8M0RpK4p6g","QoNeUY6DUX8","HkjpKDlBhdo"]}
{"category_id":"17","end_day":"18.25.02","number_of_videos":6,"start_day":"18.19.02","total_views":8725079,"video_id":["7Gk5IpHOO5I","SkY_-tvXTA8","qZHycHI3F1Q","M82dFk3EY88","U7-RlocZYZs","a3reRpGcHX8"]}
{"category_id":"24","end_day":"18.04.03","number_of_videos":23,"start_day":"18.26.02","total_views":6904246,"video_id":["It2CfRszyjM","2-caYDGaZnU","PVbG2Cwf17k","KCEjcsWezO0","79eyZQbHxvI","x9Mnj-zehCk","H19fkj36x-8","fcgccb-Qy_I","wLohN8ZiZLU","Taw4Jq0qNSk","OV-t8_nb010","vjnFDpyXFD4","wLeQcX3Hrlg","mDs-bSjpTuQ","Xzq9bm0GSws","y-KUGpoD58M","AeluF1rWcS0","5342SoLffyI","NKmrfmZELpo","WIjqeKJhKlA","vtRYNnTpSmE","othGUm7Pd6E","10X-d55NQr8"]}
{"category_id":"24","end_day":"18.11.03","number_of_videos":26,"start_day":"18.05.03","total_views":5907033,"video_id":["0sQlop6opdk","tCnbAAgfxH8","0kTu9_NKnfM","fupAKFaLoAQ","9iadxqMA3MM","tlVoloerkS0","1JBPpdxwWjE","llQSeIgAp_g","xcJesS1At84","X9ah6ruzKIk","n6BM2IXY_p0","eQJbA5NGG2M","JqXiL6APS0s","kct6omoHGdg","yPttpGXfsHw","2Dl1yDcukNY","t6mcN13IkrM","glcriLb-qME","26DET538i4s","iVpO37scwY4","L_VQkIBNuQ8","lFTb71xwk9M","r9YIWnk04jo","V0LZqaoeEu8","AGP4SK6Dtvg","wgY1hEFNvvc"]}
{"category_id":"10","end_day":"18.18.03","number_of_videos":6,"start_day":"18.12.03","total_views":16857791,"video_id":["tCXGJQYZ9JA","fodRoRdDSug","gxaSsFnndVw","sS0LCjOiIhc","Ip7eVuFxiEE","ed3jUnPhuaU"]}
{"category_id":"24","end_day":"18.25.03","number_of_videos":20,"start_day":"18.19.03","total_views":7590446,"video_id":["ScU1RDcBWXs","ifiK-NlSwfA","uLqIMTUytF4","B1W_1vyoQvc","M9c_0T2KX3g","LPiJsYf0SoE","TJjcBBsKpCE","yoifqJm8C8Q","syc3xGNeUVg","WA4wc7qGSDI","KtworwF8WVU","PGsrC3AkB5I","s2qyL1DCDcM","4dLd4eB_lgA","rDOroDUlxqM","sNxk4rrINVU","1xhNRG3XPVM","WghEe97ZiJc","sHv5pZ8-aDY","GUyyJ8RKArU"]}
{"category_id":"24","end_day":"18.01.04","number_of_videos":15,"start_day":"18.26.03","total_views":3792622,"video_id":["dKeAtgwjzHg","PbL4sfKB8GE","sQBK0chYgFM","U29bGfVe1sg","WHTJZBMIWNk","ZASroulrsV4","O99Qtjq1Zrc","FBi-t0Qrtgg","b1GEtvuQGRQ","3QI71lUoEPE","0GhEJEgmNbE","GFGZvw8Ax00","7aub57EZc00","m6YaKO8FFjQ","SGKEwzgYW-M"]}
{"category_id":"24","end_day":"18.08.04","number_of_videos":12,"start_day":"18.02.04","total_views":4169321,"video_id":["Gh5EytRqbX4","ksoJ2P3TaI0","zHQmek0XqXo","scv8llYjSPw","O8cbUjWNMZQ","ig3rUax8Pe4","MHpiuX7UKMY","gXxusiP-kBI","MRyaUky_Bek","PWhMIPa0vCg","ur-QURGXbhw","okNii9OVSLM"]}
{"category_id":"10","end_day":"18.15.04","number_of_videos":2,"start_day":"18.09.04","total_views":7606927,"video_id":["9TUBf6l7FBg","P3EvfO3nJ5g"]}
{"category_id":"24","end_day":"18.22.04","number_of_videos":25,"start_day":"18.16.04","total_views":13035021,"video_id":["AFZJzQcCTQ0","-0q2P8spwng","qm321k6ckm0","JWb1oBA-Lng","avft0iorqno","BCWdaGJ7OPk","guf1L6HmeOc","pA7p19fc0h0","IpbGfEAsewQ","CrkxKg2At7s","4kVojuefZno","CIY-2UjvVKg","xqIKscTXzXM","9QDx-XVz4M8","h-xXSVsWhRg","mfUanfBn1Gk","wBZ-Zutq1JI","1FJD7jZqZEk","akyy5mc5oeg","sTZggl4_LdE","ZJ3TXlyND7c","h-QyR2ZDC08","fC2llloo2ag","sMLso2du91U","UqSsQO_JfPM"]}
{"category_id":"24","end_day":"18.29.04","number_of_videos":26,"start_day":"18.23.04","total_views":17023877,"video_id":["jYUpxhZIU58","ze7lZVw0Z-I","JJeDo1slgVc","bOVJFiYUOIY","dKx84iWcDew","bywwrBpS7X8","IOktnwehiNs","RJapKCstfC4","u9Mv98Gr5pY","dOnxeaNFKlg","PwtIytw6ZQg","T-FCH_WTrJU","r7Yl111d9R8","ZrDIUTsno-4","3uIPh1sf8z8","gRWd2DRrHNE","CfuR3rvhdbo","1qfAx5HInX0","_2L_4OfWtwA","De55AjBNai0","kGixpCuKwro","T9knX49K5FQ","M02NN0BcZ-M","mXS4JXW_Bh0","Xib5FJ-cfrM","WEZVfoEfclE"]}
{"category_id":"24","end_day":"18.06.05","number_of_videos":29,"start_day":"18.30.04","total_views":12329042,"video_id":["rWnodMdq4Ew","bvQGXkB6FNw","C-S5-SpJo3c","DSwz8oe2Bfw","fUyTAa9FiOU","OlWVyNmgHSU","U4iT7C7JUMI","ehffmdz2iHU","BtXaK70gSeg","q6FjSnqCIZg","srz04lkgbQk","V7noTuehqy8","F25aIh2-8z4","JwPY13jAQ5U","yDidP4o_Wf0","SYoXhQ__rYw","2HH49yh8GCw","UUkn-enk2RU","vBpnidVj1Rs","kBAkv4HikX8","VfIE8tjmePE","wG_I-x8YyKg","IL104xhwHqE","lfCfbD9HBP4","tg3qdfomLUo","hpgdiwFFuBE","Siw77wnTPOo","ISXfrS31wQQ","aoI5_rKhLCI"]}
{"category_id":"10","end_day":"18.13.05","number_of_videos":10,"start_day":"18.07.05","total_views":23954804,"video_id":["p8npDG2ulKQ","G7JClBRVjSQ","1ce456Nnkt8","rLJFcV8SKFY","-6UDwUsRngU","75AfDdeS3Is","0zLxFAlS29A","ceDgyfTC2ns","32sYGCOYJUM","jeBom5xxVoU"]}
{"category_id":"24","end_day":"18.20.05","number_of_videos":24,"start_day":"18.14.05","total_views":5924713,"video_id":["bjJcC1PRG5w","rKVruIxFDBk","eOu-dUT6PN0","1Lc_E8gblZU","68cosdQgLC8","C5FKtvccr3E","ANRnm2XQaVA","DOo-rBRzJn0","QnTFhkQ5VaM","10Y0wu8SrF8","2NwSL0QhQX0","kaucudh5_ko","TJYS6D-g5O4","ygQziSEe2y8","auU6Q-IW914","N1MfROdWpZs","codGLVnp6Bs","9S08k0dqqA8","upEDdoizZNM","6bOR36DhAZg","FsHq5iZMlQg","Ar7S-hpawM4","z7t2jzmV_Zg","geOSYId6tac"]}
{"category_id":"24","end_day":"18.27.05","number_of_videos":16,"start_day":"18.21.05","total_views":3533470,"video_id":["8BVhPbOf1IY","ud9hKO_d6hE","VmHH7B8RZ5Y","7ru2lRQoMo4","UjifrMuZ9l8","SS67w_Ku81Q","jWLaTzsOOOk","40IMaIyuhZw","ponoezpuE0U","P2vuevHYY0Y","CyMH0PDaM_M","Ss2U8sZsEzE","N69XEH1h1VY","ab3nOxPhsYU","9lanAqVRb9c","PP9yAIBDi-Y"]}
{"category_id":"10","end_day":"18.03.06","number_of_videos":10,"start_day":"18.28.05","total_views":9921785,"video_id":["ntWSnDV0MYs","Bwg_beeIxUU","HeHf5BZbNOc","-97bU0sptZU","aJOTlE1K90k","TQEGEXpGPGA","8JnfIa84TnU","SqvoW0nMYok","G1w4sljdPds","Q97U8K_YlOo"]}
{"category_id":"24","end_day":"18.10.06","number_of_videos":22,"start_day":"18.04.06","total_views":4289048,"video_id":["GW0evBeTFeM","Hnmwb85o_6I","hraGJL_azqg","owksbOBITws","3ETiSvVkge4","43VvqUOP8O0","0Ubh9z086hE","9EwLEmEXXnk","sx-8ZzzO1E0","uYcfn2NnZtw","Ra2383WH8vY","OxU5au9Z_bY","uykFHGmiD0A","Vy8TgSDlekk","Yxym8Q9laW8","k1eBrxmc4sE","d0za34SmiD0","hLMlSqQjg_k","oquKsgZaDRo","-8RpxwmPyqw","F20hua1E3gA","bWkn12b6swE"]}
{"category_id":"24","end_day":"18.17.06","number_of_videos":14,"start_day":"18.11.06","total_views":2736109,"video_id":["MBfcvC4KBz4","6I4yiDSkN7E","EC5P4MRvpqo","qCakAH34hWg","cPhxYyJDo0c","QNEiSnGiz4E","cPvRDJX1F84","CjEuFSiO8CI","3HyNM1OwfaM","BZ5iSvMKm4k","uMA9-iqz8tg","jF5kDifTKQk","dVXOIs28etI","rrIcFrRRQFA"]}
