{"channel_title":"Azzlackz","description":"Folgt Azzi Memo:\\nFacebook: https://www.facebook.com/AzziMemo452\\nInstagram: https://www.instagram.com/azzimemo/\\nTwitter: https://twitter.com/memoazzlack\\n\\nFolgt Eno:\\nFacebook: https://www.facebook.com/eno183\\nInstagram: https://www.instagram.com/eno183\\n\\nMix von Gökhan Güler\\nhttps://www.facebook.com/goekhangueler\\n\\nMaster von Volker IDR\\n\\nVideo von Dominik Lange\\nhttps://www.instagram.com/dome_la1\\n\\nProduziert von SOTT & TG\\nhttp://www.instagram.com/sottmusic\\nhttp://www.instagram.com/prodbytg\\n\\nAbonniert den Kanal:\\nhttps://www.youtube.com/c/Azzlackz\\n\\nANFRAGEN, BOOKING, PRESSE:\\nayo@generationazzlack.com\\n\\nGeneration Azzlack © 2017","id":"kcBCqLRSsrg","latest_date":"17.21.11","latest_dislikes":"6369","latest_likes":"66251","latest_views":"1511381","title":"Azzi Memo - AMG 2 ft. Eno (prod. von SOTT & TG) [Official HD Video]","trending_days":[{"date":"17.17.11","dislikes":"575","likes":"18587","views":"124492"},{"date":"17.18.11","dislikes":"4082","likes":"48604","views":"682817"},{"date":"17.19.11","dislikes":"5606","likes":"58361","views":"1069396"},{"date":"17.20.11","dislikes":"6145","likes":"63404","views":"1332552"},{"date":"17.21.11","dislikes":"6369","likes":"66251","views":"1511381"}]}
{"channel_title":"Disney•Pixar","description":"The teaser trailer for Incredibles 2 is here.\\n\\nDisney/Pixar's Incredibles 2 opens in theatres in 3D June 15th, 2018.\\n\\nEveryone’s favorite family of superheroes is back in “Incredibles 2” – but this time Helen (voice of Holly Hunter) is in the spotlight, leaving Bob (voice of Craig T. Nelson) at home with Violet (voice of Sarah Vowell) and Dash (voice of Huck Milner) to navigate the day-to-day heroics of “normal” life. It’s a tough transistion for everyone, made tougher by the fact that the family is still unaware of baby Jack-Jack’s emerging superpowers. When a new villain hatches a brilliant and dangerous plot, the family and Frozone (voice of Samuel L. Jackson) must find a way to work together again—which is easier said than done, even when they’re all Incredible.\\n \\nDirected by Brad Bird (“Iron Giant,” “The Incredibles”) and produced by John Walker (“The Incredibles”) and Nicole Grindle (“Sanjay’s Super Team” short, “Toy Story 3” associate producer), “Incredibles 2” busts into theaters on June 15, 2018.","id":"ZJDMWVZta3M","latest_date":"17.23.11","latest_dislikes":"8694","latest_likes":"395711","latest_views":"19999878","title":"Incredibles 2 Official Teaser Trailer","trending_days":[{"date":"17.19.11","dislikes":"2072","likes":"157937","views":"4746854"},{"date":"17.20.11","dislikes":"4684","likes":"262451","views":"9920833"},{"date":"17.21.11","dislikes":"6789","likes":"332272","views":"14478580"},{"date":"17.22.11","dislikes":"7892","likes":"369519","views":"17613871"},{"date":"17.23.11","dislikes":"8694","likes":"395711","views":"19999878"}]}
{"channel_title":"KMNGANG","description":"► “FAST LIFE” jetzt vorbestellen:\\nhttps://Azet.lnk.to/FastLife\\n\\nDie 1. Singleauskopplung “GJYNAH” aus dem Album “FAST LIFE” von AZET.\\n\\nBeat: Lucry\\nProduced by: DJ A-Boom\\nMix/Master: DJ A-Boom\\n\\nVideo produced by: www.fati.tv\\nLicht: Georg Steffens\\nVFX Licht: Rino\\n\\nManagement: TwoSides\\n\\nKMN Merch: https://www.dresscode-merch.de/kmngang\\n\\nAbonniert den Kanal um nichts zu verpassen und folgt uns auf Facebook.\\n\\nFolgt uns auf Facebook:\\nAZET: https://www.facebook.com/AZETKMN\\nMIAMI YACINE: https://www.facebook.com/miamiyacine \\nZUNA: https://www.facebook.com/ZunaKMN \\nNASH: https://www.facebook.com/Nash-4037161...\\nKMN: https://www.goo.gl/XBgkl4 \\nA-BOOM: https://www.facebook.com/Djaboomofficial/ \\nLUCRY: https://www.facebook.com/Lucry030/ \\nFati.tv: https://www.facebook.com/fatitv/ \\nTwoSides: https://m.facebook.com/twosides.de/\\n\\n\\nFolgt uns auf Instagram:\\nAZET: https://www.instagram.com/kmn_azet/ \\nMIAMI YACINE: https://www.instagram.com/miamiyacine44/ \\nZUNA: https://www.instagram.com/kmn_zuna/ \\nNASH: https://www.instagram.com/kmn.nash/\\nA-BOOM: https://www.instagram.com/djaboom\\nLUCRY: https://www.instagram.com/prodby_lucry/\\nFati.tv: https://www.instagram.com/fati.tv_kmngang/ \\n\\nKMNGANG Kontakt:\\nAllgemeine Fragen: mgmt@twosides.de \\nPresse: mgmt@twosides.de \\nBooking: tobi@chimperator.de\\n\\n————————————————————————\\n► “CASIA” jetzt bestellen:\\nhttps://miamiyacine.lnk.to/Casia\\n\\n► “Mele7” jetzt bestellen:\\nhttps://KMN-Gang.lnk.to/ZunaMele7\\n\\n► FASTLIFE ► ÜBERALL ERHÄLTLICH\\n► iTunes: https://itun.es/de/VHujcb ► Google Play: https://goo.gl/Kmdkxy ► AmazoneMP3: https://goo.gl/bz6iO5\\n\\nRichtung Paradies - EP kostenlos Downloaden auf: http://kmngang.com oder auf iTunes: https://goo.gl/YZqsGS\\n\\nDas Album Planet Zuna schon gehört? Hier erhältlich:\\n► iTunes: https://itunes.apple.com/us/album/pla...\\n► Amazon: http://www.amazon.de/dp/B00VJ286FO","id":"q23qghoF6Nk","latest_date":"17.13.12","latest_dislikes":"17474","latest_likes":"149715","latest_views":"3235062","title":"AZET - GJYNAH prod. by Lucry (Official 4K Video)","trending_days":[{"date":"17.09.12","dislikes":"8360","likes":"102739","views":"1132010"},{"date":"17.10.12","dislikes":"13639","likes":"127131","views":"1985692"},{"date":"17.11.12","dislikes":"15915","likes":"138828","views":"2537923"},{"date":"17.12.12","dislikes":"16979","likes":"145297","views":"2921722"},{"date":"17.13.12","dislikes":"17474","likes":"149715","views":"3235062"}]}
{"channel_title":"SpaceX","description":"We have an updated version of this webcast that includes both side booster cameras and additional Starman views here: https://www.youtube.com/watch?v=bCc16uozHVE\\n\\nWhen Falcon Heavy lifts off, it will be the most powerful operational rocket in the world by a factor of two. With the ability to lift into orbit nearly 64 metric tons (141,000 lb)---a mass greater than a 737 jetliner loaded with passengers, crew, luggage and fuel--Falcon Heavy can lift more than twice the payload of the next closest operational vehicle, the Delta IV Heavy, at one-third the cost. Falcon Heavy draws upon the proven heritage and reliability of Falcon 9. \\n\\nIts first stage is composed of three Falcon 9 nine-engine cores whose 27 Merlin engines together generate more than 5 million pounds of thrust at liftoff, equal to approximately eighteen 747 aircraft. Only the Saturn V moon rocket, last flown in 1973, delivered more payload to orbit. Falcon Heavy was designed from the outset to carry humans into space and restores the possibility of flying missions with crew to the Moon or Mars.","id":"wbSwFU6tY1c","latest_date":"18.11.02","latest_dislikes":"11551","latest_likes":"369244","latest_views":"18898278","title":"Falcon Heavy Test Flight","trending_days":[{"date":"18.07.02","dislikes":"2557","likes":"199459","views":"10582444"},{"date":"18.08.02","dislikes":"7802","likes":"300310","views":"14816949"},{"date":"18.09.02","dislikes":"9761","likes":"338792","views":"16806832"},{"date":"18.10.02","dislikes":"10894","likes":"358132","views":"18026231"},{"date":"18.11.02","dislikes":"11551","likes":"369244","views":"18898278"}]}
{"channel_title":"DrakeVEVO","description":"God’s Plan (Official Video)\\n\\nSong Available Here: https://Drake.lnk.to/ScaryHoursYD\\n\\n \\n\\nDirected by Karena Evans\\n\\nExecutive Producers Director X & Taj Critchlow\\n\\nProduced by Fuliane Petikyan\\n\\nFor Popp Rok\\n\\n \\n\\nMusic video by Drake performing God’s Plan.  © 2018 Young Money Entertainment/Cash Money Records\\n\\nhttp://vevo.ly/Z6Unb9","id":"xpVfcZ0ZcFM","latest_date":"18.22.02","latest_dislikes":"24525","latest_likes":"2152153","latest_views":"33591858","title":"Drake - God’s Plan","trending_days":[{"date":"18.18.02","dislikes":"6780","likes":"912417","views":"9528846"},{"date":"18.19.02","dislikes":"12850","likes":"1431537","views":"17059675"},{"date":"18.20.02","dislikes":"18163","likes":"1815669","views":"23945951"},{"date":"18.21.02","dislikes":"21453","likes":"1997355","views":"28866802"},{"date":"18.22.02","dislikes":"24525","likes":"2152153","views":"33591858"}]}
{"channel_title":"Das Ding des Jahres","description":"Der Huggle von Erfinderin Verena Vogler ist Kuscheldecke, Bademantel und Kissen zugleich. Zum Mitnehmen kann er sogar eine Tasche werden. Joko ist zumindest schon total aus dem Häuschen.   \\n\\nDas Ding des Jahres auf Facebook: \\nhttps://facebook.com/dasdingdesjahres/  \\n\\nDas Ding des Jahres-Webseite:  \\nhttp://prosieben.de/tv/das-ding-des-jahres\\n\\nDas Ding des Jahres auf Instagram: \\nhttps://www.instagram.com/dasdingdesjahres/","id":"ilXGO9wm09E","latest_date":"18.01.03","latest_dislikes":"478","latest_likes":"8143","latest_views":"422217","title":"Huggle - die kuschelige Funktionskleidung - Das Ding des Jahres","trending_days":[{"date":"18.25.02","dislikes":"30","likes":"1099","views":"34221"},{"date":"18.26.02","dislikes":"285","likes":"5108","views":"255591"},{"date":"18.27.02","dislikes":"399","likes":"6756","views":"343762"},{"date":"18.28.02","dislikes":"451","likes":"7649","views":"394729"},{"date":"18.01.03","dislikes":"478","likes":"8143","views":"422217"}]}
{"channel_title":"Samsung Deutschland","description":"Das neue Galaxy S9 | S9+ ist da. \\nJetzt vorbestellen und bis zu 450 € für dein altes Smartphone sichern.*\\n                                                                                                                                                                                                                                                                                                                                                                                                                                                                                                                                                                               *Nur bei teilnehmenden Händlern vom 25.02.- 15.03.2018. Aktionsbedingungen auf www.samsung.de/Galaxy-S9\\n\\nFolge uns: \\nWebsite: http://spr.ly/Samsung_Homepage \\nFacebook: http://spr.ly/Samsung_Mobile_FB \\nTwitter: http://spr.ly/Samsung_Deutschland_TW \\nInstagram: http://spr.ly/Samsung_Mobile_IN","id":"g0w5UHEipH4","latest_date":"18.02.03","latest_dislikes":"2354","latest_likes":"4276","latest_views":"365315","title":"Das neue Galaxy S9 | S9+","trending_days":[{"date":"18.26.02","dislikes":"493","likes":"1155","views":"82907"},{"date":"18.27.02","dislikes":"1739","likes":"3234","views":"232509"},{"date":"18.28.02","dislikes":"2290","likes":"4161","views":"320825"},{"date":"18.01.03","dislikes":"2350","likes":"4273","views":"354364"},{"date":"18.02.03","dislikes":"2354","likes":"4276","views":"365315"}]}
{"channel_title":"RADIO PSR","description":"Der Abgasskandal stinkt Deutschland gewaltig. Hier ist der Song zum Dieselfahrverbot! \\n\\n\\nwww.radiopsr.de","id":"myXi1KMyClc","latest_date":"18.06.03","latest_dislikes":"1889","latest_likes":"31806","latest_views":"1103466","title":"Dieselfahrverbot Parodie - Die Toten Hosen auf sächsisch - Tage wie diese","trending_days":[{"date":"18.01.03","dislikes":"12","likes":"565","views":"4616"},{"date":"18.02.03","dislikes":"193","likes":"6199","views":"215264"},{"date":"18.03.03","dislikes":"943","likes":"17858","views":"523924"},{"date":"18.04.03","dislikes":"1489","likes":"24792","views":"779009"},{"date":"18.05.03","dislikes":"1758","likes":"29035","views":"980899"},{"date":"18.06.03","dislikes":"1889","likes":"31806","views":"1103466"}]}
{"channel_title":"Wissenswert","description":"Willkommen bei wissenswert\\nUnser Instagram: https://www.instagram.com/wissenswertYT/\\nAlle Hörbücher kostenlos hören bei Audible ⇨ http://amzn.to/2xQJit1\\n\\n⇨ iPhone 7 günstiger bekommen: http://amzn.to/2x4rSvP\\n⇨ Unser Mikrofon: http://amzn.to/2rmaITA  \\n⇨ Unser Schnittprogramm: http://amzn.to/2q2Mu4M\\n\\nWas ist Wissenswert?\\nWie der Name schon sagt, findest du auf Wissenswert allerlei wissenswerten Content, rund um die Themen unserer Zeit – Gesellschaft, Technologie, Wirtschaft, Geschichte, Politik, Stars & Sternchen, YouTube, Life Hacks, Tipps & Tricks, Kurioses, Wissenschaft und alles, was das Herz begehrt. Aber Wissenswert bedeutet für uns mehr als nur Wissen. Wir wollen unterhalten, wir wollen inspirieren, wir wollen zum Nachdenken anregen und wir wollen Plattform sein, für eine wachsende Community von interessierten und aufgeweckten Menschen. Denn ohne euch, gäb es Wissenswert nicht.\\n\\nWer steckt hinter Wissenswert? \\nWer wir genau sind, bleibt wohl zunächst ein Geheimnis. So viel ist sicher, wir sind zwei Jungs. Wir lieben, was wir machen. Und, und das ist das Wichtigste: Wir haben viel vor. \\n\\nMusik und Quellenangaben findet ihr in der Kanalbeschreibung.\\nKontaktdaten für Business-Anfragen ebenfalls in der Kanalbeschreibung.\\n\\nVielen Dank fürs Angucken! Über Likes, Kommentare und ein Abo würden wir uns riesig freuen!\\nWenn ihr Anregungen, Verbesserungsvorschläge oder Kritik habt, lasst es uns wissen! \\n\\nMit ⇨ markierte Bereiche sind sog. Affiliate Links. Diese Links bringen euch zu Amazon. Wenn ihr dort etwas über den Link bestellt, unterstützt ihr Wissenswert ohne mehr zahlen zu müssen.\\n\\n„Es lautet aller Meister Lehr: Man gewinnt durch Güte mehr.“ - Sprichwort.\\n\\nNoch ein Hinweis: \\nWir bitten jeden Einzelnen von euch, im Internet freundlich und respektvoll zu sein. Die Anonymität des World Wide Web kann ein Segen sein, also missbrauchen wir sie nicht, um hasserfüllt oder feindselig zu sein.","id":"pk0iqFne5eU","latest_date":"18.14.03","latest_dislikes":"8652","latest_likes":"15947","latest_views":"1985594","title":"Was diese Ex-Serienstars HEUTE machen","trending_days":[{"date":"18.08.03","dislikes":"184","likes":"1296","views":"46622"},{"date":"18.09.03","dislikes":"2109","likes":"4839","views":"288392"},{"date":"18.10.03","dislikes":"5054","likes":"9717","views":"817531"},{"date":"18.11.03","dislikes":"6751","likes":"12763","views":"1304894"},{"date":"18.12.03","dislikes":"7688","likes":"14414","views":"1649350"},{"date":"18.13.03","dislikes":"8127","likes":"15180","views":"1806532"},{"date":"18.14.03","dislikes":"8652","likes":"15947","views":"1985594"}]}
{"channel_title":"Marvel Entertainment","description":"In theaters April 27. Get your tickets now: http://www.fandango.com/infinitywar\\n\\nFind out more on Marvel.com - http://bit.ly/2Iv6ouB\\n\\nFollow Marvel on Twitter: ‪https://twitter.com/marvel\\nLike Marvel on Facebook: ‪https://www.facebook.com/Marvel\\n\\nFor even more news, stay tuned to:\\nTumblr: ‪http://marvelentertainment.tumblr.com/\\nInstagram: https://www.instagram.com/marvel\\nGoogle+: ‪https://plus.google.com/+marvel\\nPinterest: ‪http://pinterest.com/marvelofficial","id":"QwievZ1Tx-8","latest_date":"18.21.03","latest_dislikes":"28312","latest_likes":"1465000","latest_views":"42862117","title":"Marvel Studios' Avengers: Infinity War - Official Trailer","trending_days":[{"date":"18.17.03","dislikes":"9118","likes":"975741","views":"19716689"},{"date":"18.18.03","dislikes":"16902","likes":"1242231","views":"30180849"},{"date":"18.19.03","dislikes":"22416","likes":"1355011","views":"36112519"},{"date":"18.20.03","dislikes":"26137","likes":"1420088","views":"39980116"},{"date":"18.21.03","dislikes":"28312","likes":"1465000","views":"42862117"}]}
