{"channel_name":"ibighit","end_date":"18.05.06","start_date":"17.24.11","total_views":250387835,"video_stats":[{"video_id":"ixxR3ZoqnF0","views":8484137},{"video_id":"kTlv5_Bs8aw","views":54083634},{"video_id":"OK3GJ0WIQ8s","views":23416810},{"video_id":"8O_MwlZ2dEg","views":9879448},{"video_id":"kX0vO4vlJuU","views":7518332},{"video_id":"p8npDG2ulKQ","views":29742824},{"video_id":"2tDKp41nrw8","views":8753550},{"video_id":"7C2z4GqqS5E","views":98637739},{"video_id":"D_6QmL6rExk","views":9871361}]}
{"channel_name":"jypentertainment","end_date":"18.06.06","start_date":"17.11.12","total_views":210706248,"video_stats":[{"video_id":"MPhAEcLaiNs","views":2709257},{"video_id":"rRzxEiBLQCA","views":55754734},{"video_id":"zi_6oaQyckM","views":8903489},{"video_id":"Sy3ERg7OCWo","views":2536670},{"video_id":"Xo8FPXlI3CU","views":959784},{"video_id":"lpzJNwur6Zk","views":4336590},{"video_id":"A70B_LKyOrU","views":5050120},{"video_id":"sS0LCjOiIhc","views":31391976},{"video_id":"i0p1bmr0EmE","views":98250935},{"video_id":"2MiQonPvlVM","views":812693}]}
{"channel_name":"TaylorSwiftVEVO","end_date":"18.07.04","start_date":"17.16.11","total_views":208886110,"video_stats":[{"video_id":"V54CEElTF_U","views":21893347},{"video_id":"MvIwx0JThsk","views":930349},{"video_id":"dfnCAmr569k","views":87043012},{"video_id":"tCXGJQYZ9JA","views":99019402}]}
{"channel_name":"Ozuna","end_date":"18.14.05","start_date":"17.17.11","total_views":202395789,"video_stats":[{"video_id":"iNf6VErGDLI","views":1677111},{"video_id":"X8sSXU-J8fI","views":9675155},{"video_id":"wfWkmURBNv8","views":91406776},{"video_id":"Ck4xHocysLw","views":99636747}]}
{"channel_name":"Marvel Entertainment","end_date":"18.02.05","start_date":"17.29.11","total_views":195645761,"video_stats":[{"video_id":"3VbHg5fqBYw","views":3111226},{"video_id":"6ZfuNTqbHE8","views":99732510},{"video_id":"PJBmeqpw3DY","views":2295021},{"video_id":"KweizHAroUU","views":180322},{"video_id":"8_rTIAOohas","views":8842980},{"video_id":"pVxOVlm_lE8","views":8641831},{"video_id":"HmBIn9De-Yc","views":340750},{"video_id":"QwievZ1Tx-8","views":56293347},{"video_id":"5iOhzJdDawE","views":7595900},{"video_id":"gbRijjvIeyk","views":754383},{"video_id":"UUkn-enk2RU","views":7857491}]}
{"channel_name":"DrakeVEVO","end_date":"18.10.05","start_date":"18.02.03","total_views":191711409,"video_stats":[{"video_id":"xpVfcZ0ZcFM","views":92977446},{"video_id":"U9BwWKXjVaI","views":98733963}]}
{"channel_name":"SebastianYatraVEVO","end_date":"18.05.05","start_date":"18.23.02","total_views":185610141,"video_stats":[{"video_id":"sD9_l3oDOag","views":92771184},{"video_id":"WtE011iVx1Q","views":92838957}]}
{"channel_name":"Ed Sheeran","end_date":"18.02.06","start_date":"17.22.11","total_views":181368275,"video_stats":[{"video_id":"2Vv-BfVoq4g","views":91081966},{"video_id":"817P8W8-mGE","views":8128270},{"video_id":"iWZmdoY1aTE","views":82158039}]}
{"channel_name":"Cardi B","end_date":"18.14.06","start_date":"17.29.12","total_views":164688466,"video_stats":[{"video_id":"sXP6vliZIHI","views":9816365},{"video_id":"l3uG4T8pJfw","views":6744540},{"video_id":"H4Hb6HcCm_E","views":4269095},{"video_id":"U4fErC9skHE","views":49603959},{"video_id":"xTlNMmZKwpA","views":94254507}]}
{"channel_name":"jbalvinVEVO","end_date":"18.03.04","start_date":"18.01.01","total_views":154379352,"video_stats":[{"video_id":"tLOl3s0uIM4","views":9805404},{"video_id":"liczsmUSMA4","views":70001631},{"video_id":"BQ31l1gPGKM","views":74572317}]}
{"channel_name":"LuisFonsiVEVO","end_date":"17.01.12","start_date":"17.01.12","total_views":143408235,"video_stats":[{"video_id":"TyHvyGVs42U","views":143408235}]}
{"channel_name":"MigosVEVO","end_date":"18.23.04","start_date":"17.16.11","total_views":137134262,"video_stats":[{"video_id":"TbfxmTQkLAE","views":17957402},{"video_id":"RHUxyXZBXY8","views":855230},{"video_id":"hYc95vB-nT4","views":835758},{"video_id":"HI-mXMr8glQ","views":9305101},{"video_id":"A_xWDAbnBSU","views":9674820},{"video_id":"fGqdIPer-ms","views":98505951}]}
{"channel_name":"NickyJamTV","end_date":"18.14.06","start_date":"18.09.03","total_views":124303596,"video_stats":[{"video_id":"_I_D_8Z4sJE","views":94051983},{"video_id":"kFMZUxX6K6o","views":9841966},{"video_id":"V15BYnSr0P8","views":20409647}]}
{"channel_name":"WORLDSTARHIPHOP","end_date":"18.14.06","start_date":"17.14.11","total_views":109705961,"video_stats":[{"video_id":"MnK9_fWPT3Y","views":2030890},{"video_id":"WZEFya56qPw","views":842661},{"video_id":"TVARgV7H4xw","views":992009},{"video_id":"MEYmQlWBeAE","views":3582721},{"video_id":"aMGQgC5yV-o","views":989072},{"video_id":"LJjsm6CVsG8","views":9046891},{"video_id":"z5WrgDzNIZ0","views":76687716},{"video_id":"Vm_CmfA5gRI","views":1867270},{"video_id":"giOZ3EAleeI","views":3504679},{"video_id":"oVruAfu53z4","views":662034},{"video_id":"VmwOMtkDxtk","views":8654006},{"video_id":"JvVYL7s-HMc","views":846012}]}
{"channel_name":"EnriqueIglesiasVEVO","end_date":"18.16.05","start_date":"18.06.02","total_views":109657724,"video_stats":[{"video_id":"gu9_m0vm7fM","views":90111676},{"video_id":"tYDmvYhQ6wI","views":9796287},{"video_id":"l884wKofd54","views":9749761}]}
{"channel_name":"PostMaloneVEVO","end_date":"18.25.04","start_date":"17.23.11","total_views":105300106,"video_stats":[{"video_id":"UceaB4D0jpo","views":7558742},{"video_id":"au2n7VVGv_c","views":97741364}]}
{"channel_name":"BeckyGVEVO","end_date":"18.08.05","start_date":"18.08.05","total_views":99159833,"video_stats":[{"video_id":"zEf423kYfqk","views":99159833}]}
{"channel_name":"ChildishGambinoVEVO","end_date":"18.13.05","start_date":"18.13.05","total_views":98938809,"video_stats":[{"video_id":"VYOjWnS4cMY","views":98938809}]}
{"channel_name":"TheWeekndVEVO","end_date":"18.08.05","start_date":"18.08.05","total_views":98673203,"video_stats":[{"video_id":"M4ZoCHID9GI","views":98673203}]}
{"channel_name":"Flow La Movie","end_date":"18.25.04","start_date":"18.25.04","total_views":97682983,"video_stats":[{"video_id":"9jI-z9QN6g8","views":97682983}]}
