{"category_id":"22","videos":[{"radio_likes_dislikes":1198.5172413793102,"video_id":"nByvlE7y71Q","video_title":"THE POPULAR DANCE TUTORIALS OF 90s-CURRENT W/BM OF KARD","views":165176},{"radio_likes_dislikes":671.7464788732394,"video_id":"axaovrFYNzY","video_title":"180613 JIN & V - Even If I Die, It's You (Hwarang OST)","views":793776},{"radio_likes_dislikes":551.8235294117648,"video_id":"jdWhVZutmkg","video_title":"[PREVIEW/ENG] BTS Don't Leave Me || New JP ALBUM FACE YOURSELF","views":249667},{"radio_likes_dislikes":528.8809523809524,"video_id":"vBl-wxN3S1Q","video_title":"EXTRA SPECIAL BONUS VID! - What's Going On With Sam Nunberg?","views":121113},{"radio_likes_dislikes":469.77777777777777,"video_id":"jGsE7y46Eqw","video_title":"Old Man Yells at Cloud","views":102091},{"radio_likes_dislikes":451.29411764705884,"video_id":"yp9lnxKRkD0","video_title":"My 5 MINUTE Everyday Hair Routine + Tips","views":125297},{"radio_likes_dislikes":433.13978494623655,"video_id":"oGxAUW1tSbk","video_title":"Casey & Davis | The Marlar Wedding","views":208319},{"radio_likes_dislikes":423.64935064935065,"video_id":"z9BDS6s5Cw4","video_title":"BTS (방탄소년단)  - JIMIN &JUNGKOOK - Black Or White (Michael Jackson DANCE) @ PROM PARTY","views":270925},{"radio_likes_dislikes":414.5,"video_id":"WVyvjF7Lr3s","video_title":"Infinity War Cast Goes Crazy with Thanos' Glove! (Anthony Mackie, Benedict Cumberbatch, and others)","views":149575},{"radio_likes_dislikes":413.7916666666667,"video_id":"SX9mF288Tb8","video_title":"Tom Holland Plays With Puppies While Answering Fan Questions","views":334473}]}
{"category_id":"10","videos":[{"radio_likes_dislikes":1001.0973837209302,"video_id":"PMEkmiQP5bg","video_title":"G.C.F in Osaka","views":2942269},{"radio_likes_dislikes":766.829268292683,"video_id":"tb-dW5x2DAc","video_title":"BTS Tell Us What They Love About Each Other & An Update On Tony & Nate From America Hustle Life","views":324230},{"radio_likes_dislikes":609.1052631578947,"video_id":"OmetCO_ZFnI","video_title":"The Rose (더 로즈) - BABY MV","views":573371},{"radio_likes_dislikes":590.7190082644628,"video_id":"TPDv9hgJ3ZI","video_title":"Neo Culture Tech on my mind","views":380711},{"radio_likes_dislikes":580.7741935483871,"video_id":"enHNhc7aEo4","video_title":"BTS: K-Pop Stars Cover Billboard Magazine With 8 Different Versions | Billboard News","views":114246},{"radio_likes_dislikes":531.875,"video_id":"CVRsDpihaEs","video_title":"BTS on 2018 Billboard Music Awards Performance | Billboard","views":355819},{"radio_likes_dislikes":491.03271692745375,"video_id":"3-FXW0CW_8o","video_title":"[BANGTAN BOMB] V&Jungkook Singing at standby time","views":1596081},{"radio_likes_dislikes":477.93548387096774,"video_id":"d4OlDh-WkTg","video_title":"[FULL] BTS (방탄소년단) - INTERVIEW With Jojo @ KIIS FM 20171117","views":164269},{"radio_likes_dislikes":472.27272727272725,"video_id":"8GGGliIxpgc","video_title":"Daniel Caesar - Best Part | A COLORS SHOW","views":288462},{"radio_likes_dislikes":471.4673366834171,"video_id":"R3jSBAQ-QoA","video_title":"Scotty Sire - Lonely Christmas (feat. Heath Hussar)","views":435310}]}
{"category_id":"24","videos":[{"radio_likes_dislikes":779.6190476190476,"video_id":"udAQmQ7W0Q8","video_title":"BTS Dish About Debuting New Music At The 2018 Billboard Music Awards | Access","views":189531},{"radio_likes_dislikes":766.6666666666666,"video_id":"_N6QovHPQmo","video_title":"Sing Anything Challenge ( w/Jess and Gabriel Conte )","views":138532},{"radio_likes_dislikes":652.72,"video_id":"1Cj8d6EcFp0","video_title":"The Adventure Zone: Balance trailer","views":124681},{"radio_likes_dislikes":640.8507462686567,"video_id":"MWb2vazaD28","video_title":"BTS On Their Favorite Body Parts & Their Fan-Organized Purple Ribbon Army | Access","views":262771},{"radio_likes_dislikes":637.2641509433962,"video_id":"S9TdkoI7-mA","video_title":"인피니트(INFINITE) Tell Me MV Teaser (Short ver.)","views":195269},{"radio_likes_dislikes":573.2666666666667,"video_id":"DURyE-qrBnk","video_title":"Finish The Lyric W/ My Roommates *Bad Consequences*","views":128826},{"radio_likes_dislikes":569.3372093023256,"video_id":"4UO9E3Tb1Qc","video_title":"a tribute to our hamster","views":235560},{"radio_likes_dislikes":566.6875,"video_id":"j4QVVe5paHg","video_title":"BTS Boys Reveal Fans' Weirdest Requests and More! | E! Live from the Red Carpet","views":102540},{"radio_likes_dislikes":511.85714285714283,"video_id":"fyz0rhzRfJ4","video_title":"BTS FAKE LOVE EXPLANATION | What do the items and rooms mean? [SOLVED]","views":177687},{"radio_likes_dislikes":476.36842105263156,"video_id":"Hwk9Ou7jA20","video_title":"[Weekly Idol EP.359] SHINEE's dance is art itself!","views":189111}]}
{"category_id":"23","videos":[{"radio_likes_dislikes":628.3862068965517,"video_id":"vpTrUNTUjnU","video_title":"When you been playing Fortnite for too long","views":841698},{"radio_likes_dislikes":613.28,"video_id":"3tU8ad5Sosk","video_title":"The Guys Go Camping","views":120208},{"radio_likes_dislikes":359.93589743589746,"video_id":"VocyIOF1N6Y","video_title":"TOM HOLLAND INTERVIEW *PRANK* (EARPIECE) ft Conor Maynard & Caspar Lee","views":226454},{"radio_likes_dislikes":357.7142857142857,"video_id":"rJ1K2I7m60w","video_title":"Episode 80 - Roof Raph","views":168848},{"radio_likes_dislikes":336.7710843373494,"video_id":"tZAZwqsMJTY","video_title":"Cooking with Finn Wolfhard","views":176586},{"radio_likes_dislikes":330.55855855855856,"video_id":"Sa89eLrunRg","video_title":"GIRLFRIEND BUYS MY OUTFITS!!","views":318743},{"radio_likes_dislikes":328.24,"video_id":"2B5ZobWSOLQ","video_title":"A Video To Watch When You're Sad: Jimin Version","views":136437},{"radio_likes_dislikes":321.63600782778866,"video_id":"Y0bFGnLj8Nc","video_title":"HOLIDAY HACKS + COOKING WITH LIZA!","views":1582083},{"radio_likes_dislikes":317.4025,"video_id":"xEAhiV3E2BI","video_title":"GINGERBREAD HOUSE WITH NO HANDS CHALLENGE!!","views":1221337},{"radio_likes_dislikes":315.62666666666667,"video_id":"VGrvXPjJo-s","video_title":"BRING IT IN 2018//LEAVE IT IN 2017 (Lele Pons, Vine 2, etc.)","views":127871}]}
{"category_id":"20","videos":[{"radio_likes_dislikes":590.9803921568628,"video_id":"yBHDI3y1GGY","video_title":"REQUIS UFC 3 DEBUT","views":283121},{"radio_likes_dislikes":447.7792207792208,"video_id":"1JhJ241dJ_g","video_title":"Fun At Literature Club - Game Grumps Animated  - by Sherbies","views":341108},{"radio_likes_dislikes":413.2857142857143,"video_id":"LEMI1Gd9b50","video_title":"CRAZY BASKETBALL TRICKSHOTS VS NBA ALL STAR JRUE HOLIDAY!","views":256883},{"radio_likes_dislikes":374.1698113207547,"video_id":"sT3r-uD6e-0","video_title":"CRAZY BASKETBALL TRICKSHOTS!! INSIDE NBA ARENA FT DE'AARON FOX","views":317391},{"radio_likes_dislikes":359.9390243902439,"video_id":"CCnUNuRulwM","video_title":"REQUIS CRUSHES IMPOSTER CHAMPION AND REGAINS HIS BELT","views":261817},{"radio_likes_dislikes":359.4078947368421,"video_id":"1JOrtIyaXGM","video_title":"Bendy and the Ink Machine: Chapter Five - NOW IN PRODUCTION!","views":310753},{"radio_likes_dislikes":307.85714285714283,"video_id":"H7LW53FpTWw","video_title":"Bendy and the Ink Machine: Chapter Four - Reveal Trailer 2018","views":287566},{"radio_likes_dislikes":304.1917808219178,"video_id":"bn3jHugG78U","video_title":"Doki Doki Literature Club!: Technical Issues - PART 29 - Game Grumps","views":340298},{"radio_likes_dislikes":303.44144144144144,"video_id":"Rz2SNm8VguE","video_title":"Subnautica Cinematic Trailer","views":508261},{"radio_likes_dislikes":299.5263157894737,"video_id":"hwAYtDPknPA","video_title":"ARTISAN FAN MAIL • Behind The Cow Chop","views":220603}]}
{"category_id":"1","videos":[{"radio_likes_dislikes":577.7659574468086,"video_id":"r2ys-AimNbE","video_title":"“First Burn” [Official Video]","views":287163},{"radio_likes_dislikes":527.6875,"video_id":"6tEQoF_8Z7s","video_title":"Place To Start (Official Video) - Mike Shinoda","views":225248},{"radio_likes_dislikes":516.0454545454545,"video_id":"SRqUOef0smE","video_title":"[A day before us 2] EP.07 Before He Seems Different _ ENG/JP","views":116392},{"radio_likes_dislikes":428.3953488372093,"video_id":"Yh_Fr5a26L4","video_title":"Rooster Teeth Animated Adventures - Beanie Baby Catspiracy","views":348218},{"radio_likes_dislikes":381.05333333333334,"video_id":"52JxzhFjKQU","video_title":"The SpongeBob SquarePants Anime - OP 2 (Original Animation)","views":167049},{"radio_likes_dislikes":373.9259259259259,"video_id":"BsQq_ySHb_k","video_title":"Injuries & Being Sick","views":1339483},{"radio_likes_dislikes":369.3210332103321,"video_id":"7HGCE6-LMBg","video_title":"Ari's Birthday! (again)","views":2171303},{"radio_likes_dislikes":276.71830985915494,"video_id":"f9ZY3k7VYfs","video_title":"BREAKING INTO THE ROOFTOP (Roommate Stories)","views":179898},{"radio_likes_dislikes":275.23943661971833,"video_id":"fy-CuCzaPp8","video_title":"Rooster Teeth Animated Adventures - Drunk Baby Sitting","views":308568},{"radio_likes_dislikes":264.5502008032129,"video_id":"k8UmX17DXWg","video_title":"REAL VS. FAKE ANIME CHALLENGE (feat. PewDiePie)","views":353870}]}
{"category_id":"27","videos":[{"radio_likes_dislikes":430.39285714285717,"video_id":"dlB_vWGdLlA","video_title":"Legends Summarized: The Journey To The West (Part V)","views":121767},{"radio_likes_dislikes":381.2105263157895,"video_id":"68rboS5kBIQ","video_title":"A Christmas Miracle","views":162522},{"radio_likes_dislikes":320.75757575757575,"video_id":"i_jgF-S746o","video_title":"Legends Summarized: King Arthur","views":132462},{"radio_likes_dislikes":295.77777777777777,"video_id":"l6wJr5tmn-c","video_title":"Five Cheese Puppies","views":116344},{"radio_likes_dislikes":293.9318181818182,"video_id":"Jk2BOxx1Vtw","video_title":"She Once Was Blind","views":201532},{"radio_likes_dislikes":271.6521739130435,"video_id":"NVZ43DRl0A0","video_title":"It Looks Like His Tail Was Burned Off...","views":150414},{"radio_likes_dislikes":271.50943396226415,"video_id":"6BGbFCBrmR8","video_title":"Stop, Resuscitate, and Listen - Saving Baby Ice","views":128334},{"radio_likes_dislikes":253.1658031088083,"video_id":"SQsPvrev_bQ","video_title":"435","views":401968},{"radio_likes_dislikes":240.11510791366908,"video_id":"OBSfullrLFk","video_title":"Real Doctor Reacts to CODE BLACK | Medical Drama Review | Doctor Mike","views":301545},{"radio_likes_dislikes":236.13267326732674,"video_id":"R9OHn5ZF4Uo","video_title":"How Do Machines Learn?","views":677636}]}
{"category_id":"28","videos":[{"radio_likes_dislikes":381.0,"video_id":"GEIvFfeSjuE","video_title":"[BEHIND THE SCENES] I gave a TED Talk","views":172185},{"radio_likes_dislikes":284.15384615384613,"video_id":"UIwdCN4dV6w","video_title":"Dope Tech: Camera Robots!","views":346341},{"radio_likes_dislikes":205.78082191780823,"video_id":"ZuRIQu0oOAA","video_title":"Hacking Wands at Harry Potter World","views":203230},{"radio_likes_dislikes":184.7843137254902,"video_id":"kulPdl27Ubc","video_title":"WE'RE BACK BABY!!!","views":111638},{"radio_likes_dislikes":180.93283582089552,"video_id":"vXBfwgwT1nQ","video_title":"ARCADE SCAM SCIENCE","views":332654},{"radio_likes_dislikes":175.69127516778522,"video_id":"CQPVMxQOh-E","video_title":"JE VOUS MONTRE MON SANG AU MICROSCOPE !","views":969477},{"radio_likes_dislikes":174.9185185185185,"video_id":"0Q0_xFYpYL4","video_title":"I Made h3h3 a Coughing Beanie","views":237993},{"radio_likes_dislikes":170.27021696252464,"video_id":"ctIdov01l20","video_title":"J'AI TROUVÉ DES CRISTAUX MAGNIFIQUES !","views":859197},{"radio_likes_dislikes":166.46518987341773,"video_id":"ImtFgGq_n24","video_title":"COMMENT UN MUSCLE DEVIENT ÉNORME ? Vrai ou Faux #74","views":589964},{"radio_likes_dislikes":157.79898648648648,"video_id":"v_U7PajcFAU","video_title":"CET ANIMAL EST MONSTRUEUX !","views":837517}]}
{"category_id":"25","videos":[{"radio_likes_dislikes":368.72727272727275,"video_id":"6ePMGIsp_Ew","video_title":"Free Speech Protesters Can't Compete with Ben Shapiro Supporters at UCLA","views":207093},{"radio_likes_dislikes":267.2340425531915,"video_id":"1gQEYsKotj0","video_title":"Jacksepticeye on The Late Late Show (RTÉ One) - Full Interview","views":171823},{"radio_likes_dislikes":266.4117647058824,"video_id":"5AsUq0WJfrA","video_title":"Bill Maher Admits What Democrats Really Want","views":159804},{"radio_likes_dislikes":251.6530612244898,"video_id":"DgehKvd25lc","video_title":"Diamond and Silk Crush Congressman","views":168621},{"radio_likes_dislikes":248.85263157894738,"video_id":"k2yZ6RyuWjk","video_title":"NBC News Admits HUGE Mistake","views":182925},{"radio_likes_dislikes":237.7311827956989,"video_id":"2-ok-Gjqpgs","video_title":"Whoops!  Wrong Again!","views":152504},{"radio_likes_dislikes":237.07865168539325,"video_id":"2-NZPmF50MU","video_title":"They Can't Be Serious","views":179189},{"radio_likes_dislikes":229.38834951456312,"video_id":"3YWgrIcp4qQ","video_title":"It's Getting Worse","views":203610},{"radio_likes_dislikes":229.33333333333334,"video_id":"g7kywh1M6SE","video_title":"She's Baaack","views":187795},{"radio_likes_dislikes":218.96907216494844,"video_id":"gpeXPasXfJA","video_title":"Don Lemon Gets Squeezed","views":185238}]}
{"category_id":"26","videos":[{"radio_likes_dislikes":347.7701149425287,"video_id":"hBkyaT2M-4U","video_title":"Sebastian & Chloe's Wedding Video! Mr & Mrs Paez","views":172536},{"radio_likes_dislikes":335.45714285714286,"video_id":"ZhCrQ5AEhpg","video_title":"EPIC ART with KIDS ART SUPPLIES!?","views":345227},{"radio_likes_dislikes":291.77183098591547,"video_id":"sV7eDd1d7LI","video_title":"Cooking birthday presents for my wife!","views":860132},{"radio_likes_dislikes":273.3939393939394,"video_id":"01mMQiP0kG8","video_title":"[PART 2] Repaint! Xerneas Legendary Pokemon Custom OOAK DOll","views":199471},{"radio_likes_dislikes":273.03846153846155,"video_id":"E3hBqn14zSw","video_title":"Something I'll never forget... | Shay Mitchell","views":217999},{"radio_likes_dislikes":268.6,"video_id":"OdNqWcUdm6I","video_title":"Sukiyaki (Homemade Tofu)","views":543413},{"radio_likes_dislikes":266.25274725274727,"video_id":"7BcNeFmdkQw","video_title":"Liza Koshy's Urban Outdoor Oasis Makeover! | OMG We're Coming Over","views":509030},{"radio_likes_dislikes":258.05357142857144,"video_id":"GBcjGlXuQAI","video_title":"I carve a Fairy house from Cottonwood bark","views":117087},{"radio_likes_dislikes":251.34430379746834,"video_id":"r1x0X5PCYak","video_title":"EXTREME HOLIDAY GLAM TRANSFORMATION!","views":742346},{"radio_likes_dislikes":250.65442764578833,"video_id":"sd80ZipTMDE","video_title":"$11.99 FOUNDATION VS. $40 FOUNDATION: Who Wins ???","views":940532}]}
{"category_id":"17","videos":[{"radio_likes_dislikes":326.7142857142857,"video_id":"ryEcqzBnQgw","video_title":"WWE Backlash Kickoff: May 6, 2018","views":710487},{"radio_likes_dislikes":281.14285714285717,"video_id":"_QBhZGPG7rk","video_title":"ULTIMATE GYMNASTICS CHALLENGE {Winter Olympics Edition}","views":160435},{"radio_likes_dislikes":268.4634146341463,"video_id":"gzftYBJ4xSQ","video_title":"Game of Zones - 2018 NBA All-Star Special: Kyrie’s Farewell","views":181713},{"radio_likes_dislikes":241.41666666666666,"video_id":"XycGoUNcgEs","video_title":"Raptors Avenge Only Home Loss! John Wall Sore Knee Wizards vs Raptors 2017-18 Season","views":158766},{"radio_likes_dislikes":227.75555555555556,"video_id":"FIxMhx2CLiw","video_title":"Celtics Comeback Down 16 To Win 15th Straight Game! 2017-18 Season","views":278943},{"radio_likes_dislikes":212.52941176470588,"video_id":"YfIpOLtflWM","video_title":"Raptors 45 Points 2nd QTR Franchise Record! James Harden 38 Pts! 2017-18 Season","views":206367},{"radio_likes_dislikes":212.10714285714286,"video_id":"n12_RAEPf5o","video_title":"Justina Rocks the Bull for MGK 'Official Bonus Clip' | Wild 'N Out | MTV","views":139782},{"radio_likes_dislikes":196.632,"video_id":"vnOBpB7ForI","video_title":"OUR FIRST BASEBALL GAME! | On-Season Baseball Series | Game 1","views":183111},{"radio_likes_dislikes":194.63013698630138,"video_id":"9t6EDSRc96g","video_title":"Isaiah Thomas Cavs Debut! Damian Lillard Returns! 2017-18 Season","views":408162},{"radio_likes_dislikes":191.97109826589596,"video_id":"hagrbaoFciA","video_title":"2HYPE FIRST OFFICIAL BASKETBALL GAME! (INJURY WARNING)","views":423823}]}
{"category_id":"15","videos":[{"radio_likes_dislikes":319.0923076923077,"video_id":"BWsRpT9LNcQ","video_title":"Fireworks - Simon's Cat | BLACK & WHITE","views":189282},{"radio_likes_dislikes":294.13953488372096,"video_id":"BkIuZVGTkM0","video_title":"Kitten Crazy Time - Simon's Cat | BLACK & WHITE","views":130290},{"radio_likes_dislikes":280.71794871794873,"video_id":"sK2e9Qn2n5s","video_title":"We traveled far away to make this homeless Newfoundland happy. Now, he is about to pay it forward.","views":204686},{"radio_likes_dislikes":278.50431034482756,"video_id":"4QPmV4mCSF0","video_title":"CHICA'S FIRST SNOW","views":494223},{"radio_likes_dislikes":270.6808510638298,"video_id":"ItAvmV97Ojs","video_title":"CHICA'S FIRST WORKOUT","views":301008},{"radio_likes_dislikes":268.8235294117647,"video_id":"rdVgHzfl_kk","video_title":"Senior Dog’s Whole Family Helps Cart Her Around - REMY | The Dodo","views":156453},{"radio_likes_dislikes":263.7922077922078,"video_id":"vRGg8QqIZGM","video_title":"Senior blind Pit Bull waited his whole life for this rescue!","views":218762},{"radio_likes_dislikes":258.52941176470586,"video_id":"qhf6PVhFZcs","video_title":"Christmas Rescue - The father waited for us to save his son first, and then...","views":165832},{"radio_likes_dislikes":257.2280701754386,"video_id":"zTOqI-5AK14","video_title":"Children tried to save these puppies... they didn't realize their homeless mom was looking for food.","views":163430},{"radio_likes_dislikes":252.34782608695653,"video_id":"lTzVUGoXkEE","video_title":"Tiniest Rescue Puppy Grows Up To Be a Big Boss Bulldog - HOPELILY | The Dodo Little But Fierce","views":127307}]}
{"category_id":"19","videos":[{"radio_likes_dislikes":267.5673076923077,"video_id":"rSm9Mw_VIb4","video_title":"J'AI VU LE SCANDALE DE L'HUILE DE PALME","views":716632},{"radio_likes_dislikes":219.3398058252427,"video_id":"iIUneE5-8iQ","video_title":"Anne Curtis and Erwan Heusaff's Wedding in Queenstown","views":429818},{"radio_likes_dislikes":114.71052631578948,"video_id":"FUmUoE-n8BU","video_title":"NOODLE PARADISE! Central Vietnam Noodle Tour","views":104868},{"radio_likes_dislikes":87.42307692307692,"video_id":"n9JVbbRBqfY","video_title":"LEGENDARY All You Can Eat Buffet in Manila Philippines - Spiral Buffet Review","views":169683},{"radio_likes_dislikes":84.75193798449612,"video_id":"4GgTo7grpxY","video_title":"FEASTING at Cebu Philippines Night Market: BEST Roast Chicken!","views":275242},{"radio_likes_dislikes":83.36206896551724,"video_id":"c12zRnFUTdo","video_title":"First Time Trying TRADITIONAL Filipino Food","views":186756},{"radio_likes_dislikes":81.38216560509554,"video_id":"_buEVJ8fDj4","video_title":"BEST All You Can Eat SEAFOOD Buffet in Saigon VIETNAM!","views":354626},{"radio_likes_dislikes":81.0952380952381,"video_id":"1f-94EP6Nk8","video_title":"The Original Ramen in Japan - Chuka Soba","views":212040},{"radio_likes_dislikes":79.66141732283465,"video_id":"lowbrUH-kOE","video_title":"MASSIVE Filipino FOOD BATTLE! Over 50 DISHES! Boodle Fight!","views":241087},{"radio_likes_dislikes":78.66666666666667,"video_id":"thOm3ERcDa0","video_title":"SNAKEHEAD FISH! Traditional HOME COOKED Meal in VIETNAM","views":130964}]}
{"category_id":"2","videos":[{"radio_likes_dislikes":243.1951219512195,"video_id":"nvJHZ6x31hk","video_title":"McLaren - Everything You Need To Know | Up to Speed","views":297247},{"radio_likes_dislikes":210.9620253164557,"video_id":"EyiSSQ0xVnk","video_title":"Huge Air Bronco Jump! //DT229","views":323450},{"radio_likes_dislikes":184.25714285714287,"video_id":"LVDZu7nbdcs","video_title":"240Z - RB26 Engine Conversion [PART 3]","views":289086},{"radio_likes_dislikes":180.80582524271844,"video_id":"x5wvr5wlJdI","video_title":"Koenigsegg - Everything You Need to Know | Up to Speed","views":303805},{"radio_likes_dislikes":175.3272727272727,"video_id":"kouLVHEx51k","video_title":"Nissan Silvia - Everything You Need to Know | Up to Speed","views":326356},{"radio_likes_dislikes":161.08333333333334,"video_id":"teGjJl5b0Sk","video_title":"NISMO - Everything You Need to Know | Up to Speed | Donut Media","views":292117},{"radio_likes_dislikes":159.32,"video_id":"hcz4kDg8r8U","video_title":"Road To Suzuka (SEASON FINALE)","views":214167},{"radio_likes_dislikes":154.75652173913045,"video_id":"ZtomsRAtRWc","video_title":"Ford GT - Everything You Need to Know | Up to Speed","views":275583},{"radio_likes_dislikes":150.56,"video_id":"-wY8hWM2ikQ","video_title":"240Z - RB26 Engine Conversion [PART 10] IT'S DONE!!","views":462474},{"radio_likes_dislikes":141.8625,"video_id":"NrnK1f6THj4","video_title":"Turbo LS + NOS Powered Hilux //DT249","views":270585}]}
{"category_id":"43","videos":[{"radio_likes_dislikes":94.63,"video_id":"FH0NCnqKwmM","video_title":"Game of Zones - S5:E3: The Writing on the Wall","views":451903},{"radio_likes_dislikes":77.51768488745981,"video_id":"7_FJUSBFbJM","video_title":"Game of Zones - Game of Zones - S5:E1: 'A Golden Summer'","views":657183},{"radio_likes_dislikes":46.84437086092715,"video_id":"V6ElE2xs48c","video_title":"Game of Zones - The Isle of Van Gundy","views":437553},{"radio_likes_dislikes":41.86543535620053,"video_id":"xOjlzuWakD4","video_title":"Слуга Народа 2 - От любви до импичмента, 24 серия","views":487929},{"radio_likes_dislikes":41.76018099547511,"video_id":"QfmIUoZej9Q","video_title":"Слуга Народа 2 - От любви до импичмента, 23 серия","views":467088},{"radio_likes_dislikes":41.51117318435754,"video_id":"RUcn2OhbWb4","video_title":"Game of Zones - S5E6 - Poorzingis","views":484180},{"radio_likes_dislikes":33.784615384615385,"video_id":"jBkT5oLtFy4","video_title":"Game of Zones - Game of Zones - S5:E2: The Sun Kings","views":416360},{"radio_likes_dislikes":30.51388888888889,"video_id":"mQbsY2KTFHk","video_title":"Слуга Народа 2 - От любви до импичмента, 22 серия | Сериал 2017 в 4к","views":437979},{"radio_likes_dislikes":19.335540838852097,"video_id":"96Vn_nztNqk","video_title":"POST MALONE - The RICH Life - 2017 FORBES ( Cars, House, Tattoos, & Popeyes )","views":326372},{"radio_likes_dislikes":10.76908396946565,"video_id":"nB3HAxCS3A4","video_title":"Naayagi Episode 67, 08/05/18","views":492290}]}
{"category_id":"29","videos":[{"radio_likes_dislikes":56.857142857142854,"video_id":"hbTwoLah2VY","video_title":"DEBATE: Ben Shapiro & Blaire White","views":184733},{"radio_likes_dislikes":51.0,"video_id":"p1DAEZNyJ8E","video_title":"Avengers: Infinity War | Marvel Family Feud","views":810302},{"radio_likes_dislikes":44.12380952380953,"video_id":"HnCU20Cu0fs","video_title":"Dashcam Norway - Semi-truck narrowly missing kids","views":2253298},{"radio_likes_dislikes":40.41975308641975,"video_id":"DtAmJdK1Jck","video_title":"QANON ID'ed, ASSANGE Free, P_nce/Bondi PEDOGATE, NK Takedown #QANON, #STORM, #FIREWORKS","views":134799},{"radio_likes_dislikes":30.70967741935484,"video_id":"nEkWlXGdWKA","video_title":"Ozzy Osbourne mocks Olivia Newton John's scam drink, Sharon pretends to be offended","views":280795},{"radio_likes_dislikes":24.83823529411765,"video_id":"-4lgt0xQgYA","video_title":"2017 First Presidency’s Christmas Devotional","views":114996},{"radio_likes_dislikes":15.493243243243244,"video_id":"XYQmNB9FMcE","video_title":"April 2018 General Conference Saturday Session","views":373859},{"radio_likes_dislikes":13.147398843930636,"video_id":"ENDfYD-4giE","video_title":"April 2018 General Conference - Sunday Session","views":446764},{"radio_likes_dislikes":13.084967320261438,"video_id":"YGtzcZsthos","video_title":"InHaiti | Pour une Nouvelle Haiti  (6 Pour 6) | 12 Janvier 2018","views":200524},{"radio_likes_dislikes":8.83273831892772,"video_id":"WA0Ek8RT20s","video_title":"Кемерово: что случилось и кто виноват","views":2648082}]}
{"category_id":"30","videos":[{"radio_likes_dislikes":41.869955156950674,"video_id":"l7E0kTvARsA","video_title":"Golak Bugni Bank Te Batua Full Movie (HD) | Harish Verma | Simi Chahal | Superhit Punjabi Movies","views":225528}]}
