{"channel_title":"Maskey","description":"Pouloulou.\\n\\nBonjour internet et bienvenue dans le bendo car aujourd'hui on cuisine du Niska\\n\\nInstagram : https://www.instagram.com/maskeylevrai/?hl=fr\\nFacebook : https://www.facebook.com/TrueMaskey\\nTwitter : https://twitter.com/MaskeyLevrai\\nSnapchat : VraiMaskey\\n\\nContact pro : MaskeyPRO@gmail.com / @PowePFR\\n\\nL'équipe de tueurs à gages :\\n\\n-Dianos à la palette. Le meilleur.\\n\\n-NAS LE SCENARISQUE, qui a prit tous les risques possibles pour nous dans cette video, merci chef : https://www.youtube.com/user/Scenaris...\\n\\n-La Niakerie aux manettes pour le clip, retrouvez les sur insta : @LaNiakerie\\n\\n-Daniel notre Niska, bien vu charo : @DanielOWG\\n\\n-Malec pour toutes les animations de ouf sur l'intro et l'outro\\n\\n-Merci à Kezah et Guigui pour le mix\\n\\n-Toutes nos figurantes, et figurants qui ont joués le jeu, merci la famille\\n\\n-Powe pour avoir ramener toutes les figurantes, comme par hasard\\n\\nMusique d'intro : Freeze Corleone -  Recette\\n\\nMerci à tous pour votre soutien la famille. Désolé de jouer autant avec nos nerfs à chaque sorties de vidéos.\\n\\nAminematue est aussi Kabyle","id":"btDj0vYbQwc","latest_date":"17.20.12","latest_dislikes":"1197","latest_likes":"140266","latest_views":"1444406","title":"COMMENT FAIRE DU NISKA ? - LA RECETTE #7 - MASKEY","trending_days":[{"date":"17.16.12","dislikes":"134","likes":"34357","views":"214698"},{"date":"17.17.12","dislikes":"781","likes":"116301","views":"975928"},{"date":"17.18.12","dislikes":"1097","likes":"133734","views":"1278028"},{"date":"17.19.12","dislikes":"1158","likes":"137956","views":"1381809"},{"date":"17.20.12","dislikes":"1197","likes":"140266","views":"1444406"}]}
{"channel_title":"VALDVEVO","description":"Vald - Désaccordé // Extrait de XEU disponible sur iTunes & toutes les plateformes de streaming: https://Vald.lnk.to/XEU\\n\\nCompositeur SEEZY\\n\\nClip réalisé par KUB et CRISTO pour SUTHER KANE FILMS\\n\\n\\nConnecte toi avec Vald sur ses réseaux sociaux:\\nhttps://www.facebook.com/VALDNQNT\\nhttps://twitter.com/vald_ld\\nhttps://www.instagram.com/valdsullyvan","id":"kutk2XHEZNU","latest_date":"18.30.01","latest_dislikes":"4039","latest_likes":"126696","latest_views":"2856557","title":"Vald - Désaccordé","trending_days":[{"date":"18.26.01","dislikes":"1193","likes":"64480","views":"576627"},{"date":"18.27.01","dislikes":"2389","likes":"91936","views":"1244249"},{"date":"18.28.01","dislikes":"3161","likes":"108126","views":"1846665"},{"date":"18.29.01","dislikes":"3696","likes":"119872","views":"2402554"},{"date":"18.30.01","dislikes":"4039","likes":"126696","views":"2856557"}]}
{"channel_title":"Mathieu Sommet","description":"Après un an d'absence, votre serviteur revient sur la toile. Un gros projet arrive fin février sur la chaîne ! À très bientôt :) \\n\\n00:00 La Plage\\n01:06 La Pêche\\n01:59 L'Aspirateur\\n02:54 Le Déménagement\\n04:05 Le Musée\\n06:19 Pochemon\\n07:49 Naoned Nostra\\n\\n----------------------------------------------------\\n\\nS'ABONNER : http://bit.ly/mathieusommet\\nFACEBOOK : https://www.facebook.com/MathieuSommet.CC\\nTWITTER : https://twitter.com/Mathieu_Sommet\\nINSTAGRAM : https://www.instagram.com/mathieusommet.cc","id":"xyLRbA9wWaU","latest_date":"18.09.02","latest_dislikes":"11073","latest_likes":"84647","latest_views":"908222","title":"RÉVEIL DIFFICILE - MATHIEU SOMMET","trending_days":[{"date":"18.05.02","dislikes":"5372","likes":"54823","views":"400318"},{"date":"18.06.02","dislikes":"8991","likes":"75378","views":"705841"},{"date":"18.07.02","dislikes":"10240","likes":"80802","views":"820659"},{"date":"18.08.02","dislikes":"10800","likes":"83259","views":"877320"},{"date":"18.09.02","dislikes":"11073","likes":"84647","views":"908222"}]}
{"channel_title":"Greg Guillotin - Nou","description":"Tu peux me suivre sur Facebook : http://www.facebook.com/gregguillotin\\nSur instagram : http://www.instagram.com/gregguillotin\\nSur Twitter : http://www.twitter.com/gregguillotin\\nSur Snapchat : http://www.snapchat.com/add/gregguillotin\\n\\nRemerciements : La société de co-working Le Trefle et en particulier son fondateur Bertrand Rose grâce à qui nous avons pu piéger Sandrine, la DRH des lieux. Lien du site : https://groupe-letrefle.fr\\n\\nAttention, il ne s'agit pas d'un placement de produit, mais simplement d'un partenariat avec cette société dans laquelle nous louons nos bureaux. \\n\\nAuteurs : Greg Guillotin et David Tuil\\nRéalisateur : Greg Guillotin\\nProducteur exécutif : David Tuil (Or Films)\\nDirecteur technique : Maxime Ropars\\nIngé son : Raphael Charpin \\nMontage : Greg Guillotin et David Tuil\\nAssistant monteur : Clement Robert et Thomas Jarny\\nJingle et Vignette : Gaylor Morestin\\nMix : David Amsalem\\n\\nSi vous lisez cette description jusqu'au bout, écrivez en commentaire : 'j'ai reconnu le t-shirt de la caméra cachée The Boyfriend ! Ainsi que le baggy de la caméra cachée The Boyfriend. Ainsi que la tête du mec qui joue dans la caméra cachée The Boyfriend. Je l'ai reconnu, c'est le même acteur. Recherchez sur Google, il s'appelle Greg Guillotin. Mettez un pouce bleu si vous aussi vous avez reconnu cet acteur de la caméra cachée The Boyfriend.","id":"eSek2f8lAFQ","latest_date":"18.09.02","latest_dislikes":"762","latest_likes":"50037","latest_views":"1025552","title":"Pranque : Le pire candidat à un entretien d'embauche","trending_days":[{"date":"18.05.02","dislikes":"471","likes":"39422","views":"642640"},{"date":"18.06.02","dislikes":"640","likes":"45900","views":"846951"},{"date":"18.07.02","dislikes":"705","likes":"48081","views":"937833"},{"date":"18.08.02","dislikes":"738","likes":"49326","views":"990541"},{"date":"18.09.02","dislikes":"762","likes":"50037","views":"1025552"}]}
{"channel_title":"Maître GIMS","description":"Extrait du Nouvel Album « CEINTURE NOIRE »\\nEn précommande : https://maitregims.lnk.to/CeintureNoire\\nSortie le 23 MARS 2018\\n\\nEn tournée dans toute la France à partir du 17/11/2018\\nEt au Stade de France le 28/09/2019\\nBilletterie sur www.FuegoTour.com\\n--\\nFacebook : https://www.facebook.com/maitregimsoff\\nInstagram : https://instagram.com/maitregims\\nTwitter : https://twitter.com/maitregims\\nSnapchat : Warano75\\n--\\nAbonne-toi à la chaîne : http://bit.ly/2q6P6Ni","id":"Rter-Np-Td0","latest_date":"18.14.03","latest_dislikes":"9181","latest_likes":"193433","latest_views":"6437938","title":"Maître Gims - Loup Garou ft. Sofiane (Clip Officiel)","trending_days":[{"date":"18.09.03","dislikes":"1332","likes":"44380","views":"470451"},{"date":"18.10.03","dislikes":"5090","likes":"124638","views":"2452760"},{"date":"18.11.03","dislikes":"6795","likes":"154610","views":"3789300"},{"date":"18.12.03","dislikes":"7831","likes":"171434","views":"4765146"},{"date":"18.13.03","dislikes":"8572","likes":"183766","views":"5587208"},{"date":"18.14.03","dislikes":"9181","likes":"193433","views":"6437938"}]}
{"channel_title":"Saad Lamjarred | سعد لمجرد","description":"Subscribe to Saad Lamjarred Official Channel: http://bit.ly/LamjarredYT\\n\\nSaad Lamjarred - Ghazali (EXCLUSIVE Music Video) | 2018\\nسعد لمجرد - غزالي ( فيديو كليب حصرياً) | 2018\\n\\nكلمات غزالي :\\n\\nزين مالو مالو \\nزاهي ولا على بالو \\nضربني بجمالو\\nداني لعلامو\\nآه أرو أرو \\nشي دوا يِبَردني \\nگلبي رَآه كي عاني\\nحبيبي محًنٍي\\n\\nغازلي غزالي\\nإنسان ماهو عادي\\nضحك لي و خلاً ني\\nمجنون رَاه صطًاني \\nيا حالي يا حالي \\nشكون لي حاس بحالي \\nغيرو ما يحلالي \\nجيبو لي غزالي \\n\\nغزالي غزالي اه \\nغزالي غزالي اه \\nغزالي غزالي اه \\nغزالي غزالي اه \\n\\nشانو شانو\\nعالي أُو تايق فراسو\\nكلشي واقف جنبو \\nغالي أو حد ماعجبو \\nاااه كلًمني \\nعلى و عين \\nآه فينالي\\nهانا لقيتو حدايا\\n\\nوا ناري يا ناري\\nإنسان ماهو عادي\\nطيحني و صطاني\\nحبيته ف تواني\\n\\nاااه أش داني \\nدان دانا داني\\nقلبي لي دارها لي\\nجيبو لي غزالي\\n\\nغزالي غزالي اه\\nغزالي غزالي اه \\nغزالي غزالي اه \\nغزالي غزالي اه \\nغزالي غزالي اه \\nغزالي غزالي اه \\nغزالي غزالي اه \\nغزالي غزالي اه \\n\\nغزالي غزالي \\nغزالي غزالي \\nغزالي غزالي \\nغزالي غزالي\\n\\n\\nDigital Distribution: Qanawat\\n\\n-------------------------\\n\\nLike on Facebook: https://facebook.com/SaadLamjarred.Official\\nFollow on Twitter: https://twitter.com/SaadLamjarred1\\nFollow on Instagram: http://instagram.com/SaadLamjarred1 \\nFollow on Google+: https://plus.google.com/+SaadLamjarred\\nOfficial YouTube: https://youtube.com/SaadLamjarredTV\\nOfficial iTunes: http://apple.co/1WNX8nm\\nContact@sl-prod.com\\nManagement@sl-prod.com","id":"lhnmVSB-Rxc","latest_date":"18.14.03","latest_dislikes":"82564","latest_likes":"565896","latest_views":"18246279","title":"Saad Lamjarred - Ghazali (EXCLUSIVE Music Video) | 2018 | سعد لمجرد - غزالي ( فيديو كليب حصرياً)","trending_days":[{"date":"18.10.03","dislikes":"22049","likes":"225666","views":"2915203"},{"date":"18.11.03","dislikes":"50578","likes":"394864","views":"8621506"},{"date":"18.12.03","dislikes":"66205","likes":"476454","views":"12615779"},{"date":"18.13.03","dislikes":"75763","likes":"528555","views":"15513716"},{"date":"18.14.03","dislikes":"82564","likes":"565896","views":"18246279"}]}
{"channel_title":"CLM INCH","description":"Les marseillais australia episode 11 hd clm004 plein ecran \\nLes marseillais australia episode 11\\nclm004\\nclm inch\\n\\nABONNEZ VOUS \\n\\nMERCI A VOUS \\n\\nCLM004\\n\\n1aainch\\n\\nclm inch","id":"4J6nXv0zCwc","latest_date":"18.14.03","latest_dislikes":"149","latest_likes":"1239","latest_views":"139847","title":"LES MARSEILLAIS AUSTRALIA EPISODE 11 HD","trending_days":[{"date":"18.10.03","dislikes":"24","likes":"514","views":"37470"},{"date":"18.11.03","dislikes":"101","likes":"954","views":"96886"},{"date":"18.12.03","dislikes":"127","likes":"1169","views":"129253"},{"date":"18.13.03","dislikes":"134","likes":"1206","views":"134736"},{"date":"18.14.03","dislikes":"149","likes":"1239","views":"139847"}]}
{"channel_title":"Moha La Squale","description":"1er album Bendero sortie le 25 MaiAlbum disponible en précommande: https://itunes.apple.com/fr/album/bendero/1377719893Morceau La B.P disponible partout en streaming-Abonne-toi à la chaine: https://WMF.lnk.to/MohaAY-Facebook: https://www.facebook.com/mohalasquale Instagram: https://www.instagram.com/mohalasquale Snapchat 👻 : mohalasquale","id":"VfAItP9kVdM","latest_date":"18.11.05","latest_dislikes":"3603","latest_likes":"67446","latest_views":"1750012","title":"Moha La Squale - La B.P","trending_days":[{"date":"18.07.05","dislikes":"892","likes":"41075","views":"472724"},{"date":"18.08.05","dislikes":"2072","likes":"55267","views":"960770"},{"date":"18.09.05","dislikes":"2938","likes":"61754","views":"1267747"},{"date":"18.10.05","dislikes":"3409","likes":"65392","views":"1545982"},{"date":"18.11.05","dislikes":"3603","likes":"67446","views":"1750012"}]}
{"channel_title":"Maroon5VEVO","description":"Girls Like You” is out now.http://smarturl.it/GLY For more, visit: https://www.facebook.com/maroon5 https://twitter.com/maroon5 https://www.instagram.com/maroon5 Sign up for updates: http://smarturl.it/Maroon5.NewsMusic video by Maroon 5 performing Girls Like You. © 2018 Interscope Recordshttp://vevo.ly/51VylS","id":"aJOTlE1K90k","latest_date":"18.04.06","latest_dislikes":"27830","latest_likes":"1780890","latest_views":"32513514","title":"Maroon 5 - Girls Like You ft. Cardi B","trending_days":[{"date":"18.31.05","dislikes":"4521","likes":"406730","views":"3057987"},{"date":"18.01.06","dislikes":"9906","likes":"740543","views":"8713137"},{"date":"18.02.06","dislikes":"17463","likes":"1207659","views":"17301320"},{"date":"18.03.06","dislikes":"23176","likes":"1547857","views":"25497666"},{"date":"18.04.06","dislikes":"27830","likes":"1780890","views":"32513514"}]}
{"channel_title":"Le Monde à L'Envers","description":"🐦 TWITTER : LMLEvideo🌅 INSTAGRAM : valentin_jean & jenny_letellier👻 SNAPCHAT : valentin_jean & groscroutard🎬 FACEBOOK : Le Monde à L'EnversMERCI À MATH : https://www.youtube.com/user/MathSeFaitDesFilmsAvecJenny LetellierMath se fait des filmsJérémy JeanValentin JeanÉcritureJenny LettelierCadreXavier CordonnierSonJérémy JeanMontageValentin JeanRemerciementsMath se fait des films & Jérémy JeanSi vous nous suivez sur les réseaux sociaux vous savez que cette vidéo est maudite. On a eu énormément de soucis sur le tournage. Mais principalement, des problèmes de son. Math a du revenir de Belgique pour refaire des scènes. Cette vidéo nous aura demandé trois jours de tournage au final et plus de 3000€ de budget pour la réaliser. Vous comprenez pourquoi on fait des placements de produits à présent ? On vous aime bande de cons.On est 1 081 580. Merci les potes.","id":"sklFi_hfTgM","latest_date":"18.14.06","latest_dislikes":"2002","latest_likes":"79716","latest_views":"1263774","title":"Recherche Maison ou Appartement - Le Monde à L'Envers","trending_days":[{"date":"18.10.06","dislikes":"1274","likes":"62942","views":"734155"},{"date":"18.11.06","dislikes":"1432","likes":"66834","views":"893143"},{"date":"18.12.06","dislikes":"1811","likes":"75092","views":"1112019"},{"date":"18.13.06","dislikes":"1955","likes":"78203","views":"1215862"},{"date":"18.14.06","dislikes":"2002","likes":"79716","views":"1263774"}]}
