{"category_id":"10","end_day":"17.19.11","number_of_videos":20,"start_day":"17.13.11","total_views":11972995,"video_id":["o4_tHTmniw4","txg6RnfzM38","JbIciJRSY10","zOOmEDwPJX0","7MxiQ4v0EnE","QLOT92uIITo","c64I9HNpiOY","so0ccfs-psI","XdVhT60Loxg","8G3qf3GcLCs","_whKa4X0Mpk","oX0l9OyhR-E","1YEXXIWqkMM","GSzF4rF1-q8","ixxR3ZoqnF0","zQ0q6-aw7qk","RwwV6WX6SmI","6uJf2IT2Zh8","9gP8yDIWz-Q","2R3SzPosoKo"]}
{"category_id":"10","end_day":"17.26.11","number_of_videos":19,"start_day":"17.20.11","total_views":19217365,"video_id":["8x7AlYmexzk","mfSF6DK_cJo","GSzF4rF1-q8","tNtcYIo6N04","SPcDPoaouO0","CKj0xYm98Zg","CHEeu8JPL_o","nStAI9LRqQ8","jSqHotawH2M","i-ej5IxY_tw","JzWHWh9Sck8","gRklF6dMye4","K3KjWXo7i3E","qKnk9ZUVRKk","LgmxMuW6Fsc","kTlv5_Bs8aw","ZKNCTuYgUDs","l2JL-NQFsbA","85yqpANPvZ4"]}
{"category_id":"24","end_day":"17.03.12","number_of_videos":80,"start_day":"17.27.11","total_views":48449428,"video_id":["pte0VKRmk78","qy_SKOVuE14","F7UQvcShPpU","iz4LAnzbK3M","JN_7JXyHPLM","q--Qvof14wk","ZPJDi7aScSA","pIMod4zaIL4","5BA-glPTdjc","tywpjGA_HY8","5WIANjYYKYs","Q557d7j8KHw","LQSWo7-ULn8","4FJM_NSNAHw","DkklvdiRNLk","K5jnkQ7ovWs","3uLTn05vSEM","fxRsBKGQ148","umALFR-Mft4","b--qQ0DhaNI","E-OOVTcug-w","6VAFAKvcOag","M19kt7mpr8c","HD6FkYOMmOg","HfVVE3GsNEE","Q7F8PtJ9p8c","SIvvhxslwBQ","lR2odPWQdjU","ES52F8vLIbc","0GzqzuJr2Qc","DJ3pocfO5O4","HySr79wZ364","iIzPrx5EO3M","GhOXuklqTcg","hkR_vM2lE0Q","AtUilPB0ocY","eeLnW5zdaqI","kS4ZWOEZ_M8","QDpG1HEGN8g","zqpg5RaXfKI","uXDwnIcliXs","6ZfuNTqbHE8","P3QVpJBWHfs","bYZFeJHkceY","RPZfLmolK_E","rveZNsQnVjs","ZGAYUtG1r34","xclH57lMOxU","bSpEJrCeL0Y","jnq_nHMHlDs","pJlhek6gcIk","vGC4_a8pHgo","Ke2KEMPwFvk","MF43dPRKR98","9fMjSYFEbaQ","9SWGtO9W8vA","211-DmEQcJY","zWfNtCIJJtw","3xz9NhmUcf0","BwvRzTW_ZZ8","8aXdCoRetJI","UEOa88OwfqU","cezJWjMTuDw","EfmWRjl0FIs","nPeYAsLYALA","Phx-flEFELY","fHsmq3uD1lQ","cbMhipEmtHE","MY8xFYZnaN0","aY2u2Ehxihk","kJDXISzENyE","MuBbMA6Fv0M","Vk5WWvpHUFM","uaAkQEhO_Tk","EpqwS3-sigw","1trWV3dNXe0","tC4kObRHYQI","m8Zp1sIDBsk","EEBebdEZ4fs","IFzb_0byNQk"]}
{"category_id":"24","end_day":"17.10.12","number_of_videos":85,"start_day":"17.04.12","total_views":81917097,"video_id":["GEVd8VP9VY4","6ZfuNTqbHE8","zWfNtCIJJtw","QKtHufXng2Y","7V6YvrzOaBE","GID2xFzubfw","KZQFghN3oJs","kxc9L9OkGzg","aY2u2Ehxihk","vzeSHpDa34E","7ACSMxfxql4","JxcmFib_Tv0","cbMhipEmtHE","iofZ31qlvRk","lQZFgEKaErI","cEx9ONXHanE","P3QVpJBWHfs","kJDXISzENyE","XW2uDJWy7t8","04XknfL9gR8","fHsmq3uD1lQ","KYqXrCigcAU","tYXxeEVQ0FE","hbEQ568X8U0","EaCSVKujQQE","640eC4eh8Xc","BwvRzTW_ZZ8","Vk5WWvpHUFM","PPmaq514Hv0","3xz9NhmUcf0","k-Grf7kpR00","KtbNPn0zPu0","bRCubv74m8E","hdWizX5t1so","266EI7hdjFs","KzPq4JaDoYU","vE91Rd7Khpk","dByeYIXQ5q0","r2A_SH07vD0","mqmlemuwsdo","sax-p51Av40","_Ixn9eRLbfM","R-1OaF0ZlN8","UrfbyKg09gk","dFnRvg0bk44","8q5GfiwPxVo","X7JVG0w9a-Y","HJHanXzQqLg","YAZ_-hQUUgo","6gnCcJ-vqt4","n2e1T5nhPe8","xvCyIbyB5-w","dwCAy--9SDY","S9zSahk0dg0","h09zQBAkPHA","q7wZXzzPE7k","OchsOaZkvg8","TuZY1Q0fCKk","yr_afo4dgoU","Hk5bgB77VHM","m3yR6rVN4KA","y4yMlwNUAYE","4KV9AhdL4mY","FlsCjmMhFmw","F0qIg_Q3F8Q","a82kkE-UkGw","f3SYeVkTlk8","FTjRlX-ZQI8","VGsecIv8Dh0","5ZWHNgq7_yo","qrSMs1m2pLo","iAtFifxkrBk","q1FxrvxH6jU","XbCpIEkQAqc","GSZyDndTCS4","uOOf7spGyCY","3OJ_mYUmI7Y","vn9mMeWcgoM","Txij8iWmiNw","Ants5RYUF2M","NM-mtrEjIWM","LcdktMJHfdY","k0DF4LSG1z8","shQdOdVnizU","bt-hBrd3FGY"]}
{"category_id":"10","end_day":"17.17.12","number_of_videos":22,"start_day":"17.11.12","total_views":34674487,"video_id":["iG81azaffyA","6Hfo0zw6Pug","rRzxEiBLQCA","ygxV9nVlltI","jZ-jxUFdaGI","O-9qtGSEXRI","xGI9eIPrIMo","g1iNtRKLBSc","Q1O9fiyrrvI","k-F4XfTXliA","VQ03WpqlpCI","W0cAE6Jj2eI","p9BfwEtx1dA","mtoZRqCvucc","hsh54g9JmC0","SEGWwisSEmM","S_xdfy8kqNw","ljGYH-HqezI","8zUzaJnb9yg","lVa49x-s19I","S8XRgnEhMZ8","3BXDsVD6O10"]}
{"category_id":"24","end_day":"17.24.12","number_of_videos":99,"start_day":"17.18.12","total_views":21555637,"video_id":["xf_kkWLM8k4","GqQ8qUQ2c04","ECRJYwerVrQ","SjdrVZjkxQQ","Ku5NFDVgMSM","ecirAtuRX2Q","SNXvnMdgrV4","yeOkqEruvLw","yIPBXLIjnkc","SvOsfsyts28","x_c-CEv3hlI","zXAVqLtWzsg","FjtMKZvnSv4","RmXGifJZF84","8ClfDg4y55k","w3cmuL7z2HY","jDz659ggbPk","JNSKvfWB7lQ","K5wo3zWCtOw","ZjwH2l9qzXg","Uoea86_WA_4","lsxCP4yVC1o","7a8By3BW95w","o1QgV0X8k1E","uHTrNHFfqIs","jGlFLpztX9Y","AWK5abxdJ0M","uCDKVDIUtJU","9OOQbwRw5MU","LOPj5DGrR3E","5RFT9G25tcQ","c9jUxLLHZ24","H0bAcENcaxc","UJJAhd_lmwM","1nrZA4YKdok","0IX2sB_8Qk0","hfqVpBdKBZE","Nd-fToYnJbg","OUxBofZRuIM","HtzaCqAjp7Y","MFWF9dU5Zc0","hMpDN0vtp58","Hl1WP5vnLt4","6caFIM-DDUw","EVNW_QVH2XI","D2UNu69VWVU","CUEH-vTUHcQ","G-i0qABBx5U","yBM1b4w7ys0","rIf1__CPhvQ","ECkkRQHMecw","He3_jtC3ZZU","nbrYtqeC4R0","VHuSFMaJrFE","-0exy3EqrvQ","Bo3yFluzv9c","zSaAGuEwzwY","vb6I_TO7o6Y","mO04rQuWgUQ","xv70UXybD-I","DzXT6U7z08E","tH8OsfNreAc","FLvYzLu4ARc","KZ-o0TYV1_o","V_CurzFG2z8","irn43lvGVLE","OsDh5oTcQEA","r7ZSj8IbIqA","f6DBd4f1VTU","vCTpJAquy_E","JLS3W_sPOZ0","QRaY2RDEtxM","TRqtSyprGkg","N_2DR0Nk5aw","eYkwPYg9aOE","PXcTPxHd018","Zls3jDa4L5U","sjuMYSqZsiI","3qYmMerqTEw","PfDdx9FWLPQ","FMVsuH-1A74","UwSo-C2vKNc","xg7oSwa5tfM","49OmQY_QpDk","4fQ0TfFUW1c","XYXUUGlxPYU","obBVtdJsG4k","myomCEIGgbQ","HNTzhMzygz8","y-9iXCpFOmM","95KQjmFW8gw","Hr35gt9Ea-E","E9cbAtKMWNw","AwfxbRnBQnE","86NZ9qp5iBU","352SCUF1spE","3LPYZCX0O0Q","W-Wnp8z-mDU","c94Verg8mHM"]}
{"category_id":"10","end_day":"17.31.12","number_of_videos":18,"start_day":"17.25.12","total_views":17892523,"video_id":["crW_w1xdC5Q","bdsjXtyqyUY","Kz-O03TVC8c","VEdQrEtGj6E","k38_gbqgP-I","sm7_baYCIkQ","xPxazpF-qpY","FqQIuDw0Qsk","leu-cTvMWTA","xWi8nDUjHGA","SP5S4xHGHhE","K-ykMLFMfVA","7bPffIZot10","o31pGcwUmCM","2KEg-ulfMso","xhjawyoT6IE","e5Ezhj70mgs","KPpB8K6spvU"]}
{"category_id":"10","end_day":"18.07.01","number_of_videos":16,"start_day":"18.01.01","total_views":26056741,"video_id":["6VuFn5Gl0OM","Gwe3eBHhhNY","BwxZQtU09Jw","GE-M693Y9PE","Czi0NGsvDBM","ZTfIwZhqqQk","DAdUuTlLAAQ","j0yLSsE1vrY","AfC2pHj0VZA","3LxxJRxS64k","U9XJPcJDAN8","c9KLzCy8fhk","S10azlzvS_8","LsoLEjrDogU","AC2r3ZgYOWs","gA-NDZb29I4"]}
{"category_id":"10","end_day":"18.14.01","number_of_videos":15,"start_day":"18.08.01","total_views":26215469,"video_id":["AC2r3ZgYOWs","PXNKtr1omkE","kMRLzSQorK0","k5TqNsr6YuQ","wQ_POfToaVY","M4UqUL6mXw0","TvaCay-nJ7U","3GZ_aseU5Wg","6Zv5HD3H9y8","3yyE0Q2VWRQ","dfnCAmr569k","vlcAxC3MeTQ","mKp_yaKmvgA","Mgfe5tIwOj0","h2TLNdaQkL4"]}
{"category_id":"10","end_day":"18.21.01","number_of_videos":18,"start_day":"18.15.01","total_views":19953696,"video_id":["kMRLzSQorK0","Q5i44gkRgTM","D1hUltEysIw","Mgfe5tIwOj0","dfnCAmr569k","n45Kq90lQMs","S5yMSI1LT0Q","8WpdN4T2XLE","900X9fDFLc4","ThX9V4wAytI","bmq9CTNo87Y","eACohWVwTOc","xa5iQqjbG1A","F4qfN5UeFvQ","S_BA4MP6x6A","FYEB3rk-UaI","nhkixA_pwyg","sB514TZGuqk"]}
{"category_id":"22","end_day":"18.28.01","number_of_videos":71,"start_day":"18.22.01","total_views":11387757,"video_id":["AzBQiBBYV98","FcY-_kvq590","woPlPfh0_8s","gdtpT-2AFgM","Fnm7J7AIPUU","38m_Vv5Pqhw","MjEOjEroTTQ","_61QirLeMRs","JBrPLdytLlM","YvG1k1ZgZTE","rh_NtFCQ3G0","cUwmapWAC18","i2vcIlA2z4Q","O0MdULWHygg","qHkgE-bgjsA","eQ3gXtX3U7I","pf3qOyIrZCM","B9OP1-hDyxE","tBsUkogygn4","Zfnb1mMUQxU","Pv8FQi8B1As","igh3H80x520","jWk6LS-4Rm8","TE2MwLiHKgE","yiaz9HLlke0","fbS6L9fjfRY","mfxYL6U9E1s","zkA7NdSt4pA","cxMkU4sJ7WM","T0IyRk4cTt8","r6BdIU--qdU","IaPCwSa9K5w","6xNKJaRRDHc","O7BFAD7yjmo","N25fWFNp5PY","bGUu-V8g0Mc","UMpTH-e1Sec","kMhRrQtqUzA","njK1Aih-tQA","E226lqCN4jI","E9cWR3B6-BA","VtBL6prOS60","MZ_gJR7SMOE","n-mkOvAofzE","3JSYyCogBdM","rHkzqMBsz2Q","vpl75rroQNk","M4ieEIz94V0","YZER4tDuwjY","6Y-hNp8OusU","ABb20la5XTs","43id5cbIV8M","jsMUW70_o5s","zCFr-_EMS0Y","T-8JcpeR25E","Z1yXWwWrTUY","72Nj3Fip95s","f1xIeTCgoFk","vTFzyPyw6Mk","W7vNs1Eu9nQ","BXcNJFDCd6U","lx8n8z3N9Y8","UDOHHf7NYok","ogzqtK36Drc","fJFi4N7l0gQ","xvVqtz0LLRE","w3GHvLLyYUo","uZ2TLCNB64g","T0wMqn3njiM","v8NhbglB4KI","5YeB_tjHaPU"]}
{"category_id":"10","end_day":"18.04.02","number_of_videos":17,"start_day":"18.29.01","total_views":24454855,"video_id":["R-ceLUo4fgs","19G30P_S9VM","5i09cAYfApQ","7s1ojrtDOEY","J_CFBjAyPWE","lpzJNwur6Zk","y7SpoZfQEEg","6OcOO1k-vGE","IzZOvqE1pxg","fY8iLUkZ5kI","xrTewO4e-Uc","m8byWcHgfIo","6h_AFHIhcvE","N3BoLMl8OkM","mKjyPU6k_Fk","WBa75A4KWtM","XCf_fEDoEo4"]}
{"category_id":"24","end_day":"18.11.02","number_of_videos":78,"start_day":"18.05.02","total_views":25361547,"video_id":["tIMjKsmSV_c","OkdS5-s16Ao","MJiy5UWjs7M","HVM3izReKI4","pzazgzLtuc8","Qktnaja8z04","3JhSz85DJiA","YDca43y8bek","8Sk57kmIZHU","X30lRJxOLNQ","oBV78nYCd7Q","4y-62lNS9z8","KzkixAbpvfw","_yasCG_3sqY","Hr94DRrlV1I","e-lbcgI-xQE","UoCC4pjM12c","VIMdJQ6jFYk","uPRcLTR7hC8","dK3xiRwVwGg","_b94Xb0YOsM","VQFqPWqvel8","2Opnrahm-1g","cNrtJa-0WMc","W6g1jurOoPc","4yflZnDPqyc","pVxOVlm_lE8","gorbavNTmxw","2e7g-XV5RTU","hlvB04AhMT0","M9M8nxY8MHg","iIY3ugY8dSQ","N-K3F2C2AdE","rWIRZ14tWMs","J7d-0fHKVsA","NooW_RbfdWI","DRv2W6tSf4Q","ITP8TTj9KAY","lRTUF3c6nMI","taKXvza_B5M","WLQYVD2y86U","J9NVyzDS4Go","bS_Is_NdR6A","hc6H5Fp2nEI","yygEr1o9XHQ","WKExwsnuLo8","UDkX5OKCQu0","FPUjCwqtTWY","a6_gCuUlhMo","QHbb9htMclc","u6exKaB9_WU","ljrf7bIItsQ","u5LhiF5PzQ8","RksrgDXnq8U","eRZGAct0U7I","aNBER4jk5b8","evfQD4tGiS4","iusR3fNocxQ","s4Lz9Q2X0QU","UQUxxp0MmQs","huQD7AaftmU","sFXuiheoL7c","vknpLTQnjkw","BTC9bQSVLoE","erEAbklyn00","dXi7IVtN_pY","dzxFdtWmjto","fag8nirMXgE","5cgbnAlwUCw","TIiEwIgcNdI","YrsUXx2_BhU","vGVTPNu6qZk","6MXuNI7fsV4","xUyCd0xd6HU","F-_8evrREWw","mlGpUYpRTGU","XjlXWw9cq-o","QqGBjtRRIQE"]}
{"category_id":"1","end_day":"18.18.02","number_of_videos":25,"start_day":"18.12.02","total_views":22522232,"video_id":["CWcNnzpNUss","8296Q8J7yQU","I-bZ4mi-F8k","6oC7U7At25s","__gE4PDm3TE","QkmZoWT-zLc","xP4R0zgObbE","IKu6i3oT9aw","WqTHq1t_G_0","xUzOq7-ADc4","VJA3hbrMTL8","Bx2jcCiuFA4","ix92bd77Zeo","7LF4KgIYmyU","_G4S29RyPDc","QHrBKVjhtQ0","AYN8gSNp9Xs","YBpdL9hSac4","YZIJdLaZqxI","mz403BXfNJw","y-M1tHPq1c0","Ayz1StAxZKs","pPjPvKYw_r8","EplOl7oloZQ","38el9PCeg-U"]}
{"category_id":"24","end_day":"18.25.02","number_of_videos":80,"start_day":"18.19.02","total_views":15355657,"video_id":["fQQn7uxOMB8","dzGLHDccqZI","wgOQHevmltY","DyYVKky7NuY","ylBxyBJtdDM","ux67ZGD3NJw","TCvIqFn3gqg","DGrH4oumn3E","ctNq83kOAmA","K8RJANAFy3g","EVxqWJrNCGw","wbHNXgxpUP8","MCqGHhXXJFM","_8AbfHXRhGk","zoHkf2YS-4k","2DAsisXtYSo","Jx7QQF8u7J4","rSbTWmpkhx8","962y5zFVcyw","3GFnR7VbN6A","3xBXzKn1Y_Q","nwd_xRqhH7o","maL3zHY6sa4","i8OyEwxtzrc","OYN4JRPuEu4","VTI8DrSq3II","1-HE8j--HtY","blIV5BiSk5k","OnnDppVEdmI","jzArtex_hAo","7kz0KHKIilg","pkBSrtPNNBk","FnZk8farod8","ixR9SJduy1M","YXZlUEhlVSY","hFFamL4fUfQ","2B_f1WopX4Y","LHxJ7TVoxo0","06MlrgRubmk","Hl-t_6Rst2k","gQdgSW1BdjQ","AOU9lZzSZKk","X2CGNO7xvxw","OpOGQ0eL6J4","dJMgHbDavWk","XtfOEh7WqFY","fPkNRVnaOyQ","RydAkYrvwfY","G60hoBiQm2I","OLGjTCt8244","PDFvK0GqpMI","R2L30ysPdrE","h-O2Doak-wk","mTh-OFE8Zio","PuaHgRBRbSE","06exxH6UqXE","sZBOkqn5IDQ","p5n9kZmdh3o","qqP5Mv3QgUk","ixPGrvjQdWY","bfoYi4TbRck","xV1wF15wg0o","ad_higXixRA","E2azUNaXx9M","PqdWyre33oY","WiHoJapOngY","dgSInZhAvuk","X0XSYKpCL6o","jYQT7V1g_3w","NE89lidOmKQ","msSfmqUV4XQ","4iJB52MX3d8","8jNxBQgs6Zw","s5NxjgLo6O8","BNqSa2DFcCQ","IZgNA5XJBe8","sy38dLjZDBM","K0ZZs3RPfug","u0LYdFqlT24","6pwywLx9tp8"]}
{"category_id":"24","end_day":"18.04.03","number_of_videos":92,"start_day":"18.26.02","total_views":14219057,"video_id":["dSbNRbkhWiE","t6n0CbmUJ8Y","uzOXLTAGxxc","TRWRMRf-Ys8","OgX7pkCnIUY","F_J7qWe39PM","E2azUNaXx9M","_uhmHHZgF6Y","msDMz7jZgrQ","vmdm9JSCcSc","sRQ2MOiDBm8","cNUWuTtkzdQ","T8pSxsFEv5s","AhR3pgfO5lk","s5NxjgLo6O8","3WL3weisbio","a6pOAzUIqdU","hARI_ONtwsY","bnuB2UnwiTY","jyn3fnU5bdI","u0LYdFqlT24","RxpX_M4sGqk","dDEvE3b4mz4","XaZtNvqgJVk","EwUmrmEffGM","YEfGOmW93Kc","7ANU2YtyYsQ","m34LDqa3NLo","ZwPzA2-78IY","ptpdb99pisQ","3cdfrhklH_8","VWxl2vQCpiM","pfDFllcAEXI","OxPG7nPIpXg","d21AKnkQ6iE","70Bj9Na2tp8","tyXpy07x8t8","ToHhhAmnFQI","4XGTY4Suxkg","4oen_AiSfLU","weH24JVH4E0","t_y-K1rFI2g","2ZobYUIl4gc","pdfU0GyeNWI","0Wwa8PhAkk0","EP5IYRjvd0A","GM9ZV0tEtjE","xy-fRnUPBYA","40m19cg2oWs","sbXV04ypQdA","KqDVWT9_31I","mDs-bSjpTuQ","TQqtz5IzMQg","Zvf-I7t9Rqw","oe80HnixucQ","sKWqEDUaSYI","G-f0KuShx_I","xIntPXyTtUQ","SlteXOT7a68","uJMdTzq5xEQ","wbIvPUGAFY8","1MDC6cjQALo","lezOPqAC6es","JqH8he2P4mo","969Fjz5ZYME","Wvyy9fqPiX8","4zDS6rCrbmE","mM8LjmkEqFQ","6t4-g26xis0","vSIuGKHW2vg","9WOhJFyhkig","P0EOMy-_ebY","QfVoH6BQcE0","6YzHkSrzdOY","9rxLysbFiyo","WhluoRqLmnY","cga5jppns1Y","sgxJLq1Q1NU","8STC2BljxCY","TBHJ6FTomYk","ZRdwvjRTzO8","ANBJVhjX0cQ","v8YBvwjUXoo","039xbWxQdb4","PAss_KicW-U","NDa9VtCcpco","pACuNkPNVx8","ead9BHx7LFE","g-OxVBJ7Q_s","s2sNhWj1YCU","0n4It3J4vx8","7OmIdMeTZXg"]}
{"category_id":"24","end_day":"18.11.03","number_of_videos":98,"start_day":"18.05.03","total_views":12468801,"video_id":["xoUvPkkMXeo","7joOpz5adQs","8rG0yB41jH4","qg9RPjrvoSo","7vvYSdIrG9M","9rxLysbFiyo","kCkaXy1gatU","P0EOMy-_ebY","zljEFm_z6mc","d4ZyM8_e5dg","FBdtfn5rhNs","sjurEffUy44","zLW_ZlZAL64","qI7pW2Uk_LY","Yfh4A-mlO1A","6YzHkSrzdOY","sgxJLq1Q1NU","7WgvzcDiSJw","QwN2rQSrgIw","aZa2qX3urGk","ke3C_hRw0Jo","bbkPuUvDBPs","xi_6u_k_fn4","X9ah6ruzKIk","9byT02VkzU0","nP_Shf0HrFo","VpqmA116XGA","0Wwa8PhAkk0","tCnbAAgfxH8","9u7cjs9m9MM","xve1Qog3J68","v8YBvwjUXoo","sxkbsVHZsD4","BqsI5P0JgxU","96UAzAv_CYg","TLFr63RQVAs","ZoLbyWIDJqo","TmDS13yfMkM","vSj72eVqtjI","1BQyp3IW09E","B8KLgZSyWjE","4KjV-QHBzWY","P_sgqnKaKj8","br1P9y8aXXA","B4hl5CfHYZE","DzUiiTSjk9o","CY5qRhHWbzo","h6VOxf3dB1g","Vcl32x6gRaE","70_v2P8r6S4","QrmERUZG2vg","9rv_mDr6GOM","QeeomOEofDI","8uGFeOhkdVs","nfEGd7HI9l4","0S9D5AZQil8","nkICgMU5VxA","XJpzimdgP94","8WeR_iNbIbA","2HWpmPk2nVI","Ch8OIfifX6U","ieljBO8NnlU","g7q2Xw2Au7A","HLMaxfFzJX8","dJaN2AJ31wg","1c3gqIN3g2I","qOrQcH7Lt_I","phaD7pB7BP0","J04KBtfJUZQ","sMrNH5rpqG8","4yaMi6-bSTg","imdyc4kqlsg","gownP8JThFk","71uq0rRF4RA","xMFyTna7Gf0","KeB77zUElhc","vwVW7Zm-6aI","KvdcCTftuZM","SWOgw7pkSUc","D8-nIS4fr2k","DODiJL5z-Ss","iiSw7l62A8Q","97FMj5OA31E","zAZkMOfNMz8","xP3xVyJStoQ","B8Iaqt5m6w4","P4cq6APjINI","wIFUAyY8GOs","e2V3nUf_bFA","k6zJmkmFJGs","oX7MP67U2bs","cUWxOWE5D6k","aJaPWjshqUc","4lZsXWJVQfg","JILgQI2gSkU","jH9TsRGlTN0","eFmXTIV5Wrs","vRr6EdazzaA"]}
{"category_id":"10","end_day":"18.18.03","number_of_videos":13,"start_day":"18.12.03","total_views":29462281,"video_id":["BNFJPJbgs9A","pZ0lrA6nqSM","dKEAO1HNy2E","Ip7eVuFxiEE","tCXGJQYZ9JA","sS0LCjOiIhc","wowAOdTYqw8","wrbsA3eOSxo","FvuYGPS9J0Y","dFLjZBjyk5M","jPw6EHOhsS4","dECPzAVXFAY","onGqNkiAcjY"]}
{"category_id":"24","end_day":"18.25.03","number_of_videos":89,"start_day":"18.19.03","total_views":19469561,"video_id":["FZ4R37eSpLc","QwievZ1Tx-8","UEWjpGbyRtk","nEnwdSOtZbw","zAW-YdxuYcs","fEkxvq6WY_Q","N-oVkiMu0oo","HIvBT_7s-Vw","Xvp4I_MGq5U","yXLq5h0CrQE","yoWrJe36yKQ","huudqZaLk28","xNul2uJVExw","RaAYwpRx864","y35Hlva-QNs","PO-oo40tTkc","zuFtLSAEoPk","PwUYDvP3Muc","E74VITmm6rE","xBFH4kiJryY","HL6q7hBsNdQ","I5dtIc7g8kY","ioTkY3hQWCE","lvkLyG49RCU","5HiEGmRJiqU","2p1J3KFwP2M","yjwYhflY7MQ","l0XQs5zYmrA","0tt234VjI9s","LXpUyG9OsqU","lfmafjxZjIk","teEsQxYIR70","GXWMVaGAaCM","MzV-noc3ySw","R1_QyyMXYiU","QdZqm9R7mmw","uNsiNgryf1E","crqqwCiGdtk","FoJHXoRKL6g","tgHBrXfSXQk","3vNuY2fPfNM","2punSpL2EMw","KHFG6HTZx0c","srMyXpWh8XY","TQyWeH0mIPc","kZUt8Id1Txk","pKgrkAT8Kwc","SeOqaJdAAKU","v2fQ-0UPfyY","ctpPvkH9OMY","_PB_W3HcLm4","YftCjk-6KtI","swmVX3D1M_4","3Fge0dJsL5E","Eucq3Zqu68o","X-l45w1a6r0","EuRjL7Ls5O8","DS_jxOokff4","cO8CxTL1HPQ","xXG8V7JgpbI","7j5B9g3V49c","kwIRqz_BfHs","G6VU6oKpEgU","xj6z8Kj3t30","j29Qq2aGKv8","j8QzZGalQQs","Wm7QS9DUfG0","ilYYEoSm25c","FXhPZw_bLGA","rNhxShYpRmE","0X9d6LYhH_U","eIgbKZmGnlk","QoaWuKHUwqs","HET3Ybenh7s","LxgpiOx8xCs","DtadTgCcxF8","wLhuw2Q6K-M","FTHxxCj9q9g","oUOCas_0jd8","3j6K9qzpu7A","Mx72RkesAHA","3EcOKOsJNoo","5OnJK4wUHV8","W4vXoD5Mtxg","W-Kt0vfQpSs","nRrq5ndU4dU","roZJIUTFf_c","mwHzgBY6mws","WjyFdZSGOes"]}
{"category_id":"24","end_day":"18.01.04","number_of_videos":82,"start_day":"18.26.03","total_views":5956512,"video_id":["eIgbKZmGnlk","IfcfHido05k","zVgcIv_uHbE","0WlpXC8rhAY","1SWzeLKrLVk","4iTJ6HVTiPg","LxgpiOx8xCs","2INlpRkmbXY","Z-abjeRFPBQ","ExPnfBFrLDY","H61MdfH2C4E","mrZocBbT9EM","wLhuw2Q6K-M","FZUptoBH4go","QoaWuKHUwqs","pClw19ae0pA","W4vXoD5Mtxg","YfctlDWL164","eQNa3vdqDII","TSNjq6QR_iY","MywQlf1MZVs","nClytIi_e18","DWqJ3Xhs8Xo","vrbziBrsOQM","xDpqbb2FWaw","iNSLW9TXRQI","KabhW0oe1Ts","OVILLqMT0Ig","PCtYEBaP8c4","hP-3I6uc4cY","4GPCUByQIok","6Jwn7-Rg10g","STTYrYCnHFw","xb1IVUfAv1s","8Gx3vS0t9xQ","Loz_P3s7Nj0","jglaIrUPwxg","nwPULz6q6Hk","WGSlSrKHbCM","3EKSvkMVj9E","gd_riOA4TcI","zchs_-s3Q_I","q1zF67swJKE","T7lFdhwUaEw","IcXns4niC00","c8Qd5sFwIBU","JKLftdi-TzI","Cekcq2yaa_k","KZCo4F70490","M8OHFbhuoTE","RTKBokg-Kow","hFuxPVtAows","E-n6oD0b4u4","zpkL-72OBUQ","Y8oGefTJfog","4Wmmz_ju9Yw","v7HAi5S7SPU","entBgb7xw5I","jhR5JyTbL48","viHy_2ESX10","fYYG8JdU2wc","HEwEanfIL1A","08JbJoIJ_og","DXHKz8j7qKs","8y0hCkCSk2w","ejEHfIhg9v4","9IWuflK-xb4","WF-NTyRrSic","A5c6JOLuZwU","bu-q824mibg","aTMBEFFoAao","JSOFSmvTjGg","dMphJbbpkhM","v4aVnP4QmEI","3KEL4YFwd1A","R7iB5EcVgQE","nnaeWtBc5z8","rLPzPf2dPE4","mJPi1Mzoeu0","QykvZVFPO3I","0W50OEQtwLM","Sh-VLZvTRRw"]}
{"category_id":"24","end_day":"18.08.04","number_of_videos":66,"start_day":"18.02.04","total_views":9302338,"video_id":["haMDrU1Dkp4","pOIbcjpwzZM","MeTI9CxnHRo","1iAJoyeXqIs","U8GtqG4WGik","8VVOTYvk1Kc","d2_w1iTYMtM","YvRQ4CfYtIU","1xg4UhoBdfE","16bKF2ybEW8","9IWuflK-xb4","ejEHfIhg9v4","jCEKyNW7O4c","3KEL4YFwd1A","DXHKz8j7qKs","Italo7fZdKk","qY4Kor_DLdA","8y0hCkCSk2w","LFO8Yi0HP1E","qhcNRJYnxXE","5Pu8lYiuAKw","N8ZfE8kdu8k","m314JSML_4c","HfTta9trrT4","Q1JiptOTxno","1YeT4p-aAZ8","8z3aQ_gTn9Q","ZKZnOQlyEFA","iStEoGnANcg","F0kvfk1ghjA","jeUVxVbXTYo","yB7cpUszlx8","Yhre1EvTBoA","uhoKvQhJMD8","uCI2spBZGxQ","YQfjhZ1pAYI","dX1cs-4HfHE","NpskR0mkxw4","y753pa-dYsg","IpteRBR19gA","mN0nAQxp6sg","mOytjtUHAwg","EhLfdXZ3LRs","sb391m0FojU","BzInm4R1i6I","bfDdictTKnc","lslRW-qY-3A","8dSfHB3GcrQ","2xsJMWlYfng","ni7g68L6Ztk","df6eaJ2ZbT4","iax4OvDOYlk","xhgJgSO-2WU","kNsVCtSUlAQ","4QfOqEGBJi4","_z1VLC9qFTA","H5sglOhLyjM","v8-T17DfWoI","gm_uf5jxaM0","aiCk8eA_nGQ","5k0--E-DKKk","X9jCmZm9CQw","hgo4fGyCYOM","fom3ajBzGI0","7TkbJ3F52VY","nc1GE0O0L2U"]}
{"category_id":"10","end_day":"18.15.04","number_of_videos":6,"start_day":"18.09.04","total_views":6305217,"video_id":["cDq1vUwM21k","f1ZsHPKPw3M","kXD91io1DPY","i0p1bmr0EmE","K4-dfo99eMk","M4ZoCHID9GI"]}
{"category_id":"10","end_day":"18.22.04","number_of_videos":28,"start_day":"18.16.04","total_views":19444128,"video_id":["qwQRIKW8WNI","cDq1vUwM21k","JjtLioUzXzo","k5747sy1w1g","7g9tJGLQNKc","BFeRCM5tZ68","KNSV24HQMAA","_oD7i_wZRGA","PhxXAiShR1U","WhHEQ-W3x5Y","N6Mv58kwdXQ","gtdH2-wu6oA","MctZLEYlU4s","Gqk7f2Z_bR8","uKj3J0515bw","SlMOw2vzDLU","uvywKA2e2Fs","j8gHWkkBoN4","D5tett-Kb6w","UR1_Tv6HcC8","XtX21Lw6tAI","fmxPvJLZTEM","lrCki_hKWeY","yxZAB7XkSq8","uQaz9x23H6c","ffxKSjUwKdU","tlILlcCE8Sc","vUTI4bPdlgE"]}
{"category_id":"24","end_day":"18.29.04","number_of_videos":82,"start_day":"18.23.04","total_views":29964506,"video_id":["Hg-lX8j1_q0","ZKVq8ObPSyk","BokVrYSuCBA","27HmsMkVWqI","j2VqjYI-qSQ","i67w9m9lIPo","WvGT8DxPZhQ","7Y5zB30zCTg","rnoOthTMGvc","OhpI2frnw_Q","v09BkZZcRrU","BeDGRnHGE8Q","IU-LmGOIXtg","e88iNFpIV2E","WfXc7Afv8Ks","WCPEreNflVg","ACj5wnCG5UM","cKjzc7Yca78","rru3qOV3-rc","zFWbhXTXj-U","S1Qg3SFUBa0","aOgO1s0cw_w","RaOaHMwZfl4","dvtVXwcIBpM","N9KfoslmUcg","WEWtyTm2foM","nJL83vHKvHE","d8O01Q7JLwc","BLzGDgItvaw","hF58gJ-Wdg0","Zi1pxlmRq_M","UUUNKsA8mFo","WFNtnBBGiQk","Z9ephsjePow","AEvRMfXazug","rtXieTb_7G0","KgDgNfpdaoY","u9Mv98Gr5pY","PGXiItxZ_PI","Qd8BAQKebBk","G8RrTKzUvoY","omPzZgTv0bM","5Tss4IekBjE","30-kkNjgitA","pGd4UT3vf2g","iDa9XtBKUQ4","OJMMn_8J--s","L80x7Imnijo","_sip_QsUfvc","J_-dwvUl_4g","o08sWD1ccMg","UayeohD8gZs","B1P2GzL19g4","d39p1akD9uA","B6SJZm-RYOs","nC5EQrJmwTg","RhxVed0KZlY","lDXfU6wZTf0","tlmDG-nac44","B2ooBHAgUXY","dL8PBdfUqlw","KLkTzjsAUIc","m274DFfWaE4","BtPs6YEINdc","CDOcbVlPVbQ","rPrAH96j0tA","mweymM8uJQc","uf0yebbDR8Q","Ld2vlW9p1pw","0nk7q_5kTDw","LV2_KVZZHYU","kwNwYUaTe5o","Y-0cenoMjig","WbNpIeG7NTw","OS5NQeiHTv8","mvIMupPoXvM","gsLJ9J4UoPI","MqcZQSByw3A","KhwTsIOEsR0","dCwLwsvB4OM","wpNS0VQbzHg","53y9xVNM6Gs"]}
{"category_id":"10","end_day":"18.06.05","number_of_videos":19,"start_day":"18.30.04","total_views":23739744,"video_id":["Lt4k6WEXPnk","sJKvjEeVMDA","SWlIzhwtFtw","_XyBa8QsVQU","jqNsbc7qgS4","PMEkmiQP5bg","fXEhiJ6I6i8","jpStWV2GHF4","sFG6RbrFVhA","8SJfvh_XTQc","DkeiKbqa02g","h8xMklZUnA8","ieZ_qkyhLwU","zy9W8V1ICOw","7jkJ-rwq1qo","LouUEaweP3M","Wpm07-BGJnE","HhoATZ1Imtw","tZb3IHnivbU"]}
{"category_id":"10","end_day":"18.13.05","number_of_videos":18,"start_day":"18.07.05","total_views":99005795,"video_id":["njYYWFr9roI","p8npDG2ulKQ","VYOjWnS4cMY","yGIDMcS_PNo","Wpm07-BGJnE","PfLCyR6Efvw","Wfg2tclBraQ","50czugdZXgo","AkPPQw1ZAec","xjY4GWE5Zqk","tjA7nAHOAww","IecEF9vncn0","vdXRUyWbyDM","igxbB1-Q7Rs","sdktOY-MLYE","32sYGCOYJUM","vQtWXSaRYC4","FkOt19CUC30"]}
{"category_id":"24","end_day":"18.20.05","number_of_videos":80,"start_day":"18.14.05","total_views":12592764,"video_id":["fucAvjHjXLE","76xUnxFfdVQ","-1_opfP5U74","VE9fKdPBgc0","fUo22Z49F-0","tgManNfbva0","0C5gdBk_K58","5NFiNlNXMaQ","mX-EETc0flI","Stp1dXH8JBE","Xm8sDvAEZ5Q","VKtLCfw7Ajs","bj2mgzeHaxs","GLOWt3lAJLs","1KiXYBvGJzs","Niqy5PNmCVc","Lj5mz7g1T9Q","1JH2BRfbxIs","7EEqmHy1Zs8","prvd8FKFEFM","MYYav4-cdRQ","OsBhWI60qfM","mV0PISuLALE","kU2t0lmcaII","ZZTxb81M5EA","UL1BPMucIbg","rucWeEnSWeQ","HXAieFVrdV8","pi1sOaoGQOQ","GxWbT9K70gc","4BbNsypsTu4","gqJLSzVzvRg","m29yR_VI6D0","CQ19p_VrDHE","7-K6M6LBYCo","ebZI-oXEn6o","TA2YMdU-XBo","Kplnm_Spucs","ocByubeUpyM","MpcHrkpaV5w","jGk9NZ4Ezqk","XslF0O2zGi8","O3xpjWlWvig","curABBDhqLE","_sEd80T_0HE","EsqNDi2uHj4","-8KS5WROXyY","oa9h_ZT7IBk","VFveOpfwtBI","pJYOYa9QPFA","74jNhJtDKhE","bKD3WLsng-M","SYlHep7DFQY","XMBPaGg_r58","XuECyiuOvo8","bTBd3CcESkY","7poTjcG9oeY","3amkfqcO_r4","lARbAPNhAMM","H2feGHmaoQc","9OP0Ac9o7eU","9TtLmiXqgJ4","GGPCUNa6j2E","havaEdf1xE4","ULWwjuBKaok","OXx4pgT41mk","iNPJmZwjKKM","NhkIdOIvlAA","UyPSziFUESc","NSP8TsK4URk","WwZs1H4fNYk","9WR3-YE9_lE","pa3l8Wctwrk","48Z-_uqb4Yo","bMcjmuT7j0Y","WzMRXk6yYtk","d0DvjH5Mqc0","85VsNbU3FZE","AqDBn7j_n1w","GuTYtXN9Tbs"]}
{"category_id":"10","end_day":"18.27.05","number_of_videos":17,"start_day":"18.21.05","total_views":30953499,"video_id":["7C2z4GqqS5E","lP1DXOAlOow","wL-a2D3RQKg","pKbWGhV0QbE","hLf6yZPJyvM","RmJ5kZlUi_4","_JpWPDq2zNg","AWmwmH3xUko","O5_AjghiDSc","axR13xpjqz8","s_5-eID-U-g","xRbPAVnqtcs","fgFFuzmK2xU","7JH0me5eaf0","Dt9xJWPU3Z4","Hoz5OQjXEA8","LRNtg-LYPbM"]}
{"category_id":"10","end_day":"18.03.06","number_of_videos":18,"start_day":"18.28.05","total_views":33131551,"video_id":["nt3RVILm3g4","nQySbNGu4g0","nfibdEyBPMk","91YIIZuB96Y","HBoFOv1KzZg","ntWSnDV0MYs","7dGwk5-QMpc","4CTGxKIzD7M","VBc1w5tIMq0","MAdQyx88k7E","xfA6tT4xAnU","D-AuFgyVsrA","fYh-H2GOw_M","s58M3eOtICI","aJOTlE1K90k","aKHbqm-D62Y","D_6QmL6rExk","4nt_TMv53CM"]}
{"category_id":"24","end_day":"18.10.06","number_of_videos":96,"start_day":"18.04.06","total_views":22016489,"video_id":["Vn3zvi0iOfs","wDpbsVc9bKc","Vct92zOUBe8","IZy-KphigYg","cgTsDR8b-50","clYlOmX8NwE","M8W81fNjh8U","FWTs_nnmFHg","LI756cp7bJI","IgCn0Px6pns","GgcuNfeer4M","BFVxPKl-Htc","Kwc5TsqVYVk","JOiEXPUwoLI","I3BU1CV5_1s","aiW23Ac340M","HG6AqB2XlzQ","OteZKawQRlk","bwzi8fpTrs0","Vqdhx54_eRs","4cJc33rLLm4","hraGJL_azqg","AYdP9zOQ-gs","2L8vROIYPnU","-3nnuiNRVE4","Z45Ika_EsUU","D6nZKnuMqeI","W9JAVtKJlNQ","_U2wtmTi8So","LXVsLm36jeU","Jc7utmOcpPk","2bdSyi0EXuw","RAskUxM1j3g","L3KXbCxc4e4","tnGOTc6bFKY","k28B6S9WrjQ","A4Ii4ayOr_E","5ZeUlvdS16A","rHgqKfCrWGk","AxbRd4xsQNw","61WCj7_RigU","SZnFYILL4IM","hhFU8D08f_A","zVJ5Z5zQMnw","7xQoELSmmSI","vGHwCeIMuTo","D6bXzfmL0j8","vX2K-mCpiK0","8GBLfxkdm_Q","Hj4zZOy4Ujc","VX4T4NeAi3A","djRhC7l1KZ8","ZCbw3i68Nqc","5jZDF29RXSI","VOBXd5huR5A","t8PVALfuHug","ByMS3iYv3zQ","65c_gfVQ_Ug","DTfFAv6uCPo","Tj_7l7IlhnA","Qj5SfhAiaf4","kJWicBrzZHM","MG1hdnBF1lI","fnIIoLglJ-8","ccC0osYHGio","5PC810CS7HQ","uHB6OXpAQtc","g4Hbz2jLxvQ","3bEP6I2Qsvw","dJy3C716JiU","WYuaBYxapYs","naW9U8MiUY0","nnm38bNQfYc","HQ22kyXLWC8","y5cXzQSoUwo","DevFrcA0Mj8","N3SNtiWB6g0","wiU8JpvtThM","j1lhLxKAgUU","7uWW8ubgW5I","_XIEStpT_9o","a0YVzK4xNyM","HXfCR2rk-OE","rJ1MXY7-kq0","FawOtw0LEwg","fBLEHMuEgB0","Qs1FCqZHmMc","W9u4hjFr6Nc","uHzmItZIqOE","3LZ_WC6HXI0","bd4-EwpOu-0","Z33yJCOOekQ","PB_N6dQUwFs","718Kn0IF5To","wIEqCmHgVB0","XfrKFwwskdA"]}
{"category_id":"24","end_day":"18.17.06","number_of_videos":53,"start_day":"18.11.06","total_views":5401369,"video_id":["sJL2bcZ9L30","ffjxup-giog","SFrqM8VXbJI","rJ1MXY7-kq0","StE0OPMbHH8","FawOtw0LEwg","qsbIC2NGz5w","HHUFH5hVsec","yyA8vbjG_EI","YuoHpwMLrvQ","pj6YBBrO1sQ","LlsyDl2wRbE","KBZWnVtVTCQ","VJJXqYipEOQ","JJFDrBZTw20","1d2lqAel5q0","kvmjKl_r7Ok","vSyMuKEMk0o","FakXgNrHSCA","crXNUPRDTRw","718Kn0IF5To","xXVz1pUVv34","wrVO0mWVLpU","Khs3U-JWBPY","_yjNPxV5VtE","99y2z-Jyzmw","CvqW17xJ9P0","ABB6lgdeXpE","5RwofAbFOG0","xb-ODLumogw","CyS-PGITzbI","iM87x8EEsrk","eSzkjAIf_yI","I-0zrKkC9zA","vtJzU9psGvI","194GXU0tu3k","UPvnMR-3Xqo","wUoowy_nxVU","17dlUm292J8","epDa54RyUKU","oa8ret6x5y0","J1QcfQ3rG9o","qxOxnjz5BVM","4uTOmeFNI-M","9yiHpw2IB7c","hWpPf2jKhh0","vccDTOEKq30","ZWex15ZhDi0","q-QVlVjYznc","3GlHZVWgNEY","_Ne9ER-jr20","sg5HNvVD77U","uHHe9aGGppU"]}
