{"channel_name":"PewDiePie","end_date":"18.14.06","start_date":"17.18.11","total_views":154090089,"video_stats":[{"video_id":"XlCHEONTqnc","views":2244679},{"video_id":"-KE8v44VS_k","views":2090558},{"video_id":"w4AImq08j9o","views":8991293},{"video_id":"5ioOX-37Jko","views":1582168},{"video_id":"Ni9yip7Ev_w","views":2133002},{"video_id":"2EPi1R9oZIw","views":1931985},{"video_id":"AP1Scjdy_Kc","views":2026011},{"video_id":"U8LHgq3Jlnw","views":3941060},{"video_id":"CvyzBMTQa40","views":1688603},{"video_id":"s26JfwmlIKc","views":2933896},{"video_id":"EQ4NEBPU-Hw","views":1959696},{"video_id":"5atVDycaXWM","views":3715225},{"video_id":"PALcJ0HW1-I","views":7678343},{"video_id":"H34qrTkhFz0","views":2277099},{"video_id":"0bcrbx0e_Cg","views":1552898},{"video_id":"RkvczNWh9ZM","views":3954942},{"video_id":"_vvvSyBNiHc","views":4226399},{"video_id":"Vk8UEWHYfEg","views":1920497},{"video_id":"pHxlZ4dTXug","views":4668508},{"video_id":"yzshoDMBkqE","views":8476168},{"video_id":"4xTpw-05J0k","views":5538066},{"video_id":"Jz50eTT6y8g","views":4410665},{"video_id":"hmRt1GgCqxg","views":5275905},{"video_id":"9AemOdm8LrU","views":5165287},{"video_id":"vkA1rFrNLWs","views":2856266},{"video_id":"Ifpq10K6zhs","views":3598973},{"video_id":"jvO1GDJXOgo","views":4698989},{"video_id":"3N3c3ZX6hoM","views":1969090},{"video_id":"eS4rlDJ1aVQ","views":4628972},{"video_id":"njF1S4oQbgs","views":4852348},{"video_id":"tHmAPWOo2jY","views":767932},{"video_id":"XD0lxNiZ7mE","views":2723768},{"video_id":"sqFVrfinlYk","views":3533152},{"video_id":"0l35jAGQPOI","views":5146567},{"video_id":"Q6M255BZ0HU","views":4014269},{"video_id":"bF_naHpa-T4","views":7146248},{"video_id":"w5gbHSfbiK4","views":3615349},{"video_id":"uy6vFIxfsjg","views":2193221},{"video_id":"JUabUTqMgpM","views":3450826},{"video_id":"JcCNjk5aRMw","views":2067906},{"video_id":"iK7ROzfOW8k","views":2549922},{"video_id":"Q3L0gArhmaE","views":3893338}]}
{"channel_name":"ibighit","end_date":"18.03.06","start_date":"17.17.11","total_views":150201485,"video_stats":[{"video_id":"ixxR3ZoqnF0","views":3483755},{"video_id":"kTlv5_Bs8aw","views":24628712},{"video_id":"OK3GJ0WIQ8s","views":10695328},{"video_id":"kX0vO4vlJuU","views":7518332},{"video_id":"p8npDG2ulKQ","views":15875379},{"video_id":"2tDKp41nrw8","views":6416697},{"video_id":"7C2z4GqqS5E","views":73463137},{"video_id":"D_6QmL6rExk","views":8120145}]}
{"channel_name":"Marvel Entertainment","end_date":"18.02.05","start_date":"17.29.11","total_views":147594435,"video_stats":[{"video_id":"3VbHg5fqBYw","views":3111226},{"video_id":"6ZfuNTqbHE8","views":80360459},{"video_id":"8_rTIAOohas","views":4761311},{"video_id":"pVxOVlm_lE8","views":8641831},{"video_id":"QwievZ1Tx-8","views":42862117},{"video_id":"UUkn-enk2RU","views":7857491}]}
{"channel_name":"The Late Show with Stephen Colbert","end_date":"18.14.06","start_date":"17.15.11","total_views":132635191,"video_stats":[{"video_id":"b-ShNqtj8Yw","views":1025278},{"video_id":"OV9n85JDEK8","views":1035747},{"video_id":"Q_FAO1ZNKgo","views":597836},{"video_id":"eOQpjvnm4ME","views":1291361},{"video_id":"jUiP543q35k","views":911828},{"video_id":"DpAFgTXDR9M","views":1018415},{"video_id":"B1XCBp5Qlec","views":927209},{"video_id":"-tS7Yecuqwo","views":942454},{"video_id":"veVBbxZyzKU","views":1650988},{"video_id":"okoy7uu44wA","views":990262},{"video_id":"U-v6HDIdC94","views":862357},{"video_id":"9FFvT21WK-Y","views":106473},{"video_id":"czhSzmxN3WU","views":1556693},{"video_id":"okgIEz0jiMo","views":1220216},{"video_id":"Gp40Uztk3bg","views":1606486},{"video_id":"uTz-7ZozeGM","views":684123},{"video_id":"H9KDcSp6yyE","views":678452},{"video_id":"BeRttRXHJVM","views":1361548},{"video_id":"Le5kBwN6Vsg","views":1517027},{"video_id":"PsldHmrxEqw","views":1697140},{"video_id":"K674LKBUukk","views":2113753},{"video_id":"jjCP_khIxLM","views":1099221},{"video_id":"RwMRkt770vc","views":1615659},{"video_id":"jUz_MRN-83E","views":1577527},{"video_id":"VUGGYk0k13c","views":714939},{"video_id":"TmN_mMnlUtA","views":789673},{"video_id":"TvEpYnAo0Tc","views":1701612},{"video_id":"VoRQgC6gVo8","views":813867},{"video_id":"3ZSR6xUHf-4","views":1453916},{"video_id":"nXgvW1pB8KI","views":1671864},{"video_id":"8RZg4V1C3HE","views":918926},{"video_id":"opmDMIg4Lvs","views":1192248},{"video_id":"gEX56vZPZFE","views":468030},{"video_id":"X44nWi6ahg4","views":784673},{"video_id":"xUIrq8ZNqSU","views":1052337},{"video_id":"Q646Qq2SxhI","views":624193},{"video_id":"q8XzWBadFiU","views":641684},{"video_id":"8mmEWomoev8","views":463203},{"video_id":"wtcBquWhjL0","views":1148839},{"video_id":"Tz5L-rNWZBs","views":2390395},{"video_id":"RI_IclNyXvU","views":748574},{"video_id":"ZzgNgMfpk-s","views":630898},{"video_id":"fXMh3VMC9CQ","views":905230},{"video_id":"5bZ2yW9bDr4","views":1060809},{"video_id":"3Xn7nGqiJCU","views":957641},{"video_id":"Huab6p5HW0E","views":1781966},{"video_id":"5CuAwgdYnOA","views":693407},{"video_id":"4vQOD_FiCBM","views":803442},{"video_id":"btxciF35Qnk","views":1127610},{"video_id":"Uu9ox9CPpMg","views":1671163},{"video_id":"BiiuUzFQ2Bg","views":2257994},{"video_id":"CV39K_uHae8","views":1047456},{"video_id":"-Ul3Mjk2YYU","views":181985},{"video_id":"G6dIrs0RurA","views":1535127},{"video_id":"PpHEXUeXMxc","views":1037158},{"video_id":"JNnRbYj6Rnc","views":1357486},{"video_id":"hgqy3o6ec-8","views":1204601},{"video_id":"-rDGamXVTRs","views":725931},{"video_id":"2jPLY6vrgpc","views":579444},{"video_id":"ASeDPHVHY78","views":1672290},{"video_id":"H2NHBjHNo_o","views":819951},{"video_id":"sU7HzBOCKbI","views":2032868},{"video_id":"02Q4RAS09Mg","views":1151534},{"video_id":"9JtYr0tiONc","views":963582},{"video_id":"_MeQz8OWXQ0","views":1194472},{"video_id":"qyKivZT2wig","views":1385846},{"video_id":"QJgvhFKsouw","views":1241243},{"video_id":"WtqFjTLB8es","views":1996556},{"video_id":"K_yddF7QnfQ","views":1179896},{"video_id":"SGcf28JmJMo","views":1175010},{"video_id":"0nSQdtvFwNc","views":634464},{"video_id":"2_-NOAMBIH8","views":555448},{"video_id":"NzxNSF_yS0A","views":1082138},{"video_id":"EuaK4wPMIP8","views":721819},{"video_id":"Adg-A5tY9lM","views":1426681},{"video_id":"o-nGPNn19vE","views":2281675},{"video_id":"LZhSKwIrzx0","views":1430306},{"video_id":"qZnge-xDI2o","views":1201552},{"video_id":"eTMQAKK1tNI","views":873798},{"video_id":"asud3udH6Hk","views":1802124},{"video_id":"0cwPGwVjAvw","views":873457},{"video_id":"4swif8r4z3Q","views":1491799},{"video_id":"7LnZEmi6KXA","views":1929313},{"video_id":"veVTSPvthY0","views":926445},{"video_id":"i8gE20TW1n4","views":1996240},{"video_id":"W6E_Pjayhl8","views":1170258},{"video_id":"vLNXXNCAHY4","views":1436649},{"video_id":"ymQAkH7B43Q","views":1831293},{"video_id":"ZOyY4394fjo","views":628200},{"video_id":"O3tY_fE88Bg","views":1746958},{"video_id":"IDQ0f4n9aAo","views":1636531},{"video_id":"d_KFQCKkmgI","views":674929},{"video_id":"2-e3RYWr758","views":1134018},{"video_id":"v8HYfvD9ErU","views":927325},{"video_id":"W16tAWU4hdM","views":1049923},{"video_id":"nlozE2m-NMc","views":2247877},{"video_id":"CwhrBYuSuHA","views":545469},{"video_id":"4o0cU2-IlCE","views":1733476},{"video_id":"UUrddqT9i_s","views":1591803},{"video_id":"hndSZXjmJmA","views":1139756},{"video_id":"55oRa7u3dGo","views":735182},{"video_id":"iPWIULW-joE","views":1291052},{"video_id":"wx_UwEtPegs","views":961385},{"video_id":"CYh_0QYQ-CE","views":2002355},{"video_id":"2kxeAg1Ydi0","views":1475929},{"video_id":"r5N1OFwqFKU","views":1160753},{"video_id":"-bEQKyyZQmM","views":1480064},{"video_id":"G36BAjlL3pw","views":1680522},{"video_id":"DDZIG9bE_CQ","views":1503865},{"video_id":"UVxE_MM94tA","views":1582738}]}
{"channel_name":"5-Minute Crafts","end_date":"18.14.06","start_date":"17.14.11","total_views":127080748,"video_stats":[{"video_id":"1SiKopOt-QM","views":803400},{"video_id":"Xm992Jwxn8Q","views":2521991},{"video_id":"sB_--dhnx7s","views":1903983},{"video_id":"_9YMpuLDnwo","views":6315549},{"video_id":"W-wC9I3WDV8","views":2671431},{"video_id":"Hu2kmL86K9k","views":1301114},{"video_id":"GjDK_6NtYGQ","views":5032094},{"video_id":"CcdgO10VbcQ","views":4128228},{"video_id":"uHsGqC9UTdI","views":1186737},{"video_id":"uMvdDQi9NOQ","views":2371739},{"video_id":"O65fJQFnvJI","views":1182665},{"video_id":"EK8oTZp9M4E","views":1265971},{"video_id":"AdZpDrdIEU0","views":5667132},{"video_id":"tIe6c8n8xVc","views":1472636},{"video_id":"NDKwzQSLSlM","views":1462681},{"video_id":"F9jMHZHXIu0","views":911252},{"video_id":"3SIsA96P1zA","views":1667057},{"video_id":"2_wrY5hVlA4","views":1067893},{"video_id":"TtLv2thtu2s","views":2890038},{"video_id":"fLO3JfrJ7cM","views":3444570},{"video_id":"-P4gQ2iPDFM","views":707898},{"video_id":"0WUSUUM3eck","views":801061},{"video_id":"8GWI--fsj_o","views":2084873},{"video_id":"TPUssJ75Bek","views":1677149},{"video_id":"3mrev4uOh-0","views":227799},{"video_id":"dLmeR03hKjw","views":818299},{"video_id":"DdIs03ufvxk","views":4289651},{"video_id":"48mhsixjAKA","views":955519},{"video_id":"aLDjHS1HKpw","views":2175382},{"video_id":"fYybt6w1IUw","views":1022511},{"video_id":"thQyg1i5kI0","views":3769407},{"video_id":"wiDdIq4UPIM","views":2285991},{"video_id":"PSQAW9zXPpA","views":2165799},{"video_id":"ZAfh6okEgUM","views":1653147},{"video_id":"R2YVa4Nirsc","views":2373383},{"video_id":"w6HNZpaYXtM","views":4088020},{"video_id":"P9IyhwSBqVU","views":1545912},{"video_id":"G6w5OP4KcgA","views":1689083},{"video_id":"vwTPlIGfoIY","views":5580658},{"video_id":"vD7bmadZb24","views":2626139},{"video_id":"_kbgrXxbP9U","views":1379834},{"video_id":"QADvOpwK2Mk","views":1360726},{"video_id":"udZU4Q84oPk","views":1439378},{"video_id":"DA_S-OBJvQ8","views":2119311},{"video_id":"WJ_9PSzvroo","views":2275485},{"video_id":"A_N-gGy-ORs","views":2826168},{"video_id":"L75Y1UT4Tgc","views":1300526},{"video_id":"D1WWGHcJfyA","views":3270128},{"video_id":"kPu7_3IWjkY","views":2237975},{"video_id":"MYnO9Gfh5ks","views":855750},{"video_id":"amnlAK5hJhM","views":626108},{"video_id":"4g1QmHt_Bko","views":1608400},{"video_id":"Bzx2bFpNuK4","views":2010714},{"video_id":"PhbI79irrxg","views":708245},{"video_id":"HCkc-PkQ7sw","views":2251267},{"video_id":"D5f1WGMQ7Ks","views":4564959},{"video_id":"4MjERKVBs1Q","views":718171},{"video_id":"qWfjVkrUiJc","views":1539218},{"video_id":"7cqyH5d4VDM","views":452416},{"video_id":"pgGFtL3tfE4","views":1730127}]}
{"channel_name":"WWE","end_date":"18.14.06","start_date":"17.15.11","total_views":125234450,"video_stats":[{"video_id":"oP-6Z1RlaIc","views":2455165},{"video_id":"Ehke7aPI9l0","views":4373507},{"video_id":"LDVXOo_HXKU","views":1188326},{"video_id":"tEA_n4mmBok","views":2399289},{"video_id":"cdocFpKRxiQ","views":1197546},{"video_id":"KVJLID7awYM","views":1209323},{"video_id":"vAUOVBhh0SY","views":1083393},{"video_id":"c8bkGdeqwWw","views":883915},{"video_id":"q-jZm-FUbqs","views":1146692},{"video_id":"NKOEgNxvNaM","views":903236},{"video_id":"XWvhubdMsNY","views":2210506},{"video_id":"SG5al5UTolU","views":1367546},{"video_id":"Z90T9riY8Xs","views":1993340},{"video_id":"oqbwrcp7FKA","views":869971},{"video_id":"cWTp5xejawE","views":946381},{"video_id":"zDz9s2AOTVE","views":3208825},{"video_id":"g0j5gwkKNgI","views":988814},{"video_id":"1JHY490K_A8","views":623562},{"video_id":"EQvdKS-QX_E","views":534746},{"video_id":"GvYr8H4eUDI","views":751575},{"video_id":"fsHuWgnf8r0","views":451878},{"video_id":"A47EHIKO05o","views":1543550},{"video_id":"y6F27MP61Xc","views":545044},{"video_id":"clQGvMBNmqs","views":5842704},{"video_id":"y7fNOjHDdpU","views":1704628},{"video_id":"j1oVt2DZG0s","views":704491},{"video_id":"t6jLE2PIOYU","views":3306032},{"video_id":"IBVo8dfqTBc","views":7735840},{"video_id":"zKixGnG6IkM","views":1532470},{"video_id":"v3UrBcJaczQ","views":2486843},{"video_id":"xcuVh80dPqo","views":1732411},{"video_id":"bFCg_HTk4wA","views":1600934},{"video_id":"cFeDbPWPyJM","views":1067402},{"video_id":"UsciN7COX1g","views":2788033},{"video_id":"T2aJzwAeA9Y","views":2268102},{"video_id":"gWV7JIxFcbY","views":1721936},{"video_id":"zyFrNZKAYCk","views":1561268},{"video_id":"7Jz8wZbXuDA","views":3320241},{"video_id":"xZktj8xfcaY","views":472728},{"video_id":"FVe1otlBNf8","views":975738},{"video_id":"FFsp5b4AUTE","views":7286159},{"video_id":"0pb3NfeykSg","views":1371179},{"video_id":"aVuzDN95L3k","views":2536646},{"video_id":"XnRs9InyaA0","views":1766208},{"video_id":"GBTV5ekQwWw","views":1054453},{"video_id":"GlngwhWaLBs","views":6270936},{"video_id":"_SK1ARkUcrc","views":1115989},{"video_id":"e7E7Jj1yLuA","views":563675},{"video_id":"3xB5S96HkUw","views":948470},{"video_id":"gR0pSSISaVk","views":4222286},{"video_id":"ZOE-d-sblRE","views":1065991},{"video_id":"MhZ7Zepw3Gg","views":824762},{"video_id":"4kN-FlYp5rE","views":2662391},{"video_id":"5R2ZZ-t8XS0","views":999410},{"video_id":"QtNvvWsSsoE","views":1929211},{"video_id":"rKfRfrmukN8","views":1938197},{"video_id":"_RTMvAhKtAc","views":1783875},{"video_id":"v0xBdIyNijk","views":662264},{"video_id":"egXzO6SoKNA","views":1481525},{"video_id":"StAvP9PWHVQ","views":511232},{"video_id":"p20vjER9UnE","views":945489},{"video_id":"OUi0u_hlF2Y","views":772336},{"video_id":"W3U9DH_kBNg","views":791785},{"video_id":"ZLV4gSC5vl4","views":818875},{"video_id":"RoWQ6vKpOng","views":457580},{"video_id":"1DwEaKDqXE4","views":988808},{"video_id":"Kx-uMHoKfno","views":527071},{"video_id":"QoQ_ngBtCL4","views":559816},{"video_id":"sTAIvHEvd48","views":3512787},{"video_id":"WjORQit3eNk","views":1167113}]}
{"channel_name":"MLG Highlights","end_date":"18.11.06","start_date":"17.18.11","total_views":103188532,"video_stats":[{"video_id":"jKkOYEW7RvQ","views":3158597},{"video_id":"X5sJ81nGZuc","views":1962534},{"video_id":"z5wiZRlV9I4","views":2415334},{"video_id":"X1rfgbHfPDc","views":1072547},{"video_id":"hUZS6yW0fQk","views":2829312},{"video_id":"S-KMnvZFxFE","views":827215},{"video_id":"h14C_QOOEOE","views":2100285},{"video_id":"uXT5UDRS9-c","views":1208916},{"video_id":"OPdssn10jNs","views":2386382},{"video_id":"hFvg8mmq6tY","views":1126999},{"video_id":"VAL1khzhGQw","views":2314506},{"video_id":"KTLNqkwWK7Q","views":1797411},{"video_id":"r_9SlypIA98","views":848856},{"video_id":"Uetr8cvF7VY","views":1841470},{"video_id":"MTpGrsKEExU","views":3143036},{"video_id":"3FpAImI9sMQ","views":249019},{"video_id":"pcWPAkaK85k","views":556990},{"video_id":"Ocy24AQprYc","views":1401221},{"video_id":"V5cOvyDpWfM","views":9994516},{"video_id":"RORkfLdcD60","views":2377078},{"video_id":"_bQmgkmY-7g","views":1162089},{"video_id":"9WSVaPuycgU","views":757255},{"video_id":"BrFBZpCuIvg","views":556063},{"video_id":"1MaStcvbULk","views":1154810},{"video_id":"pctB7_utsLM","views":2021494},{"video_id":"X1XiLoNI8C4","views":1790332},{"video_id":"abfQDEETGWU","views":390899},{"video_id":"iM89vdPLbQs","views":1634519},{"video_id":"Y7u45kMINgE","views":1095157},{"video_id":"mB7hkJ33044","views":1689482},{"video_id":"v89rPk9_Cok","views":453092},{"video_id":"RDLFB1R89IE","views":2827327},{"video_id":"-pN0xIE0A-Q","views":2067478},{"video_id":"pFlifPi46AY","views":2216186},{"video_id":"7j47WabqzsI","views":2118384},{"video_id":"r8alXrRsUuY","views":2873429},{"video_id":"LkvvhKBysEs","views":1460589},{"video_id":"vug4bROR79I","views":2533705},{"video_id":"Xj2vYAq-bwY","views":2210759},{"video_id":"tqqGzn2YWX4","views":2975372},{"video_id":"BjkUhgiU7oo","views":3218760},{"video_id":"645i6asTfz4","views":3041434},{"video_id":"2rATfT60dM0","views":3246276},{"video_id":"eZSAIm_pzv4","views":1810294},{"video_id":"AUPeHXijgH8","views":2772379},{"video_id":"Jb8RX8b3b30","views":886669},{"video_id":"mvulvk-bBx0","views":3325893},{"video_id":"h07P1J93Qt4","views":896707},{"video_id":"C27hkQ5ARaY","views":3117423},{"video_id":"SUdL8JXn0pI","views":3272052}]}
{"channel_name":"Dude Perfect","end_date":"18.06.06","start_date":"17.22.11","total_views":97096461,"video_stats":[{"video_id":"VJwoSfTOhyM","views":8839267},{"video_id":"-RmUADCWI4A","views":9828746},{"video_id":"ycVc1jsaAA0","views":9387347},{"video_id":"9oyKePWRi8Y","views":6969112},{"video_id":"g1QONg2b2JQ","views":2055743},{"video_id":"VRJmcxCrAOA","views":4234615},{"video_id":"WpqUOW19aJQ","views":9651434},{"video_id":"qZHycHI3F1Q","views":4151801},{"video_id":"MuPL-PSMX0Q","views":4852889},{"video_id":"S9KxqRUcnCU","views":5022004},{"video_id":"Hk5dxn5dj2M","views":8593086},{"video_id":"FepIkIILumA","views":5589612},{"video_id":"9m9oO84Q2fk","views":8523528},{"video_id":"v-dfygYIfLs","views":9397277}]}
{"channel_name":"Çukur","end_date":"18.12.06","start_date":"17.16.11","total_views":91642169,"video_stats":[{"video_id":"A5LFlKGs5wA","views":957399},{"video_id":"WPWSfsvqoUA","views":922842},{"video_id":"XOk7rIDYzUk","views":829425},{"video_id":"bvNkTFWsJoE","views":988777},{"video_id":"6S_7fS-cLik","views":962898},{"video_id":"_40pyQrmvZk","views":877535},{"video_id":"hlT9t9LaQ3g","views":823615},{"video_id":"vd6wDCs2LyA","views":745341},{"video_id":"fWFpN2jnBC8","views":888614},{"video_id":"1y17kE-Y1mo","views":766654},{"video_id":"FSzSopQEWfo","views":539057},{"video_id":"RSD6NHTr6XQ","views":553427},{"video_id":"4bt-ZSvzQnU","views":812914},{"video_id":"59AXNtpMm04","views":812253},{"video_id":"1Ut17wx9s_k","views":687574},{"video_id":"lZjxvVBgfk8","views":998076},{"video_id":"NTyDzaEKXs8","views":969128},{"video_id":"1PjBSKGvr5g","views":1852339},{"video_id":"sv_0kbkbK0k","views":421415},{"video_id":"OcbRXx7lDrI","views":288694},{"video_id":"K6-Sm111NTM","views":737389},{"video_id":"oWxQBG9-AJs","views":901872},{"video_id":"l7VacL06GC8","views":1009378},{"video_id":"jF5U_TqhVQg","views":962567},{"video_id":"a3ZwjPFjovo","views":371155},{"video_id":"R8LWk9QN9tU","views":644156},{"video_id":"olouGtjIHoI","views":398563},{"video_id":"IZr4OMSHz58","views":1399076},{"video_id":"XO5hdh2qGlk","views":676545},{"video_id":"CjHexeS6BKs","views":297130},{"video_id":"19WQHjbN8rQ","views":1527458},{"video_id":"5pdbxaqHVB8","views":747241},{"video_id":"2eHxj4WyIhI","views":364867},{"video_id":"nyv8XP1nD7E","views":2149141},{"video_id":"nA9pWE_uvrA","views":2238343},{"video_id":"a5SggvDbbc4","views":439681},{"video_id":"NRSC1WtZ678","views":2363447},{"video_id":"7BNm9SmVjPg","views":2408090},{"video_id":"xEoXJ0krbbA","views":1794501},{"video_id":"9xdW4em3FTI","views":2221736},{"video_id":"EtcI-JjeHPs","views":2741253},{"video_id":"szZfT8UAW2g","views":652225},{"video_id":"8HTs79iVd9A","views":871438},{"video_id":"dJY7OhTndb0","views":1978500},{"video_id":"KOK-aqPykb4","views":1047032},{"video_id":"GojAy2fSJuY","views":724579},{"video_id":"7V8MMpeJuzE","views":1704246},{"video_id":"-UFO8higZdE","views":2018195},{"video_id":"V3AdoUXUJGA","views":1295223},{"video_id":"1UmJxbL8lFg","views":363316},{"video_id":"sxIVFbybk9A","views":2594935},{"video_id":"KVyohlXJans","views":1708963},{"video_id":"mmkGhrdlfw0","views":1555199},{"video_id":"iP1HZYDCN1s","views":1381212},{"video_id":"FHl18IVmZ2E","views":1078021},{"video_id":"0LQU-AmdRcA","views":438137},{"video_id":"sCOKzwu9vvk","views":2578940},{"video_id":"ywgBBNR9OMo","views":377417},{"video_id":"_smRgeSYres","views":630716},{"video_id":"_tqiBzkdsqE","views":2027872},{"video_id":"hGSIbCtDsNo","views":472209},{"video_id":"R-HRxzkL9H0","views":1958185},{"video_id":"5BZKBchoZ30","views":1736172},{"video_id":"6FYXWS2AFcM","views":251693},{"video_id":"r9kBJeq_Ixs","views":1000331},{"video_id":"q9wIJTGN64A","views":452061},{"video_id":"reY5VNR4b-Y","views":435349},{"video_id":"n5HV8l8dvWY","views":1501137},{"video_id":"UEQOhGf21Zc","views":866743},{"video_id":"suyGgHflqaw","views":309927},{"video_id":"279eLoYFGpA","views":833800},{"video_id":"hen_Mt2ogLY","views":1876368},{"video_id":"etHvp3_1LnU","views":513451},{"video_id":"ZGFbwB0A_8I","views":310018},{"video_id":"Lq7on1teg70","views":1955126},{"video_id":"KR8vKBRIKS4","views":294590},{"video_id":"wNb275Ev8dQ","views":966050},{"video_id":"Th8rBDgarTM","views":289570},{"video_id":"ryigjjA0xUc","views":1275012},{"video_id":"nKzlBnaf8Q0","views":943142},{"video_id":"l-5OoZJVbcs","views":380547},{"video_id":"ngFvvKQigfU","views":744812},{"video_id":"W4yOYsOW28M","views":1952816},{"video_id":"ziN7eUtSXB4","views":1141046},{"video_id":"L3uO_kyjMfE","views":332612},{"video_id":"4Bz-Y0QyRck","views":344286},{"video_id":"jUBT1bWAFTc","views":387384}]}
{"channel_name":"The Daily Show with Trevor Noah","end_date":"18.14.06","start_date":"17.15.11","total_views":86423342,"video_stats":[{"video_id":"F2MGNXj8HLo","views":1059267},{"video_id":"RqccSEEO-5M","views":1011849},{"video_id":"i02hFj5UZI4","views":798143},{"video_id":"gOkkrN3H8Nw","views":914521},{"video_id":"K56EfuG92Tc","views":469775},{"video_id":"VVchNC5MJjc","views":1003232},{"video_id":"g8Y6JhOVYqw","views":1109766},{"video_id":"CtSZLqdO-y4","views":777875},{"video_id":"dCctj8j7jFw","views":905596},{"video_id":"vv8yh7kJt1E","views":754161},{"video_id":"GJk45YEiXo0","views":549864},{"video_id":"2b36m9_QCIQ","views":1349550},{"video_id":"gLLi6tO60LM","views":813330},{"video_id":"h0ChlY8mR5k","views":908768},{"video_id":"FLFfy0pgBB0","views":770516},{"video_id":"9MbGPtX0ELQ","views":550799},{"video_id":"Ast3c14_i7c","views":850343},{"video_id":"bjKr2ltVKII","views":570390},{"video_id":"S8sxgXLguqI","views":320919},{"video_id":"pl8480DEOBk","views":185011},{"video_id":"JVMr2SSKW0w","views":144002},{"video_id":"2vqHMTEmRwE","views":512571},{"video_id":"4UWAM6mBJD0","views":765027},{"video_id":"My7e4qkIemQ","views":1380898},{"video_id":"EuNOaH0wq0k","views":339918},{"video_id":"FbkmSCwNZl8","views":718906},{"video_id":"OQkfDJ2zVNo","views":3493116},{"video_id":"d-b3FWwPb34","views":1269952},{"video_id":"wBEZiNtReFI","views":1079466},{"video_id":"3zDr04UIr8I","views":996313},{"video_id":"tmsC-7QwRjU","views":1064283},{"video_id":"ZVxUS_QtWXU","views":428398},{"video_id":"ouj8ULggR4k","views":546027},{"video_id":"kzY5Eah3DYM","views":816880},{"video_id":"ruXZGC0HJfc","views":925029},{"video_id":"d169_pZ-8C4","views":908255},{"video_id":"kzTcXZPItyo","views":529151},{"video_id":"CoTA2aqckNM","views":991382},{"video_id":"ZvkK8W03ymI","views":1571964},{"video_id":"i2CY8yTKlW8","views":552792},{"video_id":"qDyaspdzhXI","views":901147},{"video_id":"ekhFmdBld0E","views":202786},{"video_id":"isxrREkP44I","views":736683},{"video_id":"_E4cdaRu5y4","views":168892},{"video_id":"QFW6FeWdklU","views":957188},{"video_id":"KhGCV50-nrw","views":616556},{"video_id":"MKF2twerqvY","views":650342},{"video_id":"ZQcaYYHqrUY","views":759949},{"video_id":"TVT-5AuWYhY","views":1232714},{"video_id":"Q34E5ONJSbA","views":1103695},{"video_id":"-KB5QbOS4s4","views":425904},{"video_id":"G4up_3JhNIQ","views":237466},{"video_id":"enfELcLr4q0","views":1085344},{"video_id":"6BKZmH4y4GE","views":238373},{"video_id":"xpTOkPDdeao","views":900419},{"video_id":"YqxL04IvNrc","views":364723},{"video_id":"Kk0nD_n1nlE","views":1004076},{"video_id":"mNhTWFUmrLQ","views":1338592},{"video_id":"qO5edY-vaA8","views":1094328},{"video_id":"bkIYY3jy4Bo","views":975641},{"video_id":"Bx0mGCZvIX4","views":1450650},{"video_id":"YY6p8B4IR24","views":978296},{"video_id":"DnYP_6uWI5k","views":245799},{"video_id":"quas9q0sK5Q","views":362169},{"video_id":"IDFq6rVmkao","views":913447},{"video_id":"oWCrc3MwXPI","views":844156},{"video_id":"t7epj5tK54M","views":1020827},{"video_id":"WlHpv2YySAc","views":437400},{"video_id":"FgJU2mppHGU","views":594011},{"video_id":"Sqeh-ycjiFU","views":156883},{"video_id":"xMtW9AfPiyo","views":257435},{"video_id":"a7iRKgPBMzU","views":235465},{"video_id":"XCwTtAWPsVA","views":322695},{"video_id":"eQYHLQiI4T4","views":166550},{"video_id":"n6zLotxh5po","views":486668},{"video_id":"WFn55BBOFI0","views":1489032},{"video_id":"vA3DjgnXVuU","views":385372},{"video_id":"bv64-F5ror8","views":1568908},{"video_id":"1s-h-bx-cbY","views":1657668},{"video_id":"F-HTGrI-NXE","views":1100630},{"video_id":"mLdWLWvgl9Q","views":814322},{"video_id":"8NwNz72Gbw8","views":225667},{"video_id":"HdteSQzKE_4","views":203418},{"video_id":"ncJpPNQ-uZU","views":1044742},{"video_id":"kB8B1r52y2A","views":942994},{"video_id":"QtE0acRimSw","views":1640915},{"video_id":"mJQ0GgYZ-Dk","views":692888},{"video_id":"243wWj9haKQ","views":464825},{"video_id":"3fzppEqL_34","views":1175853},{"video_id":"iZAykpQWN_M","views":746018},{"video_id":"H4MR9QR1eAI","views":675087},{"video_id":"lY_-GF1ojss","views":201222},{"video_id":"BUAXK9gX_qk","views":261833},{"video_id":"3N_L9WdgSeQ","views":799619},{"video_id":"YjeHPAUZidI","views":679963},{"video_id":"3yKIcyxMLiU","views":628615},{"video_id":"5RuR-ms6Y5I","views":299719},{"video_id":"J3AoKXiiLag","views":686712},{"video_id":"ypzDLr8PwCw","views":1069524},{"video_id":"swKA0hAMufU","views":906283},{"video_id":"o7f1HVFpRPI","views":261433},{"video_id":"OU21H6-Y6Y8","views":348560},{"video_id":"in8DeVJjZxM","views":372720},{"video_id":"8rbE3RssSEY","views":354087},{"video_id":"dxVznIOyA1I","views":822691},{"video_id":"egKcskPZLUU","views":920847},{"video_id":"w5zvsnlyBeU","views":488098},{"video_id":"PhSn3tDIYZc","views":476263},{"video_id":"6EEvuMoGmOA","views":206149},{"video_id":"elr-tOT87Hw","views":698931},{"video_id":"UXOesknCZOs","views":661195},{"video_id":"VrDTzdGKHAs","views":232405},{"video_id":"cSmusC3VnHQ","views":1077065},{"video_id":"QSBoxW7Dc6Y","views":965795}]}
{"channel_name":"Söz Dizi","end_date":"18.12.06","start_date":"17.16.11","total_views":85986171,"video_stats":[{"video_id":"UhAKwwjn2f8","views":3221754},{"video_id":"0SjLM1SgCoY","views":755791},{"video_id":"zfIkOiUHsqY","views":2883781},{"video_id":"R0xYjqdSMwg","views":979393},{"video_id":"OMmoYmywSX4","views":307600},{"video_id":"UvjdPQs2kwU","views":1410983},{"video_id":"-cJa5f0U1TU","views":380143},{"video_id":"gW9xvZ_IyP0","views":2760081},{"video_id":"JaUrv2DJvKo","views":1612773},{"video_id":"3K_scrrRxME","views":528116},{"video_id":"fpp_e-qbToA","views":3352166},{"video_id":"HhgSJllgQdI","views":1348946},{"video_id":"49L0SbxttPg","views":568509},{"video_id":"7Y_P4KtuANM","views":277318},{"video_id":"d9oXoG0k-5c","views":742943},{"video_id":"BlIlML1Y8Og","views":802876},{"video_id":"4Y2bzhyqCY0","views":308409},{"video_id":"YscCLHZKx3Y","views":2102709},{"video_id":"BXWuMetiheA","views":581753},{"video_id":"O84W4Mllm9k","views":906950},{"video_id":"-3wISxkMA8c","views":259366},{"video_id":"mT9UpJ9vS-s","views":935341},{"video_id":"4fZQaXhsvLM","views":429032},{"video_id":"KpPMSHDglVg","views":2714511},{"video_id":"3OaJsy39ewg","views":287698},{"video_id":"dVA-2aXuFJo","views":305485},{"video_id":"jf2YM-D-WHU","views":2770372},{"video_id":"bLBM650ha9s","views":1047210},{"video_id":"NE8JyDthrQU","views":312046},{"video_id":"8LVF2TWES0c","views":2719359},{"video_id":"Emqrcu27HF8","views":447279},{"video_id":"AzxGW-FhvSQ","views":2751361},{"video_id":"NN2ZMYG-nqA","views":510718},{"video_id":"nWc583Vgg1s","views":1835734},{"video_id":"Rnk_pgTgtuE","views":118704},{"video_id":"MQPDgzg45Rg","views":152358},{"video_id":"Z27l3vyg_0Q","views":520030},{"video_id":"UMB9FncQWGs","views":2477979},{"video_id":"LOv74Ncfolk","views":1420926},{"video_id":"__oA3E0cYkY","views":667280},{"video_id":"EtKrQ2rptkk","views":2775143},{"video_id":"K7jBC93JcXg","views":879092},{"video_id":"Mn2RkMmOttU","views":480602},{"video_id":"B95ArLDR2MU","views":3050710},{"video_id":"jEexD7CR2Yk","views":486484},{"video_id":"NwGDvhdj7_k","views":2362502},{"video_id":"-xyY1VZf2gs","views":265204},{"video_id":"MSjQhaWlnHM","views":2715124},{"video_id":"JwRKWTSZQgY","views":664108},{"video_id":"JW0vW6idtGQ","views":437325},{"video_id":"TuE0DWT_C90","views":2892609},{"video_id":"evSfOassDBI","views":626263},{"video_id":"Wuxsytdh85g","views":2583832},{"video_id":"NKKPrHgLJuE","views":941106},{"video_id":"LtaIVfVaO7Q","views":855152},{"video_id":"dCIwep2bbo8","views":2373270},{"video_id":"R0GXusPBEgQ","views":1253879},{"video_id":"0tID4qgmils","views":2737943},{"video_id":"D8OQSNYM1Zo","views":454946},{"video_id":"ey3r8jOkr70","views":424048},{"video_id":"mQHczM8eBLU","views":861758},{"video_id":"jthJeHp8evw","views":344349},{"video_id":"FtVCjMAebq4","views":798518},{"video_id":"AcS2aoeSSKg","views":387564},{"video_id":"g707rqFzPdE","views":540690},{"video_id":"_Fsw-TSG9q0","views":482682},{"video_id":"DL_fmCSor-A","views":533469},{"video_id":"qdoTxkzAIm4","views":528000},{"video_id":"M6vg422ylpg","views":581329},{"video_id":"C_TW_T9pM7Q","views":898939},{"video_id":"crbTJKXbcUQ","views":1572239},{"video_id":"yMQ-zc4TzTM","views":681509}]}
{"channel_name":"Philip DeFranco","end_date":"18.13.06","start_date":"17.15.11","total_views":85119528,"video_stats":[{"video_id":"Ax1P5Q8Kr9g","views":971117},{"video_id":"BrsoYVSgYQs","views":892555},{"video_id":"OHOkdEBpwDc","views":890279},{"video_id":"BzEPpQKNod4","views":684622},{"video_id":"sQrtgYiW71o","views":1271547},{"video_id":"eL9RB_jG6SY","views":991776},{"video_id":"mbzXQK3Q860","views":1862809},{"video_id":"HopEHvZY-08","views":970666},{"video_id":"jXXJBMhBbTQ","views":874182},{"video_id":"D-_ojem1XQU","views":881802},{"video_id":"Mnere0s4dTw","views":972419},{"video_id":"DRn71PvaX_w","views":896596},{"video_id":"xX8OJLaGlgA","views":1087983},{"video_id":"ZAyvEft9MIs","views":2516253},{"video_id":"zViKDlOzK0s","views":1161355},{"video_id":"C-ePy-2WLfY","views":2048788},{"video_id":"W4DnmTEHQug","views":1913509},{"video_id":"c6Nx6nZTUgE","views":1734472},{"video_id":"-_fqzg8PNgY","views":1993989},{"video_id":"aqw1BxL2-Ik","views":1732526},{"video_id":"eXcwJ3EDahw","views":1668748},{"video_id":"UwItKU4CxMQ","views":1072982},{"video_id":"Df4mj8Weu4c","views":965846},{"video_id":"DH28TyyPoTg","views":1166784},{"video_id":"S2ybZK59uPg","views":1047058},{"video_id":"EU8iF-8zE-Q","views":1650686},{"video_id":"P3RYvmEmPo4","views":918785},{"video_id":"mANuub7Bnw0","views":928072},{"video_id":"95kU0jbB4e4","views":1025460},{"video_id":"AVGLZqWzigw","views":914464},{"video_id":"8tT3FhOA4-g","views":986787},{"video_id":"_nrSYQhRxmo","views":977896},{"video_id":"kuTxC9mIutM","views":892807},{"video_id":"dNY5YGRkNqs","views":1114647},{"video_id":"oYTl-Uxqubk","views":929103},{"video_id":"yHKfj9FdykI","views":923144},{"video_id":"5ntjrxNFgyI","views":1530881},{"video_id":"JvoCIahJZ6s","views":1088743},{"video_id":"8NDLpSUcV5E","views":1444840},{"video_id":"1KhsG2t6jvk","views":1072739},{"video_id":"F9sH-3AoF88","views":1421259},{"video_id":"C7xDzYnst34","views":1021990},{"video_id":"VO-mLV_2lgE","views":1103626},{"video_id":"htoGNwxGmO8","views":1044760},{"video_id":"s403m3x8zuM","views":801408},{"video_id":"LZ5S95GUtiI","views":1438968},{"video_id":"AXSoQ_UKWyg","views":939755},{"video_id":"odwfHu6MDuU","views":1554943},{"video_id":"--7vNbh4UNA","views":1082647},{"video_id":"4_jkeWgtZ18","views":890333},{"video_id":"v9GODjGXju0","views":933552},{"video_id":"_TkbmxuVtAk","views":952395},{"video_id":"hXKyEy8-1EE","views":1006767},{"video_id":"VRdxPJM_adk","views":931783},{"video_id":"F7AL8LR9BxY","views":1461942},{"video_id":"HbYhXMY3VV8","views":981062},{"video_id":"68FlVfm3wDc","views":911963},{"video_id":"veS1AePOYg0","views":848743},{"video_id":"5csoc55v2Ls","views":879356},{"video_id":"HH2bS7-9Nu4","views":1034413},{"video_id":"_yD3yLlHRr0","views":891237},{"video_id":"xHYnFJ3l5jw","views":1564476},{"video_id":"gIDht-wr3zc","views":857975},{"video_id":"iIWpwQBQnS0","views":1206016},{"video_id":"W2C2LHE0szI","views":828071},{"video_id":"Cve8GnSb6-Q","views":760253},{"video_id":"5dBzB3ssHaU","views":816853},{"video_id":"1MGNw-Y2QPk","views":937761},{"video_id":"ZJpKG9V2xds","views":815412},{"video_id":"QyHLk8H3qu8","views":1014994},{"video_id":"PlSwgM4PTNI","views":1073366},{"video_id":"datRG-RokSU","views":888859},{"video_id":"fSqxW9L-ZQM","views":789242},{"video_id":"wEly6oy3skY","views":1065249},{"video_id":"A3rwwoAR3z4","views":950154},{"video_id":"dhr9t_0ajRg","views":748228}]}
{"channel_name":"Late Night with Seth Meyers","end_date":"18.14.06","start_date":"17.15.11","total_views":83008995,"video_stats":[{"video_id":"gFbY974MF88","views":1503131},{"video_id":"5nEogChRGE8","views":1698875},{"video_id":"ssVrzoCgr_w","views":1458340},{"video_id":"Z__3FmBRumo","views":266734},{"video_id":"mewW_pRSgEc","views":1382432},{"video_id":"3ncMdLwPGMk","views":1534351},{"video_id":"zs34ko3ZF7s","views":1251642},{"video_id":"-9OfAHgdV8Y","views":745341},{"video_id":"ASXutG8RjrE","views":503960},{"video_id":"4WnizmrnJlk","views":2357601},{"video_id":"di3SMcIN_OU","views":1131524},{"video_id":"Quew8vpzUQk","views":719477},{"video_id":"tyhBmsLC-JY","views":1147171},{"video_id":"NyNQLRhsAsk","views":1508280},{"video_id":"9qmcyucT6y4","views":426299},{"video_id":"rCQtws0McQQ","views":483913},{"video_id":"5w3UxZbWe-M","views":1832360},{"video_id":"noUH5aYUBx4","views":2095564},{"video_id":"NEYtxauVqA4","views":1440514},{"video_id":"VhnE-f3nLt8","views":740233},{"video_id":"oqvGFqR2h4w","views":1182336},{"video_id":"VllA1V5M38E","views":1307027},{"video_id":"RolwE1lXOq8","views":1778328},{"video_id":"L51U-KIVay0","views":443062},{"video_id":"8KfxGwZo-kM","views":913496},{"video_id":"5JgguNlVzkc","views":1266895},{"video_id":"EfWGEgVuxck","views":820784},{"video_id":"is7F-n5xiXg","views":1249420},{"video_id":"8b6IQQMRYCA","views":1638491},{"video_id":"OWVTtuxW6Fg","views":1831761},{"video_id":"tpDK8yiwZNA","views":1325148},{"video_id":"H3mX88_tx3Q","views":1218516},{"video_id":"yN0DQFv_-vI","views":1630322},{"video_id":"AR160wbv9VM","views":401277},{"video_id":"YnvDkC4Myw0","views":1206342},{"video_id":"hFFn8K2O4po","views":439387},{"video_id":"0dLVivLINqw","views":1162758},{"video_id":"m6qubM54PtE","views":400039},{"video_id":"RKpjH-O8a6w","views":597705},{"video_id":"2c8h9-DR6xQ","views":1194462},{"video_id":"gagc6UL2Q-I","views":1262274},{"video_id":"qAmpg1WbOJ4","views":759642},{"video_id":"irw3YQxiUOs","views":1499055},{"video_id":"1lPvUKtHBJA","views":525765},{"video_id":"0FQfThSU11E","views":2106273},{"video_id":"p_vTyApRF-w","views":1264829},{"video_id":"M5mFxEFxWrM","views":1308615},{"video_id":"y-gd8x7BYTo","views":1344130},{"video_id":"r_fDZi2h64s","views":1529446},{"video_id":"OHl0VRRNxAE","views":1710905},{"video_id":"CU8qwXYH83c","views":738925},{"video_id":"t8yUKzMnlFU","views":1510586},{"video_id":"iaoD6pfFuTo","views":1375715},{"video_id":"EqqCOHifYTo","views":1495947},{"video_id":"LtvYXsuI0eU","views":461941},{"video_id":"f_EwmFh8cBE","views":473901},{"video_id":"8Vfora4WyPY","views":790077},{"video_id":"hrKUewEzOxM","views":657648},{"video_id":"LDs81lJTnTE","views":529362},{"video_id":"YnY_3V5K8bE","views":1885421},{"video_id":"SSG5zfzzZ9k","views":558017},{"video_id":"9TFMg_SSU6k","views":826145},{"video_id":"h0zMjd5ZAJ4","views":606807},{"video_id":"6vi6yQtntdE","views":1417055},{"video_id":"ucaBVcnEaUk","views":1384975},{"video_id":"WdFrQjwSSgg","views":418813},{"video_id":"8I9ueBdVtUk","views":1129302},{"video_id":"05U0AYfnWgI","views":1440582},{"video_id":"vuWcljJLFAQ","views":396593},{"video_id":"anpb109zS3U","views":448474},{"video_id":"U1MzkfRLveA","views":1226994},{"video_id":"7a6irhXRudo","views":1191149},{"video_id":"tJLtDRrimAs","views":1182368},{"video_id":"Nw-BMNnr1Ko","views":1315966}]}
{"channel_name":"TheEllenShow","end_date":"18.12.06","start_date":"17.16.11","total_views":80389044,"video_stats":[{"video_id":"8hKbIhrb1WU","views":1559003},{"video_id":"tETQaX2pIiE","views":1623989},{"video_id":"6NAISxSPVSQ","views":1512754},{"video_id":"IOuFE-6Awos","views":1548962},{"video_id":"jtVz0qxQM_U","views":774304},{"video_id":"OZqsFkJpvj0","views":1106283},{"video_id":"fHWaKx5MnNc","views":925938},{"video_id":"R4Fy9SPOWR0","views":282231},{"video_id":"s1yurGsRM_s","views":827474},{"video_id":"h_67XloYXTc","views":577476},{"video_id":"EAlQc84D9lU","views":2618284},{"video_id":"Pl9oc13p534","views":1556038},{"video_id":"6781x0TTSks","views":1311677},{"video_id":"BFZz8wHL2a4","views":1700526},{"video_id":"QVoleJYgdM8","views":1662533},{"video_id":"QytntXWJIe8","views":1315243},{"video_id":"Kvdiac_ydKA","views":553649},{"video_id":"yc0kcGgg3o0","views":2087032},{"video_id":"ipWfcK1HVdA","views":2515886},{"video_id":"5nItNLfdwe4","views":716504},{"video_id":"26GaanEOJ1I","views":1770997},{"video_id":"bPNi_492aEQ","views":2561527},{"video_id":"iebg2n3Q4Bo","views":912280},{"video_id":"ad_higXixRA","views":9369250},{"video_id":"hEXCdNnUErY","views":443007},{"video_id":"bTE_EEuVRe0","views":1554420},{"video_id":"mctn16hLzhg","views":3610620},{"video_id":"5SkwvwSydmk","views":508569},{"video_id":"ckS1F3mJzb0","views":3311448},{"video_id":"nkSmSXqx7pk","views":329925},{"video_id":"CW_UQL2gm7w","views":911394},{"video_id":"4csQhMHvQWk","views":490845},{"video_id":"n1huCzPjAfc","views":201092},{"video_id":"-wuvYC0x5lc","views":1542228},{"video_id":"J-7FkW1Cuic","views":1522683},{"video_id":"7Z7xbelZI_Y","views":4052349},{"video_id":"yc-iu4MjK1g","views":1852675},{"video_id":"589V8qqcJzk","views":747190},{"video_id":"pBn3o9HVLgg","views":488217},{"video_id":"5JYqTSSH6IA","views":907447},{"video_id":"2QMjAiy_2t8","views":1912737},{"video_id":"23ILq4uxd-w","views":1830427},{"video_id":"xIZYxqqpjJQ","views":1105839},{"video_id":"1RZYOeQeIXE","views":704786},{"video_id":"THCVReSmm90","views":1047886},{"video_id":"f_R9_xdhuNw","views":6540445},{"video_id":"a7JQzSn8Ptg","views":2193778},{"video_id":"ELZH3PD3Tlo","views":538260},{"video_id":"tC8qBodchlI","views":443819},{"video_id":"hKNRieaN0ZI","views":207118}]}
{"channel_name":"YouTube Spotlight","end_date":"17.09.12","start_date":"17.05.12","total_views":76114264,"video_stats":[{"video_id":"bCi6TzRoAHc","views":144795},{"video_id":"FlsCjmMhFmw","views":75969469}]}
{"channel_name":"Sen Anlat Karadeniz","end_date":"18.14.06","start_date":"18.26.01","total_views":73846490,"video_stats":[{"video_id":"7H4jvc3ERrc","views":807356},{"video_id":"eLn32Gp4nyg","views":1078522},{"video_id":"Jg_x1fbZtsY","views":3802391},{"video_id":"HMxDDF5GP-s","views":1505598},{"video_id":"8aoHiS-HyFw","views":4828869},{"video_id":"H47rS-FPGms","views":463228},{"video_id":"JU9blLfDPuo","views":4940879},{"video_id":"QXiGbUCiKdA","views":2842179},{"video_id":"gsmyNL_-lD0","views":794037},{"video_id":"yQt2hXGB1Uc","views":1988947},{"video_id":"oXT1SXqaWno","views":5203115},{"video_id":"RnVst5d5w80","views":3084559},{"video_id":"dnBze4SNwtI","views":1010683},{"video_id":"T2WB3DGJsz8","views":3509968},{"video_id":"QOZPZGjn3As","views":3099509},{"video_id":"1HgNReVRvzI","views":484958},{"video_id":"e32G4TA1yj4","views":2061245},{"video_id":"VVSDRN8Kh9s","views":370168},{"video_id":"cQLDCNzxGxQ","views":2411026},{"video_id":"zXEY8j9Z0oI","views":351865},{"video_id":"aSozR1GKefY","views":286800},{"video_id":"g1Vag7OgCXw","views":290793},{"video_id":"KtM2vZRvxnE","views":285237},{"video_id":"TPZpsYywLEE","views":2754947},{"video_id":"veM423POiU8","views":358617},{"video_id":"DkKwNB7oGjM","views":3452847},{"video_id":"GZUv8ivnv1E","views":1862320},{"video_id":"f332DVN3EoQ","views":377738},{"video_id":"p1xTuY7-Fw4","views":2219899},{"video_id":"5WeGNZgmIxA","views":438701},{"video_id":"mz5RgPjl2LE","views":2904844},{"video_id":"CWsPcytkQwU","views":2520381},{"video_id":"NhVKrJ3uTt8","views":429424},{"video_id":"NvNnRs__4hw","views":2017331},{"video_id":"KHyLRPII8ow","views":2045574},{"video_id":"qN62WVR4-r8","views":3174894},{"video_id":"oTkv1jJ7fkQ","views":710407},{"video_id":"8InIO2w8l6Y","views":2676039},{"video_id":"jCFH5UqMkfU","views":400595}]}
{"channel_name":"ChildishGambinoVEVO","end_date":"18.11.05","start_date":"18.11.05","total_views":73432600,"video_stats":[{"video_id":"VYOjWnS4cMY","views":73432600}]}
{"channel_name":"Sony Pictures Entertainment","end_date":"18.07.06","start_date":"18.06.01","total_views":72949069,"video_stats":[{"video_id":"ySy8mcceTno","views":4290425},{"video_id":"dzxFdtWmjto","views":8694299},{"video_id":"Ku52zNnft8k","views":4894041},{"video_id":"u9Mv98Gr5pY","views":49185287},{"video_id":"g4Hbz2jLxvQ","views":5885017}]}
{"channel_name":"T-Series","end_date":"18.11.06","start_date":"17.27.12","total_views":72169515,"video_stats":[{"video_id":"xWi8nDUjHGA","views":9678138},{"video_id":"0B7athiVJBA","views":11164916},{"video_id":"v7K4vGYL9zI","views":8649634},{"video_id":"9aoUpCXY7uk","views":3992213},{"video_id":"3h4thS-Hcrk","views":9087502},{"video_id":"q2gICJFG6uw","views":13517404},{"video_id":"kZUxD_pEqgg","views":4774119},{"video_id":"pnMQLrS5sTE","views":5295094},{"video_id":"64UX1npgRkI","views":6010495}]}
{"channel_name":"20th Century Fox","end_date":"18.12.05","start_date":"17.19.11","total_views":71154554,"video_stats":[{"video_id":"8-Cjsnq8kVU","views":9779219},{"video_id":"ykHeGtN4m94","views":1752831},{"video_id":"aj8mN_7Apcw","views":5224475},{"video_id":"E0cbWdlQg_8","views":2405786},{"video_id":"xZNBFcwd7zc","views":7540488},{"video_id":"D86RtevtfrA","views":25228211},{"video_id":"20bpjtCbCz0","views":9823890},{"video_id":"uxbQATBAXf8","views":9399654}]}
