{"channel_name":"ibighit","end_date":"18.02.06","start_date":"18.02.03","total_views":109187017,"video_stats":[{"video_id":"OK3GJ0WIQ8s","views":10695328},{"video_id":"kX0vO4vlJuU","views":7518990},{"video_id":"p8npDG2ulKQ","views":15875379},{"video_id":"2tDKp41nrw8","views":6416697},{"video_id":"7C2z4GqqS5E","views":62796390},{"video_id":"D_6QmL6rExk","views":5884233}]}
{"channel_name":"MLG Highlights","end_date":"18.04.06","start_date":"18.08.02","total_views":61199880,"video_stats":[{"video_id":"VAL1khzhGQw","views":2314506},{"video_id":"KTLNqkwWK7Q","views":1797679},{"video_id":"MTpGrsKEExU","views":3143036},{"video_id":"1nNx3RnVqig","views":1060625},{"video_id":"tihKvn6OiAo","views":1524976},{"video_id":"RORkfLdcD60","views":2377078},{"video_id":"BrFBZpCuIvg","views":556063},{"video_id":"fiEozcIg2eE","views":436572},{"video_id":"h3OaekVaTSM","views":993383},{"video_id":"pctB7_utsLM","views":2021494},{"video_id":"X1XiLoNI8C4","views":1790332},{"video_id":"iWnnupdzG5c","views":978361},{"video_id":"eunA-hiYqM8","views":481948},{"video_id":"mB7hkJ33044","views":1689482},{"video_id":"m1ayLiS05Mw","views":1565179},{"video_id":"RDLFB1R89IE","views":2827327},{"video_id":"pFlifPi46AY","views":2216186},{"video_id":"r8alXrRsUuY","views":968325},{"video_id":"obqj4wkwgv8","views":1307145},{"video_id":"9PgnBistWV4","views":850785},{"video_id":"IX5AS7zVvkw","views":786697},{"video_id":"Xj2vYAq-bwY","views":4510182},{"video_id":"SauIuZR5PZ8","views":2896142},{"video_id":"tqqGzn2YWX4","views":2975372},{"video_id":"BjkUhgiU7oo","views":3218760},{"video_id":"645i6asTfz4","views":3041434},{"video_id":"2rATfT60dM0","views":3246276},{"video_id":"eZSAIm_pzv4","views":1810294},{"video_id":"qdhtfwrRAkM","views":3274460},{"video_id":"uC0hb8jwPtA","views":317181},{"video_id":"mvulvk-bBx0","views":3325893},{"video_id":"h07P1J93Qt4","views":896707}]}
{"channel_name":"Marvel Entertainment","end_date":"18.02.05","start_date":"18.07.02","total_views":52503969,"video_stats":[{"video_id":"pVxOVlm_lE8","views":12908071},{"video_id":"QwievZ1Tx-8","views":30180849},{"video_id":"YZ1UN5gvLjQ","views":803175},{"video_id":"gbRijjvIeyk","views":754383},{"video_id":"UUkn-enk2RU","views":7857491}]}
{"channel_name":"Sony Pictures Entertainment","end_date":"18.07.06","start_date":"18.09.02","total_views":50612658,"video_stats":[{"video_id":"dzxFdtWmjto","views":5599238},{"video_id":"u9Mv98Gr5pY","views":39128403},{"video_id":"g4Hbz2jLxvQ","views":5885017}]}
{"channel_name":"PewDiePie","end_date":"18.13.06","start_date":"18.20.02","total_views":41993032,"video_stats":[{"video_id":"Jz50eTT6y8g","views":2404042},{"video_id":"hmRt1GgCqxg","views":3410406},{"video_id":"9AemOdm8LrU","views":2932977},{"video_id":"vkA1rFrNLWs","views":1844067},{"video_id":"Ifpq10K6zhs","views":2341198},{"video_id":"jvO1GDJXOgo","views":1622598},{"video_id":"3N3c3ZX6hoM","views":1969090},{"video_id":"eS4rlDJ1aVQ","views":2989709},{"video_id":"njF1S4oQbgs","views":3122058},{"video_id":"sqFVrfinlYk","views":2251352},{"video_id":"Q6M255BZ0HU","views":2300347},{"video_id":"bF_naHpa-T4","views":5021728},{"video_id":"w5gbHSfbiK4","views":2718593},{"video_id":"JcCNjk5aRMw","views":2067906},{"video_id":"iK7ROzfOW8k","views":2549922},{"video_id":"Q3L0gArhmaE","views":2447039}]}
{"channel_name":"The Late Show with Stephen Colbert","end_date":"18.06.06","start_date":"18.08.02","total_views":31857956,"video_stats":[{"video_id":"3Xn7nGqiJCU","views":957641},{"video_id":"eZhP62wZb08","views":870553},{"video_id":"5CuAwgdYnOA","views":693407},{"video_id":"btxciF35Qnk","views":1127610},{"video_id":"Uu9ox9CPpMg","views":1671163},{"video_id":"BiiuUzFQ2Bg","views":1728864},{"video_id":"CV39K_uHae8","views":1047456},{"video_id":"G6dIrs0RurA","views":1535127},{"video_id":"PpHEXUeXMxc","views":1037158},{"video_id":"hgqy3o6ec-8","views":1204601},{"video_id":"_dn_8RR3SyY","views":1053654},{"video_id":"K_yddF7QnfQ","views":1179896},{"video_id":"Adg-A5tY9lM","views":1426681},{"video_id":"o-nGPNn19vE","views":2282201},{"video_id":"lUxE9-GU08g","views":587392},{"video_id":"qZnge-xDI2o","views":1201552},{"video_id":"asud3udH6Hk","views":1802124},{"video_id":"0cwPGwVjAvw","views":873457},{"video_id":"i8gE20TW1n4","views":1996240},{"video_id":"O3tY_fE88Bg","views":1746958},{"video_id":"IDQ0f4n9aAo","views":1636969},{"video_id":"d_KFQCKkmgI","views":674929},{"video_id":"W16tAWU4hdM","views":1049923},{"video_id":"nlozE2m-NMc","views":2247877},{"video_id":"l5vcgT-Ud4c","views":224523}]}
{"channel_name":"LastWeekTonight","end_date":"18.12.06","start_date":"18.20.02","total_views":30591455,"video_stats":[{"video_id":"QCjk_NPsIqU","views":3063915},{"video_id":"LEcbagW4O-s","views":2898662},{"video_id":"g6iDZspbRMg","views":4258967},{"video_id":"rs2RlZQVXBU","views":2856358},{"video_id":"9fB0GBwJ2QA","views":2415722},{"video_id":"RKjk0ECXjiQ","views":2217638},{"video_id":"5xnZ_CeTqyM","views":2589048},{"video_id":"mXQuto1fMp4","views":3142665},{"video_id":"hWQiXv0sn9Y","views":2518743},{"video_id":"nG2pEffLEJo","views":2098624},{"video_id":"mOVPStnVgvU","views":2531113}]}
{"channel_name":"Sơn Tùng M-TP Official","end_date":"18.13.05","start_date":"18.03.05","total_views":30055685,"video_stats":[{"video_id":"GVKfMB-lxxM","views":1385509},{"video_id":"H3h5BjUpUvo","views":1199448},{"video_id":"32sYGCOYJUM","views":27470728}]}
{"channel_name":"水溜りボンド","end_date":"18.14.06","start_date":"18.10.02","total_views":29632884,"video_stats":[{"video_id":"yQ8WUlG377g","views":463321},{"video_id":"N-LunjCIAmk","views":922496},{"video_id":"PgBQA_hvNzg","views":599780},{"video_id":"nnlCkunz44Y","views":581093},{"video_id":"5342SoLffyI","views":732126},{"video_id":"wZXulXsIEzQ","views":1944147},{"video_id":"qRw3bwQEIH4","views":672187},{"video_id":"AGP4SK6Dtvg","views":1207614},{"video_id":"2Z6VKUtu_DE","views":622813},{"video_id":"XYo8CIbTWIM","views":1676215},{"video_id":"mzv5VJlpX4A","views":1375553},{"video_id":"BVTAKvEK6AY","views":1401945},{"video_id":"k5zPU247mDg","views":1163651},{"video_id":"FH3AxU7XW9I","views":1001608},{"video_id":"P2K_sx6QuXc","views":496146},{"video_id":"CrkxKg2At7s","views":719819},{"video_id":"lV5tL1qndDE","views":579273},{"video_id":"6AP6BUu-qiU","views":750956},{"video_id":"pRGd0oWqSkQ","views":884624},{"video_id":"8BVhPbOf1IY","views":671247},{"video_id":"q3U0Ld8NVp8","views":613034},{"video_id":"pIWctUjlt_U","views":812216},{"video_id":"3psRLYTeSQ8","views":666672},{"video_id":"TDSSPficKms","views":1648578},{"video_id":"Cnq86p5k-gQ","views":959630},{"video_id":"l_UAUSjZP9c","views":698364},{"video_id":"om-0ZLKZur8","views":1381558},{"video_id":"ft0LBdLAuKw","views":406226},{"video_id":"Q-WwKfHonZU","views":915080},{"video_id":"0Ubh9z086hE","views":637568},{"video_id":"8iJma3qxk0k","views":560791},{"video_id":"xJ2hO2QCwZg","views":470412},{"video_id":"6I4yiDSkN7E","views":854346},{"video_id":"dcp46u5Wwao","views":541795}]}
{"channel_name":"BuzzFeedVideo","end_date":"18.28.05","start_date":"18.19.03","total_views":25360261,"video_stats":[{"video_id":"dT5ALH3ICTc","views":2790741},{"video_id":"rdeQT7KkqM8","views":2251582},{"video_id":"bc5BnTYRgx8","views":2215998},{"video_id":"tqPub3p3k5E","views":2513879},{"video_id":"QpyHrQYeoIE","views":2306250},{"video_id":"IxD2NbXzgpQ","views":2663188},{"video_id":"x3zQELlrY6A","views":2481124},{"video_id":"3nPEkZv0-OU","views":2455496},{"video_id":"iN8zmmCRqUA","views":3920964},{"video_id":"VhI2EpAIcm4","views":1761039}]}
{"channel_name":"東海オンエア","end_date":"18.14.06","start_date":"18.10.02","total_views":25288834,"video_stats":[{"video_id":"W8vgIXxJRtc","views":778712},{"video_id":"JeQoTVdOkso","views":854950},{"video_id":"U8SLO8DXHy4","views":2353833},{"video_id":"cWLCnFmq5Jg","views":2382081},{"video_id":"KBlRG3F6APU","views":947237},{"video_id":"mNcvew4XdQI","views":1990196},{"video_id":"Sj6fmKUGUaw","views":1353949},{"video_id":"PSz4RfjjOKo","views":1265334},{"video_id":"sOomyWOtUAg","views":1416048},{"video_id":"6RoI9RVTbZI","views":1799235},{"video_id":"7SoPhzYdMFc","views":1633864},{"video_id":"24M_LvqDpp0","views":1923657},{"video_id":"g_yJhfCZHaE","views":1107714},{"video_id":"bOd5CeTbfQA","views":978295},{"video_id":"KPyqJxT9tio","views":2478823},{"video_id":"ndTVJ7b8W2s","views":958267},{"video_id":"qtNJwKXNyiI","views":1066639}]}
{"channel_name":"TaylorSwiftVEVO","end_date":"18.14.03","start_date":"18.14.03","total_views":24262331,"video_stats":[{"video_id":"tCXGJQYZ9JA","views":24262331}]}
{"channel_name":"Fischer's-フィッシャーズ-","end_date":"18.14.06","start_date":"18.10.02","total_views":23738369,"video_stats":[{"video_id":"ZTH24m5FGpA","views":1062516},{"video_id":"6VUlPQ0hrnY","views":2032799},{"video_id":"xEXjRycQKmw","views":2116151},{"video_id":"V0LZqaoeEu8","views":2305045},{"video_id":"yoifqJm8C8Q","views":2605510},{"video_id":"PbL4sfKB8GE","views":1560554},{"video_id":"MHpiuX7UKMY","views":2131807},{"video_id":"V7noTuehqy8","views":1634844},{"video_id":"lfCfbD9HBP4","views":1477752},{"video_id":"upEDdoizZNM","views":904941},{"video_id":"PP9yAIBDi-Y","views":1805420},{"video_id":"Unny65JUlmM","views":1493890},{"video_id":"7HS03IKCy7Q","views":1701860},{"video_id":"ldxwGf4Tgtc","views":905280}]}
{"channel_name":"Dude Perfect","end_date":"18.05.06","start_date":"18.20.02","total_views":21975892,"video_stats":[{"video_id":"qZHycHI3F1Q","views":4151801},{"video_id":"MuPL-PSMX0Q","views":4852889},{"video_id":"FepIkIILumA","views":5589612},{"video_id":"9m9oO84Q2fk","views":3553407},{"video_id":"v-dfygYIfLs","views":3828183}]}
{"channel_name":"SpaceX","end_date":"18.08.02","start_date":"18.07.02","total_views":21225252,"video_stats":[{"video_id":"aBr2kKAHN6M","views":6408303},{"video_id":"wbSwFU6tY1c","views":14816949}]}
{"channel_name":"Pilipinas Got Talent","end_date":"18.30.04","start_date":"18.12.02","total_views":20803728,"video_stats":[{"video_id":"ynJm_HQfyW4","views":878086},{"video_id":"rtsYstRPkGY","views":925978},{"video_id":"qaB7lOS1RWo","views":780057},{"video_id":"LNa84Dzz2Fs","views":571586},{"video_id":"I8T3UVWtfCM","views":753081},{"video_id":"jsNDO9nc_W4","views":759852},{"video_id":"X9ah6ruzKIk","views":2165224},{"video_id":"8sRu_Xg3laE","views":758809},{"video_id":"Xb6PWdHCkyc","views":490745},{"video_id":"LHlypWQe-Js","views":652739},{"video_id":"v0RwQi_Xfcw","views":964729},{"video_id":"j_CVMK7rUg8","views":1197005},{"video_id":"eatJ02t57EQ","views":1393447},{"video_id":"OjrijcVIGIk","views":3033583},{"video_id":"BfwJ8LxEUP0","views":837282},{"video_id":"31Y6JWB8KeM","views":569047},{"video_id":"ZabDhxj5ekc","views":467474},{"video_id":"HSW2Wq_uVg8","views":2582669},{"video_id":"0J0EtiDffcE","views":1022335}]}
{"channel_name":"GOLAZO TV","end_date":"18.08.06","start_date":"18.09.02","total_views":20149174,"video_stats":[{"video_id":"xmupkoVfUnQ","views":3077741},{"video_id":"e4VmGrGGPuU","views":1414634},{"video_id":"k7Dx7TAyix4","views":701641},{"video_id":"NOYhC4U8VDU","views":2822804},{"video_id":"fMU6ZvKT3X4","views":938284},{"video_id":"NAPkjd2iSls","views":2017658},{"video_id":"NonKN3YAMHE","views":1920130},{"video_id":"q38b1GHKpQw","views":1198069},{"video_id":"XV2g1zLnM5c","views":349221},{"video_id":"PuD4nFN91WM","views":3880517},{"video_id":"chA_rjl9LRo","views":1828475}]}
{"channel_name":"はじめしゃちょー（hajime）","end_date":"18.14.06","start_date":"18.11.02","total_views":19000810,"video_stats":[{"video_id":"G06gCDESJzk","views":930483},{"video_id":"79eyZQbHxvI","views":976139},{"video_id":"kWaSbC7oRiM","views":1770732},{"video_id":"FHWiS1wgm84","views":737510},{"video_id":"SEVsVOds8Jc","views":1440138},{"video_id":"pA7p19fc0h0","views":1317836},{"video_id":"yDidP4o_Wf0","views":728817},{"video_id":"ANRnm2XQaVA","views":914234},{"video_id":"Z4VkgKVqfmw","views":1053542},{"video_id":"N1MfROdWpZs","views":953549},{"video_id":"OQjBMQYB5sQ","views":983466},{"video_id":"BMOVDf7DOtQ","views":877534},{"video_id":"W0aNRc4_EwM","views":808938},{"video_id":"HnwyrgWGrBg","views":545897},{"video_id":"GW0evBeTFeM","views":2434088},{"video_id":"cPvRDJX1F84","views":1798876},{"video_id":"2QKpRdJs94w","views":729031}]}
{"channel_name":"TV Derana","end_date":"18.14.06","start_date":"18.10.02","total_views":18676671,"video_stats":[{"video_id":"G-lbFCPqSQg","views":294388},{"video_id":"WQ1w8mMflAk","views":302618},{"video_id":"FhhDuz3IpXk","views":294685},{"video_id":"0S83esTd-Pg","views":296830},{"video_id":"D0tPnQw7aPo","views":298234},{"video_id":"4iJB52MX3d8","views":306415},{"video_id":"64nlRycM4sM","views":322766},{"video_id":"8iTzf61aSbg","views":363001},{"video_id":"0n4It3J4vx8","views":327613},{"video_id":"o9bvQs04PZU","views":314272},{"video_id":"JjYSkTrTZls","views":326364},{"video_id":"KeB77zUElhc","views":331762},{"video_id":"63bdJ9U7qTo","views":313735},{"video_id":"tDm7hHUOQt4","views":320243},{"video_id":"UJjcZYB8on0","views":306716},{"video_id":"LapqmfFkkWA","views":325864},{"video_id":"AyczFSaoapo","views":301513},{"video_id":"3Fge0dJsL5E","views":305868},{"video_id":"Q3B27Fk5b24","views":291176},{"video_id":"kudU3Yg6u6I","views":294357},{"video_id":"gd_riOA4TcI","views":315716},{"video_id":"EXzn5LtNSX8","views":320380},{"video_id":"Sh-VLZvTRRw","views":291101},{"video_id":"GwgXf8gBSq0","views":300483},{"video_id":"_XOE61kFU8A","views":386434},{"video_id":"Row13z_oHs0","views":375164},{"video_id":"v8gYnSdZ07Y","views":334551},{"video_id":"4PVLJAdiaNA","views":321811},{"video_id":"gv6PhbLAPVM","views":264138},{"video_id":"BV8PdcmirAo","views":286703},{"video_id":"L94gGziIA5I","views":285573},{"video_id":"kcBEbhEskQA","views":295793},{"video_id":"KgDgNfpdaoY","views":279334},{"video_id":"dL8PBdfUqlw","views":320197},{"video_id":"Vifp_f7J0Fc","views":311018},{"video_id":"tzU9rj0pSGE","views":410794},{"video_id":"cnq7Ma7PpUc","views":429871},{"video_id":"VU6045scb8k","views":353047},{"video_id":"Z9wmhPLgBxM","views":332177},{"video_id":"e4qk3mFePo4","views":328361},{"video_id":"KPqghlyFrQA","views":350895},{"video_id":"wRg57rwj0K8","views":348427},{"video_id":"rucWeEnSWeQ","views":312310},{"video_id":"hWkFOXIMeSU","views":310440},{"video_id":"85VsNbU3FZE","views":290682},{"video_id":"Ltx3IniYjU0","views":279140},{"video_id":"oR1S-dpifRs","views":303810},{"video_id":"km3zPhBBrno","views":310675},{"video_id":"2W8olZ_Uapw","views":344362},{"video_id":"4R_KxwkDSYo","views":291332},{"video_id":"X4HNvHl_uVI","views":287202},{"video_id":"3zYHBD9WEcA","views":317018},{"video_id":"JBE8n_hQLmw","views":308373},{"video_id":"Q3cY3VlygSE","views":321961},{"video_id":"NVkb0GgCwEQ","views":325463},{"video_id":"n-8RR2NVT7Q","views":314104},{"video_id":"WMohUX1KUhU","views":302180},{"video_id":"txFqPH6myWg","views":289649},{"video_id":"axeM4B-mU5k","views":287582}]}
{"channel_name":"FoxStarHindi","end_date":"18.25.04","start_date":"18.25.04","total_views":18639195,"video_stats":[{"video_id":"rRr1qiJRsXk","views":18639195}]}
