{"channel_name":"T-Series","end_date":"18.11.06","start_date":"17.15.11","total_views":236550404,"video_stats":[{"video_id":"c64I9HNpiOY","views":11810521},{"video_id":"dZ0fwJojhrs","views":8063475},{"video_id":"M2q64UowX9g","views":6596028},{"video_id":"P8ZWk3S14ec","views":3846957},{"video_id":"xWi8nDUjHGA","views":9678138},{"video_id":"KjP7O26saoA","views":842192},{"video_id":"xvYBg6MWPbM","views":6091110},{"video_id":"-jDBj2UopXY","views":8151118},{"video_id":"0B7athiVJBA","views":16482187},{"video_id":"v7K4vGYL9zI","views":8649634},{"video_id":"ytsHyHD_vWs","views":1196094},{"video_id":"9aoUpCXY7uk","views":9643250},{"video_id":"3h4thS-Hcrk","views":9087502},{"video_id":"13z2kF6TiCc","views":6826314},{"video_id":"UCoogBnurWk","views":8160937},{"video_id":"cGoQZeATv5s","views":378522},{"video_id":"i8J0cR-PY9c","views":1933869},{"video_id":"Qvd43XKY-f0","views":9201883},{"video_id":"tFCoxg_XxHc","views":4897523},{"video_id":"q2gICJFG6uw","views":26709525},{"video_id":"LVAsRO4QxXU","views":4092480},{"video_id":"FsnYzwQm3gM","views":15484992},{"video_id":"-NIlDHUYiRw","views":2437182},{"video_id":"OX-h7MtkeOI","views":1655544},{"video_id":"AGlZv7cPlJc","views":849173},{"video_id":"g4HDfqEWf6Y","views":15871206},{"video_id":"aNwWdF8qq-M","views":17050925},{"video_id":"kZUxD_pEqgg","views":9556534},{"video_id":"pnMQLrS5sTE","views":5295094},{"video_id":"64UX1npgRkI","views":6010495}]}
{"channel_name":"PewDiePie","end_date":"18.14.06","start_date":"17.20.11","total_views":175077895,"video_stats":[{"video_id":"XlCHEONTqnc","views":2647746},{"video_id":"-KE8v44VS_k","views":2254977},{"video_id":"08XqNxVgfMU","views":2716883},{"video_id":"TsVpk00atGc","views":2504904},{"video_id":"w4AImq08j9o","views":8991293},{"video_id":"5ioOX-37Jko","views":1582168},{"video_id":"Ni9yip7Ev_w","views":2293916},{"video_id":"2EPi1R9oZIw","views":1931985},{"video_id":"AP1Scjdy_Kc","views":2026011},{"video_id":"U8LHgq3Jlnw","views":3941060},{"video_id":"CvyzBMTQa40","views":1688603},{"video_id":"s26JfwmlIKc","views":2933896},{"video_id":"EQ4NEBPU-Hw","views":1959696},{"video_id":"5atVDycaXWM","views":3715225},{"video_id":"PALcJ0HW1-I","views":7678343},{"video_id":"H34qrTkhFz0","views":2277099},{"video_id":"FA_c722AHF8","views":2005138},{"video_id":"RkvczNWh9ZM","views":4426071},{"video_id":"7qmSwj8Pwys","views":3954942},{"video_id":"Omwb2cpKP_Y","views":1792690},{"video_id":"_vvvSyBNiHc","views":5099409},{"video_id":"Vk8UEWHYfEg","views":1920497},{"video_id":"pHxlZ4dTXug","views":4668508},{"video_id":"yzshoDMBkqE","views":9198921},{"video_id":"4xTpw-05J0k","views":5538389},{"video_id":"Jz50eTT6y8g","views":4596335},{"video_id":"hmRt1GgCqxg","views":5275905},{"video_id":"9AemOdm8LrU","views":5610017},{"video_id":"vkA1rFrNLWs","views":2969787},{"video_id":"Ifpq10K6zhs","views":3598973},{"video_id":"jvO1GDJXOgo","views":5395975},{"video_id":"3N3c3ZX6hoM","views":1969090},{"video_id":"ea2FXcjk3Wo","views":3995861},{"video_id":"eS4rlDJ1aVQ","views":4628972},{"video_id":"njF1S4oQbgs","views":5078209},{"video_id":"tHmAPWOo2jY","views":767932},{"video_id":"XD0lxNiZ7mE","views":2723768},{"video_id":"sqFVrfinlYk","views":3727499},{"video_id":"0l35jAGQPOI","views":5590186},{"video_id":"Q6M255BZ0HU","views":5122572},{"video_id":"LHjji5bSkBQ","views":3674199},{"video_id":"bF_naHpa-T4","views":8197747},{"video_id":"uy6vFIxfsjg","views":2193221},{"video_id":"JUabUTqMgpM","views":3770017},{"video_id":"iK7ROzfOW8k","views":2549922},{"video_id":"Q3L0gArhmaE","views":3893338}]}
{"channel_name":"Marvel Entertainment","end_date":"18.02.05","start_date":"17.27.11","total_views":169302343,"video_stats":[{"video_id":"NDBwsMIXlMk","views":248455},{"video_id":"3VbHg5fqBYw","views":3111226},{"video_id":"6ZfuNTqbHE8","views":89930713},{"video_id":"PJBmeqpw3DY","views":2125207},{"video_id":"HnnRyhuX_jM","views":848764},{"video_id":"8_rTIAOohas","views":7109996},{"video_id":"pVxOVlm_lE8","views":8641831},{"video_id":"QwievZ1Tx-8","views":46707200},{"video_id":"iSZq3l-Fmbo","views":651006},{"video_id":"2wlYHYFNPtM","views":606502},{"video_id":"gbRijjvIeyk","views":754383},{"video_id":"-l7TOYJZBtI","views":709569},{"video_id":"UUkn-enk2RU","views":7857491}]}
{"channel_name":"ibighit","end_date":"18.03.06","start_date":"17.17.11","total_views":168300820,"video_stats":[{"video_id":"ixxR3ZoqnF0","views":3483755},{"video_id":"kTlv5_Bs8aw","views":27670973},{"video_id":"OK3GJ0WIQ8s","views":15777624},{"video_id":"kX0vO4vlJuU","views":7518990},{"video_id":"p8npDG2ulKQ","views":18574625},{"video_id":"2tDKp41nrw8","views":6416697},{"video_id":"7C2z4GqqS5E","views":80738011},{"video_id":"D_6QmL6rExk","views":8120145}]}
{"channel_name":"MLG Highlights","end_date":"18.11.06","start_date":"17.15.11","total_views":156499102,"video_stats":[{"video_id":"2CZXls3Yclo","views":2010343},{"video_id":"tO5eH6oRMfw","views":551409},{"video_id":"jKkOYEW7RvQ","views":685641},{"video_id":"X5sJ81nGZuc","views":1962534},{"video_id":"rWOllhAi_lY","views":1461658},{"video_id":"kj_INeVXuXU","views":211515},{"video_id":"jvaHa5m-V3Q","views":1670899},{"video_id":"FWPZzOlfkGI","views":498664},{"video_id":"HdrIShEM60Q","views":520378},{"video_id":"MdRkQ28Ktw4","views":1426035},{"video_id":"X4quXDeFyhk","views":1446819},{"video_id":"Ldin8eQDGFM","views":1437340},{"video_id":"sm9u0_9ejO0","views":1118920},{"video_id":"kPRWgbLhOsc","views":2006685},{"video_id":"Euy76qPpK7s","views":1801390},{"video_id":"Qa3sH2ipDKs","views":1048786},{"video_id":"6ybKFp09OwA","views":1760304},{"video_id":"ztAD4WpM3tQ","views":507588},{"video_id":"aZ2InouMlWg","views":327013},{"video_id":"4D2mz2saxus","views":1083694},{"video_id":"beF82S2S8Jg","views":611389},{"video_id":"4iA0SfNGaI0","views":1791550},{"video_id":"v6lRrXq6VBk","views":512662},{"video_id":"JhnoSfwGJBI","views":1543273},{"video_id":"z5wiZRlV9I4","views":2702889},{"video_id":"byukjr-MFP0","views":474111},{"video_id":"MhPdwzDKOb0","views":331592},{"video_id":"J8xfz8lCE7Y","views":254093},{"video_id":"X1rfgbHfPDc","views":247470},{"video_id":"1dCnGh603hc","views":1896728},{"video_id":"Rg-II_AAWqE","views":2130508},{"video_id":"hUZS6yW0fQk","views":760407},{"video_id":"rOGzfEBzokI","views":1628684},{"video_id":"qvHKVQtalas","views":1574416},{"video_id":"RdzJIkAmmQY","views":407452},{"video_id":"h14C_QOOEOE","views":2100285},{"video_id":"7ct1jrv-hhc","views":2320810},{"video_id":"23f1sWWxAns","views":1487176},{"video_id":"uXT5UDRS9-c","views":1419189},{"video_id":"_3YjO-M2puQ","views":257904},{"video_id":"OPdssn10jNs","views":452269},{"video_id":"ctamR6IIG_I","views":371030},{"video_id":"NtEbI3TBl8E","views":637889},{"video_id":"Uetr8cvF7VY","views":616489},{"video_id":"MTpGrsKEExU","views":3143036},{"video_id":"3FpAImI9sMQ","views":3111909},{"video_id":"Ocy24AQprYc","views":141011},{"video_id":"V5cOvyDpWfM","views":9994516},{"video_id":"KDke6ATQaOI","views":796256},{"video_id":"NdEBvZvd9Gs","views":949296},{"video_id":"QAaMCgrgE0s","views":1008771},{"video_id":"UMD9oulHf_g","views":469662},{"video_id":"tihKvn6OiAo","views":1524976},{"video_id":"9Jf0mPZlHT4","views":1969561},{"video_id":"eVBU4awUcQM","views":2559794},{"video_id":"DJEMETs3ZhY","views":555712},{"video_id":"h4fR-bgU5Cw","views":205621},{"video_id":"jbx2vlYh9FE","views":684533},{"video_id":"RORkfLdcD60","views":2377078},{"video_id":"VpH9zTqtbzY","views":677096},{"video_id":"_bQmgkmY-7g","views":1162089},{"video_id":"wltNrU_G3lQ","views":133873},{"video_id":"kprrgHECwcg","views":712597},{"video_id":"YVOSYuuJCSE","views":516369},{"video_id":"56b3ndjsQBk","views":1443752},{"video_id":"mTkmEw_4Drk","views":513065},{"video_id":"0vLCJyGKQx4","views":689117},{"video_id":"FxB_9JXjaQc","views":841445},{"video_id":"BrFBZpCuIvg","views":556063},{"video_id":"pnNFVjBEZy8","views":503138},{"video_id":"CTO6vB6yx6g","views":543695},{"video_id":"fiEozcIg2eE","views":436572},{"video_id":"h3OaekVaTSM","views":993383},{"video_id":"8e8FlXc1Vyk","views":344285},{"video_id":"iWnnupdzG5c","views":977019},{"video_id":"iM89vdPLbQs","views":1634519},{"video_id":"eunA-hiYqM8","views":481948},{"video_id":"mB7hkJ33044","views":1689482},{"video_id":"v89rPk9_Cok","views":453092},{"video_id":"RDLFB1R89IE","views":2827327},{"video_id":"-pN0xIE0A-Q","views":799711},{"video_id":"pFlifPi46AY","views":2216186},{"video_id":"7j47WabqzsI","views":669676},{"video_id":"r8alXrRsUuY","views":968325},{"video_id":"obqj4wkwgv8","views":2782899},{"video_id":"9PgnBistWV4","views":850785},{"video_id":"SpbMr7zc0xU","views":2652364},{"video_id":"IX5AS7zVvkw","views":1655552},{"video_id":"vug4bROR79I","views":2533705},{"video_id":"Xj2vYAq-bwY","views":4510182},{"video_id":"tqqGzn2YWX4","views":2975372},{"video_id":"AM2vj7kAwQk","views":3141625},{"video_id":"BjkUhgiU7oo","views":3218760},{"video_id":"645i6asTfz4","views":3041434},{"video_id":"2rATfT60dM0","views":3246276},{"video_id":"5is-bEioiMY","views":2863041},{"video_id":"KJAzQie7z58","views":2618513},{"video_id":"Ou5pbmIEzFI","views":3020870},{"video_id":"AUPeHXijgH8","views":2772379},{"video_id":"Jb8RX8b3b30","views":886669},{"video_id":"mvulvk-bBx0","views":3826283},{"video_id":"h07P1J93Qt4","views":896707},{"video_id":"C27hkQ5ARaY","views":3390198},{"video_id":"SUdL8JXn0pI","views":3272052}]}
{"channel_name":"Speed Records","end_date":"18.05.06","start_date":"17.14.11","total_views":147624433,"video_stats":[{"video_id":"7MxiQ4v0EnE","views":5718766},{"video_id":"cTRJYA6dibU","views":3164460},{"video_id":"jO5U167y9xU","views":821704},{"video_id":"HVJ-9T0eUEE","views":910398},{"video_id":"JbFNkF5mscM","views":759954},{"video_id":"ftlsZDqmZGo","views":4198594},{"video_id":"3qACNO8WWHc","views":1076087},{"video_id":"9ND-Kmd60t8","views":4550983},{"video_id":"Qu1KNkhXq8s","views":2933968},{"video_id":"Jtzn9OQ20Vk","views":694597},{"video_id":"RQaVzbxZqXY","views":8566331},{"video_id":"fhQaawlJPIo","views":1139234},{"video_id":"UumBg2myFrk","views":9743210},{"video_id":"4BTtD9Pcdd4","views":356951},{"video_id":"1xLvNRg01h8","views":1460595},{"video_id":"p4lh1h5hdFI","views":4830829},{"video_id":"HstnxSr7QX0","views":5308108},{"video_id":"J6MwAGArfZc","views":6504190},{"video_id":"l4XOm1iJuaM","views":9686585},{"video_id":"IwJ0xHIYsg4","views":857359},{"video_id":"n7YddfDo4N0","views":4870853},{"video_id":"ZhqZCMdvKyg","views":2770463},{"video_id":"8S79QKPHDpg","views":1886337},{"video_id":"uYmpUa38-Fk","views":7196335},{"video_id":"4M4R-dwnTQw","views":183110},{"video_id":"AubUZV8tWKk","views":3155413},{"video_id":"PPjJ_2d4k3A","views":899164},{"video_id":"HntiKIn-q54","views":768064},{"video_id":"FlOZtxoKR7U","views":794535},{"video_id":"pVtX74pi8ps","views":2139880},{"video_id":"YLOOdfifC3Q","views":713148},{"video_id":"sPK8bwoqJvI","views":2407295},{"video_id":"DMl1YJyqEdo","views":9515478},{"video_id":"8GOk8Ci3kn4","views":5810830},{"video_id":"ZtFjx3-gRkY","views":4542236},{"video_id":"LFSacMbImys","views":2046887},{"video_id":"_amE6pAAZHE","views":331157},{"video_id":"cyPyIj08drw","views":894791},{"video_id":"GvQCFW6vxiI","views":653467},{"video_id":"py2Z-UNKtes","views":5345795},{"video_id":"qFcCpM8tOnI","views":2494133},{"video_id":"LBouZZqO0mc","views":3877713},{"video_id":"e8XoJsBCi2k","views":8756061},{"video_id":"o39s-MNM2to","views":2288385}]}
{"channel_name":"The Late Show with Stephen Colbert","end_date":"18.14.06","start_date":"17.14.11","total_views":139516393,"video_stats":[{"video_id":"j1yVXcJxmSA","views":756959},{"video_id":"b-ShNqtj8Yw","views":1025278},{"video_id":"I1iSrCtZb7w","views":788000},{"video_id":"4zT9DsfIsP4","views":791834},{"video_id":"eOQpjvnm4ME","views":1291361},{"video_id":"jUiP543q35k","views":911828},{"video_id":"DpAFgTXDR9M","views":1018415},{"video_id":"B1XCBp5Qlec","views":927209},{"video_id":"-tS7Yecuqwo","views":942454},{"video_id":"N5TojV-qu9I","views":546622},{"video_id":"veVBbxZyzKU","views":2115548},{"video_id":"U-v6HDIdC94","views":974150},{"video_id":"czhSzmxN3WU","views":1946403},{"video_id":"Gp40Uztk3bg","views":2406040},{"video_id":"H9KDcSp6yyE","views":789959},{"video_id":"BeRttRXHJVM","views":1361548},{"video_id":"Le5kBwN6Vsg","views":1517027},{"video_id":"PsldHmrxEqw","views":1697140},{"video_id":"K674LKBUukk","views":2662052},{"video_id":"WtHJtXlJ868","views":266269},{"video_id":"jjCP_khIxLM","views":1099221},{"video_id":"RwMRkt770vc","views":1615659},{"video_id":"jUz_MRN-83E","views":2198337},{"video_id":"TgA2y-Bgi3c","views":1257354},{"video_id":"GpEuHHMy-Z8","views":1589297},{"video_id":"TvEpYnAo0Tc","views":2661642},{"video_id":"-PloVmHLh0E","views":817676},{"video_id":"nXgvW1pB8KI","views":1671864},{"video_id":"TXWkTc5_G4E","views":828023},{"video_id":"opmDMIg4Lvs","views":1628399},{"video_id":"gEX56vZPZFE","views":739169},{"video_id":"X44nWi6ahg4","views":784673},{"video_id":"xUIrq8ZNqSU","views":1052337},{"video_id":"Q646Qq2SxhI","views":624193},{"video_id":"q8XzWBadFiU","views":641684},{"video_id":"8mmEWomoev8","views":707447},{"video_id":"wtcBquWhjL0","views":1406507},{"video_id":"EsaHiIdsKpE","views":1130738},{"video_id":"ZzgNgMfpk-s","views":630898},{"video_id":"fXMh3VMC9CQ","views":905230},{"video_id":"jBUhd5Z9F_I","views":814081},{"video_id":"5bZ2yW9bDr4","views":1060809},{"video_id":"3Xn7nGqiJCU","views":957641},{"video_id":"Huab6p5HW0E","views":1781966},{"video_id":"5CuAwgdYnOA","views":693407},{"video_id":"4vQOD_FiCBM","views":895886},{"video_id":"Zb1ShTFP198","views":592790},{"video_id":"ivCYitolMGY","views":452584},{"video_id":"Oa0tSw2iV5o","views":194955},{"video_id":"btxciF35Qnk","views":1127610},{"video_id":"Uu9ox9CPpMg","views":1671163},{"video_id":"BiiuUzFQ2Bg","views":2642821},{"video_id":"CV39K_uHae8","views":1388800},{"video_id":"G6dIrs0RurA","views":1535127},{"video_id":"PpHEXUeXMxc","views":1287879},{"video_id":"JNnRbYj6Rnc","views":1445801},{"video_id":"fITP0H3OVA0","views":1963377},{"video_id":"-rDGamXVTRs","views":856469},{"video_id":"ASeDPHVHY78","views":1672290},{"video_id":"H2NHBjHNo_o","views":819951},{"video_id":"sU7HzBOCKbI","views":2032868},{"video_id":"02Q4RAS09Mg","views":1151534},{"video_id":"9JtYr0tiONc","views":963582},{"video_id":"ynNKe3wPqVE","views":354067},{"video_id":"_MeQz8OWXQ0","views":1491281},{"video_id":"QJgvhFKsouw","views":1241243},{"video_id":"zcQm-utrusw","views":1365985},{"video_id":"WtqFjTLB8es","views":292626},{"video_id":"K_yddF7QnfQ","views":1179896},{"video_id":"SGcf28JmJMo","views":1175010},{"video_id":"06tb-P7Ijgo","views":1740760},{"video_id":"tQR5G3kvfNQ","views":994501},{"video_id":"NzxNSF_yS0A","views":1082138},{"video_id":"EuaK4wPMIP8","views":788304},{"video_id":"Adg-A5tY9lM","views":1426681},{"video_id":"o-nGPNn19vE","views":2667847},{"video_id":"qZnge-xDI2o","views":1201552},{"video_id":"eTMQAKK1tNI","views":873798},{"video_id":"asud3udH6Hk","views":1802124},{"video_id":"0cwPGwVjAvw","views":873457},{"video_id":"4swif8r4z3Q","views":1491799},{"video_id":"7LnZEmi6KXA","views":2695387},{"video_id":"veVTSPvthY0","views":1273356},{"video_id":"i8gE20TW1n4","views":1996240},{"video_id":"W6E_Pjayhl8","views":1170258},{"video_id":"vLNXXNCAHY4","views":1436649},{"video_id":"ymQAkH7B43Q","views":2726797},{"video_id":"O3tY_fE88Bg","views":1746958},{"video_id":"IDQ0f4n9aAo","views":1636531},{"video_id":"d_KFQCKkmgI","views":674929},{"video_id":"2-e3RYWr758","views":1134018},{"video_id":"v8HYfvD9ErU","views":927325},{"video_id":"W16tAWU4hdM","views":1049923},{"video_id":"nlozE2m-NMc","views":3306528},{"video_id":"4o0cU2-IlCE","views":1733476},{"video_id":"UUrddqT9i_s","views":1811885},{"video_id":"hndSZXjmJmA","views":1139756},{"video_id":"55oRa7u3dGo","views":735182},{"video_id":"iPWIULW-joE","views":1291052},{"video_id":"wx_UwEtPegs","views":961385},{"video_id":"CYh_0QYQ-CE","views":2002355},{"video_id":"2kxeAg1Ydi0","views":1475929},{"video_id":"r5N1OFwqFKU","views":1160753},{"video_id":"-bEQKyyZQmM","views":1480064},{"video_id":"G36BAjlL3pw","views":2090150},{"video_id":"DDZIG9bE_CQ","views":1503865},{"video_id":"UVxE_MM94tA","views":1582738}]}
{"channel_name":"5-Minute Crafts","end_date":"18.11.06","start_date":"17.17.11","total_views":135185390,"video_stats":[{"video_id":"1SiKopOt-QM","views":5277237},{"video_id":"0Fo5rISAJAw","views":897452},{"video_id":"v7wTWuaHG58","views":1043214},{"video_id":"Xm992Jwxn8Q","views":2521991},{"video_id":"sB_--dhnx7s","views":2571994},{"video_id":"_9YMpuLDnwo","views":6315549},{"video_id":"Hu2kmL86K9k","views":1862879},{"video_id":"GjDK_6NtYGQ","views":5338010},{"video_id":"CcdgO10VbcQ","views":4128228},{"video_id":"uMvdDQi9NOQ","views":2371739},{"video_id":"QDkI8YZouc8","views":3643836},{"video_id":"WOgPy-OxhNE","views":1741236},{"video_id":"AdZpDrdIEU0","views":5057200},{"video_id":"tIe6c8n8xVc","views":1472636},{"video_id":"i0eUspkTuYc","views":611317},{"video_id":"F9jMHZHXIu0","views":911252},{"video_id":"3SIsA96P1zA","views":1667057},{"video_id":"2_wrY5hVlA4","views":1282803},{"video_id":"TtLv2thtu2s","views":2890038},{"video_id":"fLO3JfrJ7cM","views":3444570},{"video_id":"ai0_hAYmSzY","views":3444570},{"video_id":"-P4gQ2iPDFM","views":707898},{"video_id":"0WUSUUM3eck","views":801061},{"video_id":"i31kP_hMGDc","views":1127557},{"video_id":"8GWI--fsj_o","views":2084873},{"video_id":"TPUssJ75Bek","views":1677149},{"video_id":"wJs0yai2t-w","views":1796997},{"video_id":"3mrev4uOh-0","views":1342583},{"video_id":"oGyboe1YzWc","views":771341},{"video_id":"DdIs03ufvxk","views":4289651},{"video_id":"aLDjHS1HKpw","views":2175382},{"video_id":"fYybt6w1IUw","views":1022511},{"video_id":"thQyg1i5kI0","views":3769407},{"video_id":"gwuBdcx-b64","views":1630340},{"video_id":"wiDdIq4UPIM","views":3433047},{"video_id":"PSQAW9zXPpA","views":2165799},{"video_id":"ZAfh6okEgUM","views":2484656},{"video_id":"R2YVa4Nirsc","views":2373383},{"video_id":"w6HNZpaYXtM","views":4089541},{"video_id":"P9IyhwSBqVU","views":1545912},{"video_id":"_uSbEKDaqkg","views":2504906},{"video_id":"5vfQJrkREsY","views":1164238},{"video_id":"ajJC_TQvDig","views":1138338},{"video_id":"vwTPlIGfoIY","views":5580658},{"video_id":"vD7bmadZb24","views":1441125},{"video_id":"QADvOpwK2Mk","views":1360726},{"video_id":"9mwNVKxKu5k","views":1326581},{"video_id":"DA_S-OBJvQ8","views":2119311},{"video_id":"WJ_9PSzvroo","views":2275485},{"video_id":"L75Y1UT4Tgc","views":1300526},{"video_id":"D1WWGHcJfyA","views":3350183},{"video_id":"Dsvs0JUVKk8","views":1064047},{"video_id":"PhbI79irrxg","views":1754969},{"video_id":"D5f1WGMQ7Ks","views":5412459},{"video_id":"4MjERKVBs1Q","views":1725426},{"video_id":"HSWuA2tSVZk","views":3882516}]}
{"channel_name":"TheEllenShow","end_date":"18.14.06","start_date":"17.15.11","total_views":120785453,"video_stats":[{"video_id":"Rl6pkKsIxBE","views":347848},{"video_id":"8hKbIhrb1WU","views":3058843},{"video_id":"P1zo1tGll2k","views":803919},{"video_id":"UzJFrC2Te90","views":458593},{"video_id":"6NAISxSPVSQ","views":1002132},{"video_id":"-4sU_AhRPY0","views":2202412},{"video_id":"IOuFE-6Awos","views":2283291},{"video_id":"we2XODhx-CM","views":264975},{"video_id":"OZqsFkJpvj0","views":409767},{"video_id":"AtbyHpFeVDI","views":132458},{"video_id":"fHWaKx5MnNc","views":987847},{"video_id":"bye513KciIk","views":563127},{"video_id":"ZnQGzfrEpsc","views":719962},{"video_id":"s1yurGsRM_s","views":827474},{"video_id":"h_67XloYXTc","views":579499},{"video_id":"WY_l86QcMmA","views":101844},{"video_id":"n11raFYFfm4","views":186023},{"video_id":"lsyXtbi9znw","views":439440},{"video_id":"EAlQc84D9lU","views":2618284},{"video_id":"VA__sb8ZFh8","views":2176483},{"video_id":"Pl9oc13p534","views":1856287},{"video_id":"mQdBJGlnQYs","views":1131991},{"video_id":"6781x0TTSks","views":2643362},{"video_id":"BFZz8wHL2a4","views":1700526},{"video_id":"QVoleJYgdM8","views":2074499},{"video_id":"nZm19foYg5g","views":143492},{"video_id":"ldErRt9WS_A","views":499511},{"video_id":"QytntXWJIe8","views":1315243},{"video_id":"Kvdiac_ydKA","views":953364},{"video_id":"yc0kcGgg3o0","views":2087032},{"video_id":"ipWfcK1HVdA","views":2908064},{"video_id":"BubFE0CYMYg","views":590868},{"video_id":"5nItNLfdwe4","views":913342},{"video_id":"26GaanEOJ1I","views":3521011},{"video_id":"VfYJEnKry5w","views":75537},{"video_id":"hojp2B2dgC0","views":984912},{"video_id":"cvQrxwp3QCk","views":232556},{"video_id":"bPNi_492aEQ","views":3271231},{"video_id":"iebg2n3Q4Bo","views":912280},{"video_id":"ad_higXixRA","views":9369250},{"video_id":"SoR6WzvBo3o","views":317898},{"video_id":"bTE_EEuVRe0","views":2337779},{"video_id":"GbrueARGMhE","views":613269},{"video_id":"mctn16hLzhg","views":4272946},{"video_id":"5SkwvwSydmk","views":508569},{"video_id":"ckS1F3mJzb0","views":3311448},{"video_id":"YiEFcURJ67U","views":335192},{"video_id":"nkSmSXqx7pk","views":329925},{"video_id":"43hsIO_Jxtg","views":945936},{"video_id":"4csQhMHvQWk","views":936298},{"video_id":"JrmxD9UxY0E","views":815034},{"video_id":"DjEYuhGGsf4","views":112426},{"video_id":"-wuvYC0x5lc","views":864148},{"video_id":"SmlhE0vTRds","views":191443},{"video_id":"1XKSo2mFC6c","views":9982401},{"video_id":"J-7FkW1Cuic","views":827210},{"video_id":"7Z7xbelZI_Y","views":5299882},{"video_id":"yc-iu4MjK1g","views":3719408},{"video_id":"pBn3o9HVLgg","views":488217},{"video_id":"5JYqTSSH6IA","views":907447},{"video_id":"9PT8a9stP54","views":1620564},{"video_id":"23ILq4uxd-w","views":1830427},{"video_id":"efNXlVeeLIw","views":787340},{"video_id":"xIZYxqqpjJQ","views":1801207},{"video_id":"l1ZawWcya0Q","views":1081664},{"video_id":"1RZYOeQeIXE","views":704786},{"video_id":"THCVReSmm90","views":1047886},{"video_id":"f_R9_xdhuNw","views":8707646},{"video_id":"M9-pSLZwpmg","views":295733},{"video_id":"3SqtO2VXsPI","views":430591},{"video_id":"a7JQzSn8Ptg","views":2911773},{"video_id":"TY3cHmoQGdc","views":56313},{"video_id":"cRv5vTX5RJc","views":764887},{"video_id":"-0CMnp02rNY","views":219401},{"video_id":"zGtUuXyD2pk","views":730743},{"video_id":"bNJOpnztYgg","views":156531},{"video_id":"tC8qBodchlI","views":443819},{"video_id":"y4TAuIuC2Gg","views":1940386},{"video_id":"hKNRieaN0ZI","views":788301}]}
{"channel_name":"WWE","end_date":"18.14.06","start_date":"17.15.11","total_views":112355871,"video_stats":[{"video_id":"oP-6Z1RlaIc","views":2455165},{"video_id":"Ehke7aPI9l0","views":4799436},{"video_id":"LDVXOo_HXKU","views":1188326},{"video_id":"v-cXArR7of8","views":614817},{"video_id":"tEA_n4mmBok","views":2641858},{"video_id":"KVJLID7awYM","views":1209323},{"video_id":"blgS56pESPk","views":1525550},{"video_id":"VqfbYBzToFM","views":175826},{"video_id":"c8bkGdeqwWw","views":884215},{"video_id":"aqj7Uvi9jK8","views":899815},{"video_id":"q-jZm-FUbqs","views":1354133},{"video_id":"v5A_dLZkCk4","views":529332},{"video_id":"XWvhubdMsNY","views":2210506},{"video_id":"SG5al5UTolU","views":1367546},{"video_id":"Z90T9riY8Xs","views":1993340},{"video_id":"gQqi_Vm1oqU","views":882311},{"video_id":"sBsaLHgBmYk","views":462977},{"video_id":"pf5YPloinZ0","views":382142},{"video_id":"-Pl-TSs97J4","views":418316},{"video_id":"zDz9s2AOTVE","views":3208825},{"video_id":"h-n1PZmNvrQ","views":329333},{"video_id":"1JHY490K_A8","views":623562},{"video_id":"EQvdKS-QX_E","views":742624},{"video_id":"GvYr8H4eUDI","views":1231688},{"video_id":"S84rdyr9MLI","views":426545},{"video_id":"ULRV66m5jCQ","views":367170},{"video_id":"clQGvMBNmqs","views":831353},{"video_id":"VvjjGtSDDo4","views":882950},{"video_id":"y7fNOjHDdpU","views":2038143},{"video_id":"XP1PDe1QLJA","views":763384},{"video_id":"j1oVt2DZG0s","views":704491},{"video_id":"t6jLE2PIOYU","views":3306032},{"video_id":"IBVo8dfqTBc","views":7735840},{"video_id":"C9EOcTRCVk8","views":620923},{"video_id":"ih9nzZtYn4g","views":180131},{"video_id":"aXPCtdRxnGY","views":261637},{"video_id":"xqFKpjrSZeE","views":290741},{"video_id":"f-xe1qxhcUI","views":2112381},{"video_id":"xcuVh80dPqo","views":1882951},{"video_id":"Tw3iDWpEJkE","views":301434},{"video_id":"cFeDbPWPyJM","views":1067402},{"video_id":"UsciN7COX1g","views":2788033},{"video_id":"T2aJzwAeA9Y","views":2950929},{"video_id":"7Jz8wZbXuDA","views":3657611},{"video_id":"krGrMPMcLFs","views":527770},{"video_id":"xZktj8xfcaY","views":472728},{"video_id":"FVe1otlBNf8","views":975738},{"video_id":"FFsp5b4AUTE","views":1520473},{"video_id":"9MdmHb5r4NM","views":5694412},{"video_id":"jhEBBGOD7es","views":1625310},{"video_id":"S-IxZMzg6XY","views":1066785},{"video_id":"aVuzDN95L3k","views":2910482},{"video_id":"GBTV5ekQwWw","views":4114697},{"video_id":"4z4vCx_6xlg","views":955241},{"video_id":"e7E7Jj1yLuA","views":563675},{"video_id":"3xB5S96HkUw","views":948470},{"video_id":"4UB9tyqGmsQ","views":985235},{"video_id":"MhZ7Zepw3Gg","views":824762},{"video_id":"4kN-FlYp5rE","views":2662391},{"video_id":"5R2ZZ-t8XS0","views":999410},{"video_id":"rKfRfrmukN8","views":1938197},{"video_id":"IP4hs_wq5yE","views":2750165},{"video_id":"v0xBdIyNijk","views":662264},{"video_id":"ryEcqzBnQgw","views":710487},{"video_id":"F3kwHeMe4t4","views":525517},{"video_id":"E9pIhue2lSU","views":649142},{"video_id":"gf7FV1i7lb8","views":2275449},{"video_id":"p20vjER9UnE","views":945489},{"video_id":"AQPX4pzm0Q4","views":305166},{"video_id":"cEKikoN5NW0","views":403208},{"video_id":"d0NNTQLLVQY","views":2197850},{"video_id":"RoWQ6vKpOng","views":457580},{"video_id":"1DwEaKDqXE4","views":988808},{"video_id":"xQCRomDiVm4","views":88724},{"video_id":"s3Je36HIO80","views":629299},{"video_id":"sTAIvHEvd48","views":3512787},{"video_id":"WjORQit3eNk","views":1167113}]}
{"channel_name":"Dude Perfect","end_date":"18.06.06","start_date":"17.22.11","total_views":109228573,"video_stats":[{"video_id":"VJwoSfTOhyM","views":8839267},{"video_id":"-RmUADCWI4A","views":9828746},{"video_id":"ycVc1jsaAA0","views":9387347},{"video_id":"9oyKePWRi8Y","views":7448921},{"video_id":"g1QONg2b2JQ","views":5657263},{"video_id":"VRJmcxCrAOA","views":4234615},{"video_id":"WpqUOW19aJQ","views":9651434},{"video_id":"qZHycHI3F1Q","views":4151801},{"video_id":"MuPL-PSMX0Q","views":4852889},{"video_id":"Wh1L0rOaa88","views":8050783},{"video_id":"S9KxqRUcnCU","views":5022004},{"video_id":"Hk5dxn5dj2M","views":8593086},{"video_id":"FepIkIILumA","views":5589612},{"video_id":"9m9oO84Q2fk","views":8523528},{"video_id":"v-dfygYIfLs","views":9397277}]}
{"channel_name":"BuzzFeedVideo","end_date":"18.14.06","start_date":"17.15.11","total_views":99804181,"video_stats":[{"video_id":"V4Uuxg6jmbo","views":4200230},{"video_id":"FGAfZ-PTaNU","views":2915115},{"video_id":"-oDJLzyBYFo","views":175116},{"video_id":"Go1AFS65c8I","views":305455},{"video_id":"cFvL4HLV1vw","views":886127},{"video_id":"h8hMvvP_Bdo","views":414428},{"video_id":"rzPSqNkl8H8","views":1594589},{"video_id":"Y9v-aOWd460","views":722093},{"video_id":"c4eJVbLfh4w","views":954327},{"video_id":"KNCpnxz6Hzc","views":1077659},{"video_id":"4mYcJaIOe7s","views":1958213},{"video_id":"ItJkf5V4psw","views":530168},{"video_id":"1TNgF7RDK-c","views":207350},{"video_id":"B3JFSL8AA70","views":713615},{"video_id":"Z8G8PbdNreE","views":408665},{"video_id":"PVr1BbsOwmQ","views":415959},{"video_id":"fjSKDTLPmE8","views":716750},{"video_id":"1nEU4SiLN7o","views":959235},{"video_id":"TYcEf6liwsc","views":931841},{"video_id":"DkttwnW7RAg","views":220719},{"video_id":"b7R9aIq2wYM","views":340899},{"video_id":"UE17xaIfr-A","views":606382},{"video_id":"NwxdGrpXtu8","views":554984},{"video_id":"0ykek5OuPww","views":478852},{"video_id":"J4SVo5AC_9A","views":551759},{"video_id":"PZaUqlLi2WY","views":584723},{"video_id":"paJD4r31rB0","views":773227},{"video_id":"bqIjtmtNVWc","views":400612},{"video_id":"C7v5co-HwvM","views":941345},{"video_id":"7minlULFaFI","views":670683},{"video_id":"se9E-qvPJSg","views":3355416},{"video_id":"ZzGqFF1IXgc","views":979826},{"video_id":"7BlT28Tl_VI","views":271374},{"video_id":"ZaZSQat6SYs","views":370607},{"video_id":"ZoVNAlV4bhM","views":671488},{"video_id":"x0UdHAuW_Oc","views":570498},{"video_id":"XkHkeyhFqSU","views":654573},{"video_id":"EUPlbO3Ub2I","views":583184},{"video_id":"B82029-9A1M","views":223871},{"video_id":"9GY3HUurl48","views":352486},{"video_id":"-6rP8FO_Vwc","views":544748},{"video_id":"AxJ1YGnc1nY","views":205678},{"video_id":"ZPgh9uKSva8","views":505974},{"video_id":"AhRWyFQdNho","views":924351},{"video_id":"zUrib9ZbraY","views":1737821},{"video_id":"DDJ_7EcCgbE","views":339768},{"video_id":"qVt831N3q4o","views":435188},{"video_id":"dT5ALH3ICTc","views":6379759},{"video_id":"MXoW1aU40EA","views":246038},{"video_id":"pGaC-SYXInU","views":228759},{"video_id":"rdeQT7KkqM8","views":4740173},{"video_id":"gAH6AXi4TtU","views":351527},{"video_id":"bc5BnTYRgx8","views":4489200},{"video_id":"Qxs8fauXxLk","views":320238},{"video_id":"tqPub3p3k5E","views":4126732},{"video_id":"cQ54GDm1eL0","views":2961991},{"video_id":"QpyHrQYeoIE","views":4203581},{"video_id":"903QDFbbeww","views":688120},{"video_id":"IxD2NbXzgpQ","views":4159337},{"video_id":"x4kxbHIzuWM","views":708973},{"video_id":"x3zQELlrY6A","views":5089431},{"video_id":"3nPEkZv0-OU","views":4898538},{"video_id":"iN8zmmCRqUA","views":8118796},{"video_id":"NtmvX1T4cU0","views":369038},{"video_id":"VhI2EpAIcm4","views":4162077},{"video_id":"Rux4d-32fUQ","views":857201},{"video_id":"NLVQ2qTFFxA","views":3364283},{"video_id":"Gi56dSh8Fq8","views":402418}]}
{"channel_name":"Troom Troom","end_date":"18.14.06","start_date":"17.16.11","total_views":99461726,"video_stats":[{"video_id":"U3xLOo-CNwo","views":4031523},{"video_id":"WZlcTAKA2-E","views":695263},{"video_id":"sJuomOEUvDU","views":1311107},{"video_id":"Ks3OUSc40TQ","views":589520},{"video_id":"yNupppmdRVo","views":1352003},{"video_id":"OzUXJXeHzSk","views":604840},{"video_id":"MwyxKUsQSOc","views":370337},{"video_id":"lLouMAqOSR8","views":694808},{"video_id":"bvhBIsmzhwE","views":9869675},{"video_id":"gL-gKloypnI","views":575253},{"video_id":"fj99wU_xsC4","views":1215256},{"video_id":"U_lYmW3KDFo","views":974802},{"video_id":"TqoeZccmxtQ","views":594194},{"video_id":"Bbot9-r1_sk","views":1307061},{"video_id":"I37Aa8AAXXQ","views":5217373},{"video_id":"xF99M6Zilac","views":4907380},{"video_id":"Ye4z35i1b2Q","views":3257549},{"video_id":"Rv0gFHM4yDY","views":1690118},{"video_id":"_g3CYTjLmS4","views":691034},{"video_id":"JVkmrPbjxcU","views":673896},{"video_id":"g95EtDLSK3I","views":647989},{"video_id":"ew0GKRBzFWc","views":907671},{"video_id":"h3aGMCgtT3s","views":731180},{"video_id":"5JaMqRu9ItQ","views":630683},{"video_id":"3DvCd1SERoU","views":787889},{"video_id":"Zf3sV_iM8Hw","views":779223},{"video_id":"5lgxy7qYx2E","views":709441},{"video_id":"lUvdhttpaWA","views":467604},{"video_id":"8nqnu5E_y58","views":482601},{"video_id":"rDHODD2x3zE","views":4048460},{"video_id":"B1Iv5lRnOSA","views":847347},{"video_id":"HQu8yBRX8QU","views":1033619},{"video_id":"ndGRpZ7c49A","views":886257},{"video_id":"XS6WAJLeYww","views":1534863},{"video_id":"xGoVSqojGq0","views":851349},{"video_id":"fZmtdMiD_c4","views":756650},{"video_id":"UwH743ficgM","views":749169},{"video_id":"SuUZftW4SFc","views":856118},{"video_id":"nm-iunlHHQg","views":786883},{"video_id":"1P2Ihk16s_I","views":1839966},{"video_id":"Iq_MgclrgzY","views":2905776},{"video_id":"A3U8O8Yg76g","views":766089},{"video_id":"pLIRpF5ZC4w","views":1446591},{"video_id":"ocRMfJrDRFg","views":762614},{"video_id":"tM-5hUMkXFU","views":669716},{"video_id":"FwBHy9h2iPk","views":957817},{"video_id":"23bqSayhGgA","views":2172956},{"video_id":"Lb7eCca1iAo","views":723344},{"video_id":"M_KmEWGMLsY","views":665986},{"video_id":"yHIpYDPbOho","views":891697},{"video_id":"o_QR7ptPuP8","views":812088},{"video_id":"3-IEuxIRl5s","views":597953},{"video_id":"uz7DycAvLtU","views":791720},{"video_id":"ZfUyn42jeqk","views":975552},{"video_id":"3MU9h5wCLSI","views":591579},{"video_id":"r1l3cYVRlnc","views":1225982},{"video_id":"Lkn1Op_Mwow","views":884765},{"video_id":"jcSkWjhgg70","views":499232},{"video_id":"3ddhLvin3oo","views":3898265},{"video_id":"o46dpa3NPzc","views":2054436},{"video_id":"KYLRBbSXmBM","views":670381},{"video_id":"E4vGp7DV2QM","views":617494},{"video_id":"xNp5yIGHD2g","views":655098},{"video_id":"33eOAeFXL6k","views":1622456},{"video_id":"hOoqzQm_c5I","views":5909685},{"video_id":"S6OAoRLOIdY","views":3145891},{"video_id":"AX_oTMHOb-E","views":834769},{"video_id":"Ns_rMDF1ENQ","views":753840}]}
{"channel_name":"ChildishGambinoVEVO","end_date":"18.13.05","start_date":"18.13.05","total_views":98938809,"video_stats":[{"video_id":"VYOjWnS4cMY","views":98938809}]}
{"channel_name":"VikatanTV","end_date":"18.14.06","start_date":"17.14.11","total_views":98868482,"video_stats":[{"video_id":"1kuJkA9usqg","views":387221},{"video_id":"AlrbKKGIcjI","views":591632},{"video_id":"7xQ6WkiNCvk","views":564551},{"video_id":"5EBDXsTkg1E","views":416189},{"video_id":"dZZMNEMQNUQ","views":413234},{"video_id":"3pHQgAxT0nQ","views":575451},{"video_id":"M8WDB3mKmHg","views":619941},{"video_id":"bMIDH-bKAv4","views":428452},{"video_id":"pCzEhJPg3pU","views":621739},{"video_id":"4b07d_ihmB0","views":620555},{"video_id":"wJTU0l_bq-8","views":599897},{"video_id":"HoFEa5Lbnu0","views":816868},{"video_id":"URRpbARFaIk","views":590171},{"video_id":"NqWCE1izfz8","views":587317},{"video_id":"gE5Fi2HugwA","views":532585},{"video_id":"6QyAOfalGQ4","views":655281},{"video_id":"_dM2H0tef4s","views":499889},{"video_id":"eUyb51fxFw4","views":949459},{"video_id":"UQfLhQTa3l4","views":505184},{"video_id":"1FCUwGm804M","views":772368},{"video_id":"paO6roPFK9M","views":457974},{"video_id":"rlZ-9V_Ia4U","views":487745},{"video_id":"RFgzVKoam68","views":631793},{"video_id":"kXjeAqydmtk","views":796126},{"video_id":"_Hi7gwON6IY","views":538005},{"video_id":"miD3ujpqYTk","views":609769},{"video_id":"syiEqRf0Xp8","views":584519},{"video_id":"-LMkB1Jq95g","views":610214},{"video_id":"ZsGsHYct-vk","views":801918},{"video_id":"UEHYecUnsK4","views":473018},{"video_id":"5JFp4aeJW9Y","views":498516},{"video_id":"fN491KqvtP0","views":624054},{"video_id":"loalT6LxCIQ","views":516318},{"video_id":"mU2yb76829Q","views":769673},{"video_id":"WV-IXl_fUxQ","views":814172},{"video_id":"BgXOoWQY-MU","views":748860},{"video_id":"pRN2VS7gyj0","views":769772},{"video_id":"d1ms0PHfBVc","views":802497},{"video_id":"pCMEIlEA5Js","views":858137},{"video_id":"VxZgNqL0niU","views":834132},{"video_id":"sGIgbvXRHb8","views":888367},{"video_id":"j-ivAyqJh0Y","views":951618},{"video_id":"jK7AeiPS0-0","views":834868},{"video_id":"m4NHqy3KP0w","views":459538},{"video_id":"jQkZRWoE-wM","views":810207},{"video_id":"uLVck0MVPlk","views":672071},{"video_id":"oY52Mp2Hb6Y","views":803264},{"video_id":"yD-baFKSIOs","views":1081065},{"video_id":"uMJiVqREr_M","views":704527},{"video_id":"xK81LJ6wzvU","views":757370},{"video_id":"Kp4sOVy3DMs","views":676340},{"video_id":"MaYwIdpuPRg","views":648043},{"video_id":"_d4YwsF008M","views":703289},{"video_id":"IFqsPoEyvxc","views":643400},{"video_id":"yFt6wpGd7PM","views":735851},{"video_id":"-_QVCgZtWHU","views":829846},{"video_id":"6K6yLHau48k","views":812462},{"video_id":"ck47IYhCVjc","views":767416},{"video_id":"VvDtU_9VGvE","views":1004054},{"video_id":"KTc7nOTPd44","views":893757},{"video_id":"8C8IFR53tts","views":696743},{"video_id":"OKPBS2hN9G0","views":646494},{"video_id":"JM2ssSyX7Eg","views":669443},{"video_id":"QH6Lb9KTs70","views":373261},{"video_id":"lUjEM-vKNRk","views":371297},{"video_id":"sARscbQ1RhQ","views":644278},{"video_id":"eTZma84oOCU","views":312974},{"video_id":"LRfveNMtcB8","views":660588},{"video_id":"468Rqf1KvsU","views":514028},{"video_id":"0bNU_vv6mJA","views":997580},{"video_id":"_aG5UXUByn8","views":985324},{"video_id":"Qagp3T1bOFY","views":476767},{"video_id":"KYcUPk3boYY","views":1991963},{"video_id":"g3H6M02-uRQ","views":424725},{"video_id":"AI9RVl7JDMI","views":383702},{"video_id":"ek656N8hqDQ","views":253049},{"video_id":"UFQOGSp58b8","views":543420},{"video_id":"dXt20Kuy84c","views":459358},{"video_id":"RlWE8WQluvU","views":739416},{"video_id":"00ZQtTRtyhA","views":463434},{"video_id":"fCbYMa_a85E","views":491985},{"video_id":"KXzgdavpg10","views":619364},{"video_id":"n3raQ-mZu-Q","views":555732},{"video_id":"TRPwZ3C1B9Q","views":576992},{"video_id":"rrbHID-DwO0","views":781601},{"video_id":"3bygpPwiGuA","views":439729},{"video_id":"Kam3xozMyqs","views":789985},{"video_id":"qBCfEdcGSTU","views":523702},{"video_id":"pAQhexhPoj4","views":622125},{"video_id":"Fi9j_dtPU2M","views":937232},{"video_id":"8yOApYi-wmk","views":561924},{"video_id":"MJnlLFRbBaQ","views":559366},{"video_id":"ibZesz1ZPkQ","views":571962},{"video_id":"la16Q2S8Gcg","views":549462},{"video_id":"ZOh1iyHBTQw","views":545664},{"video_id":"ZSnVjIUqwSg","views":841815},{"video_id":"LHN_0NO9vhA","views":537419},{"video_id":"3PmSjJY0T5w","views":609553},{"video_id":"Dpk_EbOlOFU","views":869645},{"video_id":"J5HT7ER4w_Q","views":572615},{"video_id":"ij22wwVWras","views":601437},{"video_id":"NBnT2ZqaY5c","views":607842},{"video_id":"siEQ5N3qRyo","views":528095},{"video_id":"mmEvQNZsOs0","views":555221},{"video_id":"Fr2GksNWdX8","views":830130},{"video_id":"sD0XjmXZ_ZM","views":509464},{"video_id":"CI2zVegJBWA","views":621962},{"video_id":"U2ZLv2LXKPI","views":629302},{"video_id":"nh_eZnSZCLw","views":753010},{"video_id":"qSKvRDz9iG4","views":704106},{"video_id":"hpEjxsHT0Zo","views":791758},{"video_id":"iXTFY80QexE","views":556142},{"video_id":"6qLUFxwwErw","views":470910},{"video_id":"trIECHv2fNE","views":542624},{"video_id":"o2pPZCjUc9A","views":469096},{"video_id":"wz8n7C3-1UI","views":506154},{"video_id":"CSsnZJ1En7U","views":492465},{"video_id":"ccSbPSJwsCM","views":488234},{"video_id":"LwdPfLYQTZY","views":580733},{"video_id":"XbNu0Y-62Zg","views":537143},{"video_id":"mSnGDYVVOgg","views":490555},{"video_id":"_yf4la-ddmc","views":519405},{"video_id":"zhIg2ou0W_M","views":481341},{"video_id":"moASLrr62EQ","views":456025},{"video_id":"HWDELTsAZOg","views":414137},{"video_id":"EWKh5wkFzHw","views":384466},{"video_id":"SsZtA9pOB4g","views":500022},{"video_id":"Oc-WHctTBMc","views":469688},{"video_id":"nLhjbuHonSE","views":431551},{"video_id":"Ze79TNTf-Dk","views":493519},{"video_id":"nB3HAxCS3A4","views":492290},{"video_id":"J-tcQFTdHmI","views":459270},{"video_id":"BPGspKxSMGY","views":555922},{"video_id":"a--IRRuuwbE","views":514098},{"video_id":"Hpm8O--mNTc","views":604388},{"video_id":"9FaxMOL7lO4","views":449197},{"video_id":"3pg9pUSIKtM","views":660161},{"video_id":"yOHtg7u-sAc","views":554967},{"video_id":"VtV4nNeZlO4","views":783125},{"video_id":"Tn7JdGq53kg","views":764262},{"video_id":"QrTAA6hCkrc","views":595204},{"video_id":"YwE7Jlo-_iY","views":520417},{"video_id":"KZK21zOnpos","views":455540},{"video_id":"dvha0v56J1Y","views":504526},{"video_id":"cIYLwrEESKg","views":601943},{"video_id":"Aa0pMMyBVLs","views":601501},{"video_id":"RU17DroYhaw","views":476105},{"video_id":"lv2HF8TerCM","views":602783},{"video_id":"KuWnanSN_AI","views":601909},{"video_id":"dx3LwmYTols","views":510532},{"video_id":"00uHMkOzsyo","views":503232},{"video_id":"7635XrLD3mM","views":498922},{"video_id":"7ZSRN8jRrOA","views":750394},{"video_id":"d_Cz3cTSxGI","views":664658},{"video_id":"OmIYyeSg3v4","views":628962},{"video_id":"R_5YBLuXAuU","views":565220},{"video_id":"2XEWN0CFghA","views":613807},{"video_id":"G7dUVIij4AA","views":565091},{"video_id":"tR5FZC2FP-U","views":535254}]}
{"channel_name":"Unbox Therapy","end_date":"18.14.06","start_date":"17.14.11","total_views":97798884,"video_stats":[{"video_id":"3t2jdkDBfPc","views":2742984},{"video_id":"0VNjuoiAEd0","views":1663206},{"video_id":"2oGjBA0OcO8","views":1279800},{"video_id":"0KcvQpRdCzQ","views":986574},{"video_id":"Rh_iWXRxIY4","views":556363},{"video_id":"HkdoOyIRCj4","views":966732},{"video_id":"QcKUNTb-kzw","views":436195},{"video_id":"Th46VEQte0c","views":710403},{"video_id":"2fGXDFiFBhg","views":4697856},{"video_id":"OGfOmbzinc0","views":737050},{"video_id":"yyi1WYMvvHs","views":888850},{"video_id":"pfMfW_6aaPE","views":951207},{"video_id":"rKh6N79h-MQ","views":671043},{"video_id":"k9dsVWmEZn4","views":710180},{"video_id":"d-JrEX-mB-8","views":930133},{"video_id":"KvrffRnxD6k","views":2091696},{"video_id":"qXTwf2qKJsA","views":2485103},{"video_id":"bfArLcysAIc","views":866623},{"video_id":"65U9iYYMLjc","views":919312},{"video_id":"UiaqBdzCcBA","views":1165499},{"video_id":"aarsyus_dP0","views":1988758},{"video_id":"46qTg3swoEo","views":851330},{"video_id":"SSzyGCjH88o","views":932715},{"video_id":"DCK-h-xXk3k","views":768342},{"video_id":"Hi2tjMLVpdQ","views":1124458},{"video_id":"hNrSNrEVpkQ","views":1014468},{"video_id":"SKd4xML-fV4","views":1779521},{"video_id":"OKAU1Xx59ho","views":1846341},{"video_id":"8Np9Kk82-zA","views":764020},{"video_id":"1xgbmrsgrq4","views":793324},{"video_id":"SXyObZahu-o","views":480991},{"video_id":"YsWIHhKmmvY","views":607822},{"video_id":"foTr-nfrvTI","views":1837686},{"video_id":"14pYNywLqDs","views":882457},{"video_id":"lGkrhR2mfl8","views":1592701},{"video_id":"YkGAg9WmYBs","views":890461},{"video_id":"6N5V_7_n1uI","views":903671},{"video_id":"IDuEc9MGfJk","views":1059547},{"video_id":"ZxOmJfCEgoc","views":1034137},{"video_id":"HUE9mCN7sek","views":892893},{"video_id":"V2fw7u1epLg","views":1199142},{"video_id":"ZOFoPTAqZlQ","views":1968594},{"video_id":"A9YcrloL3oE","views":3406316},{"video_id":"g30Rhk82rmg","views":2207287},{"video_id":"lViakh9YI6Y","views":829786},{"video_id":"uxLOfjaWRvw","views":939344},{"video_id":"aubTgsFC4Fo","views":996261},{"video_id":"q9J66YOpSqE","views":949272},{"video_id":"Pvakr7s7qc0","views":2831297},{"video_id":"BNnFgT_CAEE","views":1825051},{"video_id":"jAq9RV3k9Qc","views":1817221},{"video_id":"AzHqv4wXghI","views":703522},{"video_id":"SMLgNZYW3XE","views":875191},{"video_id":"JUi3psxB3QA","views":1334580},{"video_id":"8g-VjqONplA","views":1844814},{"video_id":"8q1VGptW_oA","views":623924},{"video_id":"o6T9mUq9Vgo","views":977085},{"video_id":"8x7UtZKwfHA","views":2585045},{"video_id":"1kllbOrLfoo","views":974269},{"video_id":"sYvH7Y16iUM","views":3682919},{"video_id":"SIR67et5tcs","views":822180},{"video_id":"r-3iathMo7o","views":5317116},{"video_id":"6sqfiBoksqw","views":1832555},{"video_id":"qkNlfMC1lzE","views":1146262},{"video_id":"D_Iei8Ge7bs","views":1492862},{"video_id":"ZyWX6CjJCIU","views":4138484},{"video_id":"4ntayig5JD8","views":1025326},{"video_id":"U-9tUEOFKNU","views":950727}]}
{"channel_name":"The Tonight Show Starring Jimmy Fallon","end_date":"18.14.06","start_date":"17.19.11","total_views":96660849,"video_stats":[{"video_id":"gjXrm2Q-te4","views":2742344},{"video_id":"tr7I4vokl78","views":418595},{"video_id":"pMSiunfo5IE","views":205878},{"video_id":"89PKbJ2NAqc","views":2053175},{"video_id":"LqdXPg4ANWE","views":582180},{"video_id":"xHljr_VuTJQ","views":967380},{"video_id":"5LlLKk0ZQoU","views":175660},{"video_id":"WWTFvAXQ0Bw","views":209665},{"video_id":"7Nv1KoqM6vc","views":2872226},{"video_id":"JQWpA-9kmJQ","views":752047},{"video_id":"UmnWk-Sa5n8","views":759466},{"video_id":"BeLQb91_hG4","views":135064},{"video_id":"-R1fL7rkIZY","views":375122},{"video_id":"EajOkkJ80uc","views":576991},{"video_id":"azVAxbETWmk","views":1926113},{"video_id":"8LPVjHxXvJM","views":8132960},{"video_id":"mRo6MnXObuE","views":953710},{"video_id":"hcCCe_R8e9U","views":2068116},{"video_id":"aPrpWFl2eik","views":499527},{"video_id":"tUg-WLRdRv0","views":381361},{"video_id":"P6K9Y6FWo74","views":784803},{"video_id":"QsSxRElRe1I","views":1487803},{"video_id":"Uki1czS3tRg","views":1371437},{"video_id":"NkgW3SLLZgU","views":878157},{"video_id":"7b3II_N32Pk","views":1010703},{"video_id":"UJtVhPkIE28","views":688122},{"video_id":"MjSZs_uOWxg","views":1034175},{"video_id":"FPHrWxxw9Is","views":175400},{"video_id":"HHZ1D94GWHY","views":329020},{"video_id":"nE_TyW-7F4Q","views":3165639},{"video_id":"xfFVuXN0FSI","views":414686},{"video_id":"af6L1jBZGYA","views":905931},{"video_id":"lFFDINZNYSE","views":387428},{"video_id":"Ox-DSihhpBM","views":283899},{"video_id":"yzJtC835sio","views":613036},{"video_id":"expKmfdoo28","views":688306},{"video_id":"rYjTkiZ_2R0","views":636134},{"video_id":"Qx54quy9tDQ","views":5270624},{"video_id":"IJlXXvSFyUU","views":327912},{"video_id":"aGl-1nwahCA","views":3832847},{"video_id":"HED-xHoZ3W0","views":202426},{"video_id":"ebHbB2eDz1g","views":176990},{"video_id":"af_MSwMi0vQ","views":114224},{"video_id":"XAcjj16GMR4","views":786869},{"video_id":"XKrV_JqZX1Q","views":557639},{"video_id":"kD-_iyS95AQ","views":4719135},{"video_id":"AvTLlhV4fvs","views":156687},{"video_id":"54z8jWNM0bE","views":1893241},{"video_id":"7SAisWFutbw","views":1966578},{"video_id":"aiw3QftXOJc","views":3681355},{"video_id":"rrOJH3PrdNg","views":145367},{"video_id":"lq0WUudJiSM","views":612091},{"video_id":"hzb_NfYZxeI","views":765513},{"video_id":"VVoePRCvENk","views":798129},{"video_id":"82QbMrg2HoI","views":2421066},{"video_id":"L3ymBk6Vb04","views":6893619},{"video_id":"56khVC3LL7g","views":200559},{"video_id":"NaY91YjVbEM","views":9407979},{"video_id":"m0_A6KtjgnI","views":482011},{"video_id":"fgHVaGmU2F8","views":156441},{"video_id":"R9YYmoJjBxI","views":2368523},{"video_id":"v1tYwe42zIY","views":181556},{"video_id":"m6lY1GXTu5M","views":2015271},{"video_id":"2c9fXDI2EYE","views":1123139},{"video_id":"zbGSbZXzvqw","views":696593},{"video_id":"e9NOwaiXqqA","views":730961},{"video_id":"8kQDAbE7Gx8","views":473986},{"video_id":"kATuE1S5qk0","views":644853},{"video_id":"KC3MutXeqHc","views":188146},{"video_id":"SE_mRXZUy5E","views":294943},{"video_id":"0hQnX_StoDA","views":284356},{"video_id":"C9MNRXEw1qs","views":446961}]}
{"channel_name":"GOLAZO TV","end_date":"18.11.06","start_date":"17.16.11","total_views":96606675,"video_stats":[{"video_id":"EnBfzD0HhtM","views":2333278},{"video_id":"NTPAau4KNPQ","views":1875142},{"video_id":"pC9dViGfJ2Q","views":2304099},{"video_id":"sPQ-7mdeuHY","views":1407953},{"video_id":"iiOzcMQiDZs","views":999860},{"video_id":"EIdzdUZuL-E","views":1733060},{"video_id":"rJ6SyvwnPd0","views":1576014},{"video_id":"R9_hKhf0TDo","views":2005172},{"video_id":"EDBikEAtrwI","views":788997},{"video_id":"28Jgz9Sc-S4","views":954654},{"video_id":"8gOdVsbfjW4","views":1553964},{"video_id":"5JjPfpSrtvY","views":3817620},{"video_id":"6jetElIwt-w","views":2410559},{"video_id":"z_rHZI7AIUo","views":3077931},{"video_id":"DvDty9y-8Gc","views":2452830},{"video_id":"-aFZP64c180","views":3709089},{"video_id":"UyDZofuB0zk","views":2503420},{"video_id":"aaVPh1Qr_t4","views":2586322},{"video_id":"qt13pXFT4tg","views":2426665},{"video_id":"Tg9OdmUD9cE","views":1391260},{"video_id":"U6b_QeukGuk","views":2125153},{"video_id":"xmupkoVfUnQ","views":3077741},{"video_id":"StVc9S6NYV8","views":1079722},{"video_id":"e4VmGrGGPuU","views":1414634},{"video_id":"NOYhC4U8VDU","views":3181566},{"video_id":"nwKlhHkbIVk","views":720830},{"video_id":"NAPkjd2iSls","views":2017658},{"video_id":"NonKN3YAMHE","views":1920130},{"video_id":"Hb-1swI5E_0","views":1557828},{"video_id":"-DrAHr-VbP0","views":2255705},{"video_id":"t-SAWvR4CyI","views":941258},{"video_id":"eSoZTwtX6OQ","views":3156234},{"video_id":"KYBqy8bv4as","views":2374139},{"video_id":"XrU3rQj49DI","views":3232904},{"video_id":"aXo3p4rAvYY","views":1937651},{"video_id":"LYlXwzLXYw0","views":1454777},{"video_id":"H7_5fIUVq9c","views":2211470},{"video_id":"eVxgcOzYrKo","views":2525518},{"video_id":"IpHZtc8J0Hc","views":1579491},{"video_id":"PhLGj3KA7mw","views":3836790},{"video_id":"rKHU4AGpQ7Q","views":3085672},{"video_id":"PuD4nFN91WM","views":4805842},{"video_id":"chA_rjl9LRo","views":1828475},{"video_id":"2WwgJ8reyeI","views":2377598}]}
{"channel_name":"Philip DeFranco","end_date":"18.13.06","start_date":"17.15.11","total_views":96539012,"video_stats":[{"video_id":"Ax1P5Q8Kr9g","views":971117},{"video_id":"BrsoYVSgYQs","views":892555},{"video_id":"OHOkdEBpwDc","views":890279},{"video_id":"BzEPpQKNod4","views":684622},{"video_id":"FgPjX5hDuPo","views":1295601},{"video_id":"NrDbRPWdx8M","views":975746},{"video_id":"c6GMhmEp2Ws","views":1356214},{"video_id":"sQrtgYiW71o","views":1423158},{"video_id":"eL9RB_jG6SY","views":991776},{"video_id":"mbzXQK3Q860","views":2102303},{"video_id":"HopEHvZY-08","views":970666},{"video_id":"jXXJBMhBbTQ","views":874182},{"video_id":"D-_ojem1XQU","views":881802},{"video_id":"Mnere0s4dTw","views":972419},{"video_id":"DRn71PvaX_w","views":896596},{"video_id":"xX8OJLaGlgA","views":1087983},{"video_id":"ZAyvEft9MIs","views":2921359},{"video_id":"zViKDlOzK0s","views":1161355},{"video_id":"C-ePy-2WLfY","views":2048788},{"video_id":"W4DnmTEHQug","views":2120670},{"video_id":"c6Nx6nZTUgE","views":1734472},{"video_id":"-_fqzg8PNgY","views":2132569},{"video_id":"aqw1BxL2-Ik","views":1065309},{"video_id":"eXcwJ3EDahw","views":1075870},{"video_id":"BH6rttI6rCY","views":755828},{"video_id":"UwItKU4CxMQ","views":1072982},{"video_id":"Df4mj8Weu4c","views":965846},{"video_id":"DH28TyyPoTg","views":1166784},{"video_id":"S2ybZK59uPg","views":1047058},{"video_id":"EU8iF-8zE-Q","views":1650686},{"video_id":"P3RYvmEmPo4","views":918785},{"video_id":"mANuub7Bnw0","views":928072},{"video_id":"95kU0jbB4e4","views":1025460},{"video_id":"AVGLZqWzigw","views":914464},{"video_id":"8tT3FhOA4-g","views":986787},{"video_id":"_nrSYQhRxmo","views":977896},{"video_id":"kuTxC9mIutM","views":892807},{"video_id":"dNY5YGRkNqs","views":1114647},{"video_id":"oYTl-Uxqubk","views":929103},{"video_id":"yHKfj9FdykI","views":923144},{"video_id":"5ntjrxNFgyI","views":1583327},{"video_id":"bZ14WgtnkvI","views":1293896},{"video_id":"ankXS-bCrgQ","views":1258600},{"video_id":"JvoCIahJZ6s","views":1088743},{"video_id":"8NDLpSUcV5E","views":1444840},{"video_id":"M45TNG_TCls","views":1392393},{"video_id":"1KhsG2t6jvk","views":1072739},{"video_id":"F9sH-3AoF88","views":1482719},{"video_id":"C7xDzYnst34","views":1389767},{"video_id":"VO-mLV_2lgE","views":1765903},{"video_id":"htoGNwxGmO8","views":1044760},{"video_id":"s403m3x8zuM","views":801408},{"video_id":"eeBQzjdlcLs","views":448969},{"video_id":"LZ5S95GUtiI","views":1032512},{"video_id":"T9NURHHl2Zo","views":983489},{"video_id":"AXSoQ_UKWyg","views":939755},{"video_id":"odwfHu6MDuU","views":1554943},{"video_id":"--7vNbh4UNA","views":1335225},{"video_id":"4_jkeWgtZ18","views":890333},{"video_id":"v9GODjGXju0","views":933552},{"video_id":"_TkbmxuVtAk","views":952395},{"video_id":"hXKyEy8-1EE","views":1006767},{"video_id":"VRdxPJM_adk","views":931783},{"video_id":"F7AL8LR9BxY","views":1461942},{"video_id":"HbYhXMY3VV8","views":981062},{"video_id":"68FlVfm3wDc","views":911963},{"video_id":"veS1AePOYg0","views":848743},{"video_id":"5csoc55v2Ls","views":879356},{"video_id":"HH2bS7-9Nu4","views":1034413},{"video_id":"_yD3yLlHRr0","views":891237},{"video_id":"xHYnFJ3l5jw","views":1093676},{"video_id":"QvYLrMv6OWw","views":817291},{"video_id":"gIDht-wr3zc","views":857975},{"video_id":"iIWpwQBQnS0","views":778937},{"video_id":"W2C2LHE0szI","views":828071},{"video_id":"3gCAsAqU11Q","views":867263},{"video_id":"Cve8GnSb6-Q","views":760253},{"video_id":"5dBzB3ssHaU","views":816853},{"video_id":"1MGNw-Y2QPk","views":937895},{"video_id":"ZJpKG9V2xds","views":815412},{"video_id":"QyHLk8H3qu8","views":1014994},{"video_id":"PlSwgM4PTNI","views":1073366},{"video_id":"datRG-RokSU","views":888859},{"video_id":"fSqxW9L-ZQM","views":789242},{"video_id":"wEly6oy3skY","views":1065249},{"video_id":"A3rwwoAR3z4","views":950154},{"video_id":"dhr9t_0ajRg","views":748228}]}
{"channel_name":"Jimmy Kimmel Live","end_date":"18.14.06","start_date":"17.19.11","total_views":93321078,"video_stats":[{"video_id":"VsYmwBOYfW8","views":4738425},{"video_id":"aT1gOazMMm8","views":842803},{"video_id":"8kFnLQySIzU","views":856874},{"video_id":"oFBuCp19L7M","views":868849},{"video_id":"KjICBHj1EzM","views":2797574},{"video_id":"ncHhjUllA7s","views":561430},{"video_id":"yqulWPljawo","views":441105},{"video_id":"9mwM1VB9qs0","views":712598},{"video_id":"43IyeXtIMyg","views":138135},{"video_id":"EXURtIS4MCw","views":307441},{"video_id":"NJAtY43vsl8","views":2644799},{"video_id":"qQruDaf7bKs","views":291698},{"video_id":"rMFxV-l3qG0","views":3479682},{"video_id":"4x2rnXmV950","views":474136},{"video_id":"VGPKryH8D2o","views":146034},{"video_id":"XYviM5xevC8","views":916257},{"video_id":"yJKrlI0GWWs","views":683086},{"video_id":"fOsphXJvaUE","views":291258},{"video_id":"HemU9k35Cfc","views":292663},{"video_id":"XUCcx4JEClQ","views":261478},{"video_id":"6dkV0ptTg7Q","views":605986},{"video_id":"ZhNThHNmUCQ","views":791115},{"video_id":"AnmpuJfALXg","views":637010},{"video_id":"AtCLwYFRp4o","views":3153075},{"video_id":"6lGU6nBSXkM","views":127635},{"video_id":"fSKPdXi73ro","views":566923},{"video_id":"Z0vLiQLpsc8","views":3068466},{"video_id":"xe6o4ex7-YA","views":1534553},{"video_id":"x3ch1ajtwbc","views":654775},{"video_id":"QZL2NrrhjHY","views":2831682},{"video_id":"Mzsl9hcTQkw","views":531313},{"video_id":"baDBCt5OP8g","views":1927655},{"video_id":"ahSKGi_21xg","views":3699670},{"video_id":"2rUjuRACiVE","views":85786},{"video_id":"gVh_wGJWn3c","views":800117},{"video_id":"ysWXD1pQ2L0","views":144186},{"video_id":"10ndJuFP1PY","views":612279},{"video_id":"wOAFHhs0Ots","views":263207},{"video_id":"1BMhKFNoG94","views":2307726},{"video_id":"OOzgeepRZU4","views":76447},{"video_id":"CD4MptwCvWM","views":223793},{"video_id":"CmO2143BzYA","views":892676},{"video_id":"cN26ESa3IQk","views":319297},{"video_id":"yN0O8UaTnRA","views":1227084},{"video_id":"9mpwlkc2a5s","views":937603},{"video_id":"fViHxVwA6hk","views":2857037},{"video_id":"KRzkMujxXEk","views":878967},{"video_id":"raxxoc_JULA","views":683977},{"video_id":"9XaUPRA6ZAI","views":357179},{"video_id":"eIp7PYuAu0k","views":2438381},{"video_id":"2k2QSTIYK8E","views":2203207},{"video_id":"-1Hm41N0dUs","views":1882352},{"video_id":"OrnpSe4OChM","views":8751813},{"video_id":"iA-fY2dr9jc","views":468666},{"video_id":"vPj0qzPiMhA","views":495719},{"video_id":"oSQZ9NiLoxg","views":690347},{"video_id":"I2lQ_gFO3I0","views":1293472},{"video_id":"Am6NHDbj6XA","views":4867281},{"video_id":"2vPw8QbzFTo","views":834813},{"video_id":"_iRBspjg2pw","views":1113890},{"video_id":"lRj5d35ePvw","views":4885758},{"video_id":"mnux3eQR2vc","views":403961},{"video_id":"12m1rG0Tj7U","views":2507076},{"video_id":"L0p8DD0c4K0","views":794141},{"video_id":"F0ZdMq0n8-Y","views":266297},{"video_id":"0Np4K_PAfnI","views":936851},{"video_id":"HX1RBvIGsj8","views":574983},{"video_id":"ti2bIDcnDOc","views":333586},{"video_id":"rwmHAR7IQwM","views":497726},{"video_id":"UbmGPOHJYpA","views":2537214}]}
