{"category_id":"10","end_day":"17.19.11","number_of_videos":63,"start_day":"17.13.11","total_views":84963489,"video_id":["5E4ZBSInqUU","n1WpP7iowLc","e_7zHm7GsYc","zZ9FciUx6gs","PaJCFHXcWmM","0tO_l_Ed5Rs","9t9u_yPEidY","ujyTQNNjjDU","2Vv-BfVoq4g","lY_0mkYDZDU","ObIQ0s02UHg","_Iz83-Cmt6A","YlvCVbfS9M0","e4FApt6z55c","2XK4omx9uMU","RkHuWjiR-LM","DIU3xPdhCBI","viyRD5z6ilQ","QFfEtKvXMAs","xg9ebVTL9yE","fbHbTBP_u7U","QOksZ8VogRw","tOFkFZbPdnQ","J_QGZspO4gg","ozkqm2ifMw8","1Wk8ZRgXQnY","8l_e6bx8UG8","cYw-oyJ7AEY","LMCuKltaY3M","5gFpcEKayz4","eHIY3HNNqzM","eQVhAN7-IAw","qDAxDcjgn-8","KhdecX0qjNA","kqmhCaF5_44","MKLlDnUqho4","qooQd8AA7_M","jG1JY0rt2Os","RrhSJzM8NLE","4SANXNco_y4","ENr6CXm1YxU","SFdO-19Xdho","pOEzjT-SED0","TyHvyGVs42U","ixxR3ZoqnF0","CziCidR4KcY","PHWAZNkqwN4","UuCq8mtK8J4","YjBB89qsupM","svZScJMh4Pg","LduRwIc7eBA","w8vsuOXZBXc","asu37n6sEBY","6uJf2IT2Zh8","i9GSF3ROa58","BQ_0QLL2gqI","kz3MEd1Jr0Q","2r_nGjgqPE0","pvg2cw5oshg","FKA-Jy6nuE0","kOCkne-Bku4","K6xwB8Kkce0","C_SJgw5MVFY"]}
{"category_id":"10","end_day":"17.26.11","number_of_videos":69,"start_day":"17.20.11","total_views":128178405,"video_id":["WXlr35jV3cw","cH4E_t3m3xM","TyHvyGVs42U","w8vsuOXZBXc","BQ_0QLL2gqI","asu37n6sEBY","i9GSF3ROa58","pOEzjT-SED0","6uJf2IT2Zh8","kz3MEd1Jr0Q","FKA-Jy6nuE0","2r_nGjgqPE0","pvg2cw5oshg","MGanJGGVSrw","ixxR3ZoqnF0","iASe_veKR74","KGziD2V8Ppw","eKwAib6LosM","UuCq8mtK8J4","svZScJMh4Pg","CziCidR4KcY","PHWAZNkqwN4","K6xwB8Kkce0","NSgMcs1KdTI","C_SJgw5MVFY","5PB2YzNddI8","kOCkne-Bku4","YbHdBoHMxK4","RrhSJzM8NLE","jG1JY0rt2Os","YjBB89qsupM","IeTTfquV0iE","eQVhAN7-IAw","rutlOmdgqgI","aHsfKnrNCG4","fdpYWltgYMk","oddXT5uaRb8","nUv22OHdjQU","w2Es7-c9GAk","jH2t4Tcl3Pg","dLRZTBtdMUg","FaJmopuuhZE","TIQqb80eg24","KQkkgD2p3Ow","caN18WcW5XU","6SjslBAJkJI","b6fepBtNgVM","D-dwmYeLLng","p3MjsrMNCbU","EBt_88nxG4c","lfkYyrhWphE","V3EYjVPRClU","KFaMZUarksA","RP3UsFrDJfY","NWQqJDGo4Z4","M6LTqtYKDtI","SJUhFjNfaZY","UQHSK-kgONk","XcUiOyKclOI","IuYFvaNHJug","Yhea380bYp0","SW3X7-gk8q0","xGz_FZ0ePwE","kTlv5_Bs8aw","LgmxMuW6Fsc","IumYMCllMsM","VdugkldCx10","wFEAoF7RC7Y","RO41_2cWSXA"]}
{"category_id":"24","end_day":"17.03.12","number_of_videos":88,"start_day":"17.27.11","total_views":60533006,"video_id":["515lLZS082U","NDBwsMIXlMk","Bzji05zubSc","uPyLIBSVrMw","xArN1yUcXXc","t4ZsyO1n-kA","cHB_s970Uyw","_r9GPgvN8As","UiWGp8dFr5k","npcqBt_e4k0","_EvMYEfF_hQ","zYX1bgxEAhw","I6N-XuYllgA","OHOkdEBpwDc","07bTt0BTi-U","1dQEfL2BfUM","0dSR-9mtuzk","s7wLPGmnahE","Lg5x-YWxpco","G4BxOhJOmUw","TSW9cla5bmw","5TLANg1GC7U","GyvRamX1VyA","TfHJJeiS-aI","HszBf-CJeVE","tj3EKWwIulQ","BQC09Mdn24w","7Bgj9c48zHU","FTv-CE43PpM","vSRAOvhFF1I","EbuCLC_wVlM","pmdVVDkvJXU","uLHygq6Mm-0","R8hccXRk3MI","iatq3Rn4vsg","vNya04dlC4I","ZkPSbp3zTfo","7cTi6PHUqMw","aXLS_WDIugk","f3uZxD39awA","QssLKnUk6pg","d-NCySETRIc","RQOgG4MLh1I","Ort8rZdpoXo","ilaSwO2fx40","wa9ZyarpM2U","pJ96Z2PPKI8","3XklsSF53pc","NqntFonA2iY","nVrkQyLS4oE","LqF3QRp3VCE","pDi7cezk9CA","UXm1xHECZu0","e5IRkF20JmU","ngMbosIcDRo","w_b63zETbSs","sw7RElt-SvE","2omJBSQcm5g","iLN0_ghe-Tc","6ZfuNTqbHE8","KXHrCBkIxQQ","0EQuVfP-vXs","ZfHiw_LFNGw","ggpoZyF2lU0","qEklBC2BQig","W8_T7MMywcs","IbVR4kzVQrk","EP5ExDvQ3p4","L34y5NGMQBY","Em8C6AvD4sk","SFr0fCgrTNQ","rdJdJpwmcKU","pWZnhJay0Y8","0vhxoVwqZkk","kehML-RAkd4","0MyCrMrkMFo","TPcV_3D3V2A","sQi0Yu1ApyE","6d6SmcYcP_U","gob0unzEdRw","0qpE8IHz3go","2HboMs0vbsE","e5N_Tq1EtRQ","OZqsFkJpvj0","jLM2ibaRbrk","fEskVQgtwaI","oeAEuiovVbg","Fq0cNEAbsJE"]}
{"category_id":"24","end_day":"17.10.12","number_of_videos":90,"start_day":"17.04.12","total_views":121665971,"video_id":["e77J4g0LMOk","DQQN_79QrDY","xejjA2AFO5I","iMg9ibfcBnM","oFBuCp19L7M","hBvcngHRTFg","MQSRmx9zS64","gob0unzEdRw","chFKDaZns6w","2HboMs0vbsE","6ZfuNTqbHE8","QUDYmBTrudU","fEskVQgtwaI","0qpE8IHz3go","qaivW5joQrk","jLM2ibaRbrk","TPcV_3D3V2A","KXHrCBkIxQQ","SFr0fCgrTNQ","rdJdJpwmcKU","0vhxoVwqZkk","0EQuVfP-vXs","ZfHiw_LFNGw","pJ96Z2PPKI8","pWZnhJay0Y8","0MyCrMrkMFo","oeAEuiovVbg","6d6SmcYcP_U","NqntFonA2iY","sQi0Yu1ApyE","ggpoZyF2lU0","qEklBC2BQig","5MtBgDVPtx0","3XklsSF53pc","nVrkQyLS4oE","lyavSkF30Rs","wa9ZyarpM2U","Tn5OBFgiExQ","LqF3QRp3VCE","W8_T7MMywcs","pDi7cezk9CA","266EI7hdjFs","c3BTGJgd8Wo","me5ifeBFaFo","-C5q3oir8gA","X6iJ0hPpGec","1l26UFQ06eQ","92HCNclQOYo","hRAGY4BaFQs","76-ui4F8DJ0","OdpHOc7vqHA","AtbyHpFeVDI","mNj27CgDAhQ","84hXRY0uwQ0","032BPsxhreM","hKqzBGE5w-0","nVHcXZK7pKs","MDsJ9hheH30","FlsCjmMhFmw","5ELQ6u_5YYM","Bf22Vq5phKo","5wKYV-9Tq1o","aJ9XruZm_Hg","Xpw0ts8RTfk","t9JlSrTH9r0","mG9kK9TgxkQ","1qKBNKtzTWg","PgpOosts_Ms","AgrK2P3Ruug","iU4J2FF23Do","mkpINSUnDpA","ZZE1_maXiAI","15aTCG3as6Q","hNsd-m30m2E","AM1pavPRU8E","_h9EEni5rks","JP5BL-lCoQI","9bdXZzQvb0U","2b5C6Xp3pwA","kqWQFnH6h-E","vn9mMeWcgoM","JBDWIGpKnwM","vW7H-DKivX8","jibff9m0SjQ","bye513KciIk","2jhwGiO5XJ8","hpvDsw1D29w","2jP6MFBXFaA","3IdqPpwSE2g","vOEaiQ2d6Mo"]}
{"category_id":"24","end_day":"17.17.12","number_of_videos":101,"start_day":"17.11.12","total_views":87032751,"video_id":["cSp1dM2Vj48","A8HLnDP6uRM","ZWAkzvL5Ho4","UVNIEszp2UQ","fuHcdFPBKy0","00nmxR1mxIA","ta6sV6WrElE","vn9mMeWcgoM","JBDWIGpKnwM","QsLmJq8cHlA","vglAsbxMX_Q","Zi9MkiQzl20","vW7H-DKivX8","Y26pMy4jf8U","mQ8sFRuDyiU","FlsCjmMhFmw","OPbtnEXZ1H0","S7kG641iA_g","2jP6MFBXFaA","mkpINSUnDpA","ZZE1_maXiAI","15aTCG3as6Q","dw74T9x6lDE","3IdqPpwSE2g","hNsd-m30m2E","AM1pavPRU8E","QOdVw75Vbv4","_h9EEni5rks","me5ifeBFaFo","032BPsxhreM","tvs3yvEcARA","aJ9XruZm_Hg","upC36TCNXvg","GkgkP0ARxd0","5wKYV-9Tq1o","84hXRY0uwQ0","r4VJ8o6yqzM","khPLWaBioOs","UH0nTHb6OdY","3UoKswz6OQc","5beh5ztM0K8","2yCp-Dj5-7c","oKuPJ7zF0_k","ii3n7hYQOl4","TM8hwHtWSJg","LTWh-i-iJqM","cON3fiEm3Lc","23QOy9Q2qNI","bo7cX6kCM2A","kuTBea8_-LY","8oKl_qDJHt4","fOhB5JyEkOQ","8qL4lMQQ9IE","QXcbVHFE2bo","sukhhtHWgko","ERBEwrn4f7Q","mSgDg1oiOCs","vZJXXguLysI","a49beT37Bc0","Vxww9Ap3DdM","XkVwqEdYlNA","6FbdqwlR0H4","IQYLPEuAClo","iKjEoPA0LlY","hZJDAJDD-uw","IC_lnyn2R2Q","K4STcvndzbE","Jq_98dJuIck","hphLiGW6FgE","8J2q99ApzGs","1UPJ_Uk9s5c","UPPkvPe5WJ8","w1zwGLBpULs","EtfIzNdt9Ac","hu_4yAZVNsU","h_67XloYXTc","ZLgE9FBOtTY","NsUQU3r2nsM","jehMXPadHS0","TOdGYZ20oSc","Y0D0s9eIKuw","adz_lnvL0qI","YfOHh5mt9SM","hXz4LdA-BRI","_CZHqpIpN4k","DIM6F38ITsY","OkvNxYMyips","wwX-RSqxEXc","7l2NnC0MNt4","So_guHTJ4Ng","TZSVf-yD7N8","T7H7uH2t854","9mwM1VB9qs0","D7sj7L1uLiw","-RUbNqpwOt8","ZWGh7si0Y50","c835XURBeLQ","TDqjoaURNOQ","XXXqaYls50o","iCXQwI2Luw8","skFCPu6elew"]}
{"category_id":"10","end_day":"17.24.12","number_of_videos":59,"start_day":"17.18.12","total_views":55094998,"video_id":["eiDiKwbGfIY","lSXxEdaOqgU","prmQgSpV3fA","Oapebl0bADA","oxd0unpN_Hw","CHXD9k19q1Y","h_-JFUci0BM","hiGqKwy4yM0","MvIwx0JThsk","dmtTnGlTUI0","bw_ob5GFi6I","AenmqoozqoA","ChF_ypmiIs8","37z3bfXu3BA","oQxKEtoHygY","Na7VFFnqWVI","ZLFak6N04GY","KjHan6D3O3g","DkXD5949qqQ","HTi1c_tLnqw","dedaP9ym-hY","r4ppTbMcFTo","66kn6Dcr12E","t7Fa1GUf-LE","oPM3jxnoqhk","eQTcXGk9BRk","p_IwENcMPOA","fA9Ypn3jQw0","QaEx2A7p9Dk","UelDrZ1aFeY","VH-DA0YgHHU","FfSXmbAGl8A","VAk6bUhETHM","ByucbuSe958","WS7f5xpGYn8","l_lblj8Cq0o","szaJ5aW-LUs","RHUxyXZBXY8","ydPYNo8o-lI","cntsqw7XOF0","RlSzahonkTk","Bzu4G8uZs-4","6VrqR_GfvzE","ItL6vcUrpUs","cIQKKzZtWwQ","XwDTzD75fT4","AaALLWQmCdI","alRtHXnZMOI","jw7q_kcQXO8","ox7RsX1Ee34","cMD63TwzB1o","BIQK4-9YFW0","jTW5_KvkGoE","07S_Glj3uYs","zi_6oaQyckM","5EF5Curjr8k","pihJVwap7iI","WQd6x4KmVhA","p1af9PKM8Eo"]}
{"category_id":"10","end_day":"17.31.12","number_of_videos":38,"start_day":"17.25.12","total_views":66238419,"video_id":["ryr75N0nki0","ox7RsX1Ee34","cMD63TwzB1o","BIQK4-9YFW0","jTW5_KvkGoE","07S_Glj3uYs","ItL6vcUrpUs","zi_6oaQyckM","WS7f5xpGYn8","pihJVwap7iI","cIQKKzZtWwQ","XwDTzD75fT4","5EF5Curjr8k","l_lblj8Cq0o","aLLgene7kJo","WQd6x4KmVhA","RHUxyXZBXY8","AaALLWQmCdI","szaJ5aW-LUs","ydPYNo8o-lI","alRtHXnZMOI","RlSzahonkTk","cntsqw7XOF0","Bzu4G8uZs-4","p_IwENcMPOA","p1af9PKM8Eo","6VrqR_GfvzE","VH-DA0YgHHU","5jT8Qef5Hf8","fA9Ypn3jQw0","FfSXmbAGl8A","VAk6bUhETHM","24HFgBQawWA","leu-cTvMWTA","WvV5TbJc9tQ","VQhIUzPJi8o","q_MmN6-KLXg","Q48VduIflPk"]}
{"category_id":"10","end_day":"18.07.01","number_of_videos":51,"start_day":"18.01.01","total_views":74324943,"video_id":["PjqKPHZJgF0","VQhIUzPJi8o","q_MmN6-KLXg","Q48VduIflPk","AAbtGz8dHKc","u_SA2QkZd24","ryr75N0nki0","cMD63TwzB1o","BIQK4-9YFW0","jTW5_KvkGoE","24HFgBQawWA","07S_Glj3uYs","ItL6vcUrpUs","zi_6oaQyckM","pihJVwap7iI","XwDTzD75fT4","WS7f5xpGYn8","5EF5Curjr8k","cIQKKzZtWwQ","l_lblj8Cq0o","WQd6x4KmVhA","aLLgene7kJo","WvV5TbJc9tQ","RHUxyXZBXY8","AaALLWQmCdI","Bmn2STJUWJs","bVU-MmJZFFA","vUiE_0GPqKE","aBL027wEtg8","WkZVm_o3Sy4","IXNrHusLXoM","88EB0TEGQDA","hzTORk64aXg","Y1IMfvF8aQ0","LsoLEjrDogU","_YSVbM1saXM","bozom9kH9pU","REbjfHF0N0s","gA-NDZb29I4","GfCqMv--ncA","mBrdEYW0Vno","KQT32vW61eI","D0aAYfRBVik","S10azlzvS_8","z2kEKZ6jyQQ","zvjqcoiOPbE","D-pKeb6Wf4U","ShZ978fBl6Y","BfbIoUMdKZ0","Zjp0mdMeIPU","SipouoqLyxM"]}
{"category_id":"10","end_day":"18.14.01","number_of_videos":49,"start_day":"18.08.01","total_views":64591290,"video_id":["gA-NDZb29I4","z2kEKZ6jyQQ","LsoLEjrDogU","DfSLEBm9WHI","ShZ978fBl6Y","D-pKeb6Wf4U","zvjqcoiOPbE","BfbIoUMdKZ0","GfCqMv--ncA","mBrdEYW0Vno","Zjp0mdMeIPU","KQT32vW61eI","ReV1rHycYzw","D0aAYfRBVik","SipouoqLyxM","S10azlzvS_8","_YSVbM1saXM","vUiE_0GPqKE","C3B69-LeVCY","6PXz2gNNR9o","aBL027wEtg8","Bmn2STJUWJs","ys2x8oOK7wE","k5TqNsr6YuQ","8BQqX3bUqtY","WyWqEFeKX2E","wH-by1ydBTM","qETfaJXx22g","NuhhbcLyWWo","D7JorwX31CQ","FH4SVGKUX8A","gsVgqms1slE","QIN5_tJRiyY","O-aQA1HKctQ","wYeMe6_ISKc","Sy3ERg7OCWo","dfnCAmr569k","Mgfe5tIwOj0","Htu3va7yDMg","Q-oM2BQ8Jow","TxGmy416VRs","JyVzPx4ecHA","8nsWMmFYRqE","YXTzMOmmEfE","s1cpCfX-mgo","Vq5cYJ4vtvk","3pTpz76vZfc","__-22AJoFxY","XKQa1vx-oNY"]}
{"category_id":"10","end_day":"18.21.01","number_of_videos":48,"start_day":"18.15.01","total_views":58195749,"video_id":["dfnCAmr569k","Mgfe5tIwOj0","Htu3va7yDMg","Q-oM2BQ8Jow","XcdLVKYsHHU","JyVzPx4ecHA","k5TqNsr6YuQ","8nsWMmFYRqE","TxGmy416VRs","YXTzMOmmEfE","8BQqX3bUqtY","s1cpCfX-mgo","wH-by1ydBTM","yUMalTN2OvM","Vq5cYJ4vtvk","WyWqEFeKX2E","3pTpz76vZfc","gsVgqms1slE","__-22AJoFxY","uNuOS-qwM0Q","qETfaJXx22g","FH4SVGKUX8A","XKQa1vx-oNY","NuhhbcLyWWo","D7JorwX31CQ","ya6CQrFacIY","ty-AFKiiTRA","HVKuA1s5I3o","JWH5KE1atAg","eACohWVwTOc","TnCa71iUVxA","KVw7fdB8gXM","tYFYoLEO0dM","M4vnmgZLA8s","vAh7jTAkCKc","LNHkxOU7zz8","_Ihg1_3-0os","4ay4S61byZo","_zu53yAoTJE","F4qfN5UeFvQ","rQWZK5U233s","CJzaYLc4pPY","l3vbvF8bQfI","idD1C2-ISlo","oRSVrtKph_k","rll790aP60Q","fQTVpWxu570","cPSpmSXNy_A"]}
{"category_id":"10","end_day":"18.28.01","number_of_videos":52,"start_day":"18.22.01","total_views":52079781,"video_id":["DnSO5Uhobvo","I92OeEHWmTc","q260bjSiyq0","CJzaYLc4pPY","vAh7jTAkCKc","idD1C2-ISlo","l3vbvF8bQfI","_Ihg1_3-0os","M4vnmgZLA8s","LNHkxOU7zz8","_zu53yAoTJE","fQTVpWxu570","rll790aP60Q","eACohWVwTOc","oRSVrtKph_k","TnCa71iUVxA","F4qfN5UeFvQ","rQWZK5U233s","cPSpmSXNy_A","ya6CQrFacIY","Er1eh1D8p2o","Lj6Y6JCu-l4","vCWrArYJntc","J41qe-TM1DY","A4cASDml7Vk","3ChgRbqGi-E","5x-d3pabd5o","P-MQBhBwvgM","NOciiz9WK5Y","6A3cHzFQsqI","8MPbR6Cbwi4","8ll04Zzw5UM","XblV5A1PlDo","yN7N0P2TxHQ","D18e8aU-UWs","pjTj-_55WZ8","HvPbH30KWLE","9r6NI9m_IxM","leHtDz4Mj0M","SS0ebmCqHxs","zkG4Xpz6t68","jLCHpZ6B1gU","RQUuqbzQVsY","AuWwlxym68g","9vDdx1dba6c","VFnXRntc9XA","bYXM3uz1bjM","nlIE1I6DxjI","9flXyzcSfT4","cOaRPJQXFG4","tblXEAKO6KA","wtegEB9lvaA"]}
{"category_id":"10","end_day":"18.04.02","number_of_videos":62,"start_day":"18.29.01","total_views":77557309,"video_id":["M3mJkSqZbX4","IIyZuKN2j7U","NBgNCDF4lG8","zkG4Xpz6t68","jLCHpZ6B1gU","RQUuqbzQVsY","8ll04Zzw5UM","51cbHTKdILA","8MPbR6Cbwi4","48-pr5-G6Pw","floMqK_yHf8","9vDdx1dba6c","XblV5A1PlDo","AuWwlxym68g","D18e8aU-UWs","yN7N0P2TxHQ","pjTj-_55WZ8","de8K18_G0qk","vecSVX1QYbQ","VFnXRntc9XA","bYXM3uz1bjM","nlIE1I6DxjI","HvPbH30KWLE","3ChgRbqGi-E","9r6NI9m_IxM","9flXyzcSfT4","cOaRPJQXFG4","P-MQBhBwvgM","5x-d3pabd5o","SS0ebmCqHxs","leHtDz4Mj0M","6OcOO1k-vGE","TdcS2LMQ5Ck","Ct9BFr9XBaI","OL4LNg-iyY4","kZLBVi_0ENU","J_CFBjAyPWE","tySwY8qXwbQ","QWz3auJ78ik","CUnRQYS6xqo","BJeCOo_CRyE","WUFpGGe8U_E","sJGgV3p8JzY","LHUKKrcXfJs","pj6k-EFxqAI","ugdgAifIOBA","BxZYIjdgGtg","1sJHx2s4Pp4","w7HJZPlJn_U","LTyKOzyqyCM","_UrDtPZHlqc","rt7s9ud7uEM","K5xERXE7pxI","tEnCoocmPQM","LxoGNkLpgZk","baj6llvgpWA","PDZg4veidX0","Qbg2p9PHVo4","CfvTmIEN2Hc","-BDImdAfodA","-WedqN1iYbM","V8OUVHlpnag"]}
{"category_id":"24","end_day":"18.11.02","number_of_videos":81,"start_day":"18.05.02","total_views":88488523,"video_id":["doP7xKdGOKs","NooW_RbfdWI","pVxOVlm_lE8","8brYvhEg5Aw","C-rumHvmqCA","K45mFsyZxtU","Hmb0Q0Q_7jo","DEXfRMTRJss","KU-v13ib_1U","pisY6J2Ky6U","DMT7EnJ_Kp8","mXJ7wX6CVDk","h33u2eeVqXo","3VLNxH9uX6Y","pypRKeF3u6A","Zr4md5OqL60","q20_MVdB31g","8Ojf1RVqRn4","xOFdHUv0zrQ","OPi9nTE70aA","6e_MMVmmFfA","Ocq_0Yl1EEk","TMuhw2tLN0I","EsaHiIdsKpE","qmxMAdV6s4U","rOoLSRCmd1c","GClwSu4hKpQ","ZsvViZgVXL8","jjRXuZkeGRA","fxNNP9kifNg","SQOSX92OjqQ","rcGFrdopXxo","SJmU2ewFhkg","uBUnmdd5-iA","LtlkeMfbdpM","ggIzq8JUK44","ijVLdH5dt-c","zzQsGL_F9_c","eKFrZNXB29M","QAgZepiIPH8","V69XYIRjKww","dNW0B0HsvVs","4ccN0eRaO7Y","BubFE0CYMYg","LkpZFd2pZqY","NqfJ9wIWX4E","0QDjTwsEeE0","TSiwIl_aLT8","s8ZMmgPcO-k","fJe0cmOvM94","kjbimjCQYdY","T1B1CxmAXLk","tJFk9dPdxO0","d6mBbyb-vIA","oI42BohDabU","a30wbmGT3R4","HgjVWV0Uw3M","oWXR-6YdJ_s","hSvnepZS26s","oe9-_fD55ok","hD3sd-9tcRI","_5d-sQ7Fh5M","eWBNCnU_PK0","dHCURII_974","dzxFdtWmjto","7cqYiUmutGI","K3ZwxsTOD_8","GjwjzIFcX7U","cWGWYAhLuAQ","40JxGkIspck","4KyWP5fWOEs","3HXIkBeKQ14","6wuV4531d9c","6ztB3fg9knE","-YRlVB6Qgug","YOxo2IUFnr4","BqLwMIA-HlY","Hkx5fveyjIs","QBOzHhuTzvw","cZAryCaRE3k","JdHhNxedKs4"]}
{"category_id":"10","end_day":"18.18.02","number_of_videos":52,"start_day":"18.12.02","total_views":67382005,"video_id":["GYLBjScgb7o","VA7Y_Psp5l4","jsnyz__pc5M","gAcvbGuqG0Q","4uTNVumfm84","CY8E6N5Nzec","6xMBmvevhj0","rNaFB-IoXaA","NsJkUfrqLzY","JQbjS0_ZfJ0","96bpvMCfBfo","OTHHeIAYfuU","2Xyf_PCf7lc","shHTYg-rOAg","L0xKz5TsYb0","cW5ueE2vUm0","2h0bkuWzQeU","v6xUgawDQB0","K6Zu3qKhON4","4dpjhcQr0RM","3ILxrRlf3KY","tKHC0X2EwAs","4-flcAEK0QI","oS2MW3YIJew","n1PrGpIekYY","dQjTQFRZsD4","ccQJq3gGt4o","F8CR9IP7Mog","wfWIs2gFTAM","izIyhdEHSPo","NpciU6AtlJU","OWz3Fa_qK5Q","sZoZryCb0P0","-35jibKqbEo","vm3_34a5D_s","QQ_3S-IQm38","wIimU5-UEPc","_hMQe2U4c6w","AOvCyD9bbDM","lVudO9x8fbQ","zHxHdNOuxgY","Ra7MMVEe_s4","vsPTqR5778Q","XUqRem0W8L8","xYtsL9znopI","VwAnsAUYnw4","A9k89DYdHKQ","m4-sL1r9i1I","_KBc4B5JFoQ","d54e3kcTlHM","suEeS2v334I","5y-tCo_v7pk"]}
{"category_id":"10","end_day":"18.25.02","number_of_videos":50,"start_day":"18.19.02","total_views":65294740,"video_id":["XUqRem0W8L8","xYtsL9znopI","VwAnsAUYnw4","A9k89DYdHKQ","_hMQe2U4c6w","m4-sL1r9i1I","0XtCnGT0B20","QQ_3S-IQm38","_KBc4B5JFoQ","wfWIs2gFTAM","wIimU5-UEPc","d54e3kcTlHM","AOvCyD9bbDM","lVudO9x8fbQ","suEeS2v334I","NpciU6AtlJU","zHxHdNOuxgY","-35jibKqbEo","Ra7MMVEe_s4","sZoZryCb0P0","OWz3Fa_qK5Q","vm3_34a5D_s","5y-tCo_v7pk","oS2MW3YIJew","vsPTqR5778Q","GYLBjScgb7o","n1PrGpIekYY","dQjTQFRZsD4","JeRtUXTQ_aQ","scMSeVaE7Ao","BuFrAmdWveY","UCrMn3LLMVU","3yy-dKTmyOo","kl_jxVID3PE","-C_rvt0SwLE","bqFjyo7I8fY","k1xvol1SCx8","tGRzz0oqgUE","EAGhzuitLXU","UaAHl_m_ybk","WfPu9Jrcpuk","T9KTTP7jrBo","-5aaJJQFvOg","elwTgpHlty0","keD0IJP4Dtw","GEsK9GudV2M","RWzZeA2GMsk","YBgabneSziQ","HbKnEQdCjGg","e-XM8pek6Kg"]}
{"category_id":"10","end_day":"18.04.03","number_of_videos":38,"start_day":"18.26.02","total_views":61317526,"video_id":["E-u9uo0laA8","BQ31l1gPGKM","elwTgpHlty0","LbW-bMToXqo","tGRzz0oqgUE","EAGhzuitLXU","keD0IJP4Dtw","aDl6SGTkomk","UaAHl_m_ybk","7J4nN0Te9m8","WfPu9Jrcpuk","GEsK9GudV2M","RWzZeA2GMsk","YBgabneSziQ","HbKnEQdCjGg","-C_rvt0SwLE","e-XM8pek6Kg","T9KTTP7jrBo","bqFjyo7I8fY","-5aaJJQFvOg","MYdqaxZndzE","JeRtUXTQ_aQ","UCrMn3LLMVU","scMSeVaE7Ao","XUqRem0W8L8","3yy-dKTmyOo","kl_jxVID3PE","MNzBFgwkU0A","iD8K3pNhf-U","CwKp6Xhy3_4","C3_spbo8eVc","73_OWzBr8Fo","DGhPGH2YROA","fKuxh0E9mSI","kton-qrKNLc","OK3GJ0WIQ8s","HgknAaKNaMM","i_nLsG_asQg"]}
{"category_id":"10","end_day":"18.11.03","number_of_videos":33,"start_day":"18.05.03","total_views":32423690,"video_id":["HgknAaKNaMM","i_nLsG_asQg","kton-qrKNLc","XP32nDUMYS8","OK3GJ0WIQ8s","DGhPGH2YROA","fKuxh0E9mSI","73_OWzBr8Fo","CwKp6Xhy3_4","iD8K3pNhf-U","C3_spbo8eVc","MNzBFgwkU0A","elwTgpHlty0","EAGhzuitLXU","WfPu9Jrcpuk","7J4nN0Te9m8","GEsK9GudV2M","HbKnEQdCjGg","bqFjyo7I8fY","wbxblKFtGCg","RHzylDQ4wKE","8O_MwlZ2dEg","RQm0nKoODo4","aq-phmpUJ_E","cZF20bAAFtM","Ph54wQG8ynk","SphTGtDlhHw","oSZDe6CrfN4","fC8gutkCu1c","oRArmtMA9AI","ir0G79oHXMc","rNCT91V5dQU","m7b8hitvfoE"]}
{"category_id":"10","end_day":"18.18.03","number_of_videos":37,"start_day":"18.12.03","total_views":89621854,"video_id":["fC8gutkCu1c","oRArmtMA9AI","Ph54wQG8ynk","ir0G79oHXMc","rNCT91V5dQU","SphTGtDlhHw","O8hm2Ml-pA8","_yiQHtBFYkg","oSZDe6CrfN4","m7b8hitvfoE","PaumoJFmHlY","8O_MwlZ2dEg","aq-phmpUJ_E","RQm0nKoODo4","wbxblKFtGCg","RHzylDQ4wKE","HgknAaKNaMM","i_nLsG_asQg","kton-qrKNLc","XP32nDUMYS8","fKuxh0E9mSI","DGhPGH2YROA","73_OWzBr8Fo","CwKp6Xhy3_4","tCXGJQYZ9JA","Thvm6dADOms","Txlk7PiHaGk","wowAOdTYqw8","6sHIq41sI-w","sS0LCjOiIhc","AU9I1MX0c2s","-BQJo3vK8O8","1SnWTW6YXbE","UJIo1AtoTss","HuwPCUzqwKs","XGd1dq1BatM","wAQ7autd61g"]}
{"category_id":"10","end_day":"18.25.03","number_of_videos":38,"start_day":"18.19.03","total_views":85142860,"video_id":["uKkbfxTHJGI","1SnWTW6YXbE","XGd1dq1BatM","UJIo1AtoTss","wAQ7autd61g","HuwPCUzqwKs","Txlk7PiHaGk","wowAOdTYqw8","tCXGJQYZ9JA","6sHIq41sI-w","sS0LCjOiIhc","AU9I1MX0c2s","Thvm6dADOms","-BQJo3vK8O8","fC8gutkCu1c","oRArmtMA9AI","Ph54wQG8ynk","rNCT91V5dQU","ir0G79oHXMc","PaumoJFmHlY","O8hm2Ml-pA8","SphTGtDlhHw","oSZDe6CrfN4","m7b8hitvfoE","2aQykuIaJVI","Nkl-k_rjn_U","8UHMSVOHddE","DCUD9kjYOAk","bWL_MVbpGT0","2XQft9iwSqg","pmMjkMtpnTc","Q9vZHbcx6cQ","YML2DM0K8DQ","dx9mF1KJr0s","m1-rpd3S-48","ycy30LIbq4w","ZwoDYJWWXW0","BkpwPKZb_Zo"]}
{"category_id":"10","end_day":"18.01.04","number_of_videos":39,"start_day":"18.26.03","total_views":39178784,"video_id":["m1-rpd3S-48","ZwoDYJWWXW0","ycy30LIbq4w","Q9vZHbcx6cQ","_fjfo256p6s","BkpwPKZb_Zo","zwEn-ambXLw","YML2DM0K8DQ","dx9mF1KJr0s","2aQykuIaJVI","bWL_MVbpGT0","pmMjkMtpnTc","2XQft9iwSqg","uKkbfxTHJGI","Nkl-k_rjn_U","XGd1dq1BatM","8UHMSVOHddE","DCUD9kjYOAk","UJIo1AtoTss","HuwPCUzqwKs","wAQ7autd61g","Txlk7PiHaGk","wowAOdTYqw8","tCXGJQYZ9JA","6sHIq41sI-w","sS0LCjOiIhc","e9XbKS9xWD0","EjW7WzozgI0","EhSXsTSNDyo","J0epg1oHGbM","u6unJQownW4","9TCdWhmtxCk","L_SyKf-ETlY","OGPsw2f_HQk","o-BODsf2T68","bEWLOo12UAU","rsEne1ZiQrk","T8lWjQRhQXY","I2sRc3j7IU0"]}
{"category_id":"10","end_day":"18.08.04","number_of_videos":33,"start_day":"18.02.04","total_views":42503926,"video_id":["rsEne1ZiQrk","ZcCp7488puc","VaGcPRMY5UM","T8lWjQRhQXY","6_DgXvcfhYg","I2sRc3j7IU0","d2TrEsA3nzg","o-BODsf2T68","L_SyKf-ETlY","OGPsw2f_HQk","WOAvDQNNaCA","EhSXsTSNDyo","bEWLOo12UAU","J0epg1oHGbM","u6unJQownW4","9TCdWhmtxCk","EjW7WzozgI0","m1-rpd3S-48","ZwoDYJWWXW0","ycy30LIbq4w","Q9vZHbcx6cQ","_fjfo256p6s","zwEn-ambXLw","YML2DM0K8DQ","dx9mF1KJr0s","2aQykuIaJVI","zTY7dvFJbXY","jlmNwjdYVnk","BPmAxzEJpWA","DKPCBAlDw2A","J6R0X6NTnSw","kX0vO4vlJuU","d1D1SJ-KqaQ"]}
{"category_id":"10","end_day":"18.15.04","number_of_videos":33,"start_day":"18.09.04","total_views":27559874,"video_id":["9TUBf6l7FBg","oCXvPWJClJg","_NWs7ntMRBA","M4ZoCHID9GI","J-dv_DcDD_A","R1TSiB9OuVM","p6E9R9qv1No","CG9yQ8PXf6o","PaYvlVR_BEc","wylMwU1wEOM","i0p1bmr0EmE","U9BwWKXjVaI","AGPMMAjBt6c","ZEkImgh--PE","KQRq9FZqNj0","Bm8rz-llMhE","J75enyWdbBM","kX0vO4vlJuU","d1D1SJ-KqaQ","J6R0X6NTnSw","DKPCBAlDw2A","Tlu-_31CWfY","zTY7dvFJbXY","rsEne1ZiQrk","jlmNwjdYVnk","BPmAxzEJpWA","VaGcPRMY5UM","ZcCp7488puc","T8lWjQRhQXY","I2sRc3j7IU0","6_DgXvcfhYg","d2TrEsA3nzg","o-BODsf2T68"]}
{"category_id":"10","end_day":"18.22.04","number_of_videos":46,"start_day":"18.16.04","total_views":143668012,"video_id":["SCq8n_hOcN8","oCXvPWJClJg","_NWs7ntMRBA","M4ZoCHID9GI","J-dv_DcDD_A","x9e_8zRuuO8","R1TSiB9OuVM","lHxZlnj6yKQ","p6E9R9qv1No","CG9yQ8PXf6o","PaYvlVR_BEc","wylMwU1wEOM","i0p1bmr0EmE","U9BwWKXjVaI","AGPMMAjBt6c","ZEkImgh--PE","KQRq9FZqNj0","Bm8rz-llMhE","J75enyWdbBM","kX0vO4vlJuU","d1D1SJ-KqaQ","J6R0X6NTnSw","DKPCBAlDw2A","Tlu-_31CWfY","zTY7dvFJbXY","rsEne1ZiQrk","BPmAxzEJpWA","jlmNwjdYVnk","VaGcPRMY5UM","ZcCp7488puc","T8lWjQRhQXY","I2sRc3j7IU0","YzTWzK2Ke5Q","1Nu_oGucpDI","-xAMnJgc3oA","cpGA0azFdCs","wjj2upnfBI0","4oYYVrEFWE8","zEf423kYfqk","ffxKSjUwKdU","tlILlcCE8Sc","fNVUTgd4pio","yO9snUMvRuU","whwUlzuLfs4","s31XTrGJchQ","NYMcACJLqJs"]}
{"category_id":"10","end_day":"18.29.04","number_of_videos":41,"start_day":"18.23.04","total_views":194464229,"video_id":["TdyllLZeviY","zEf423kYfqk","ffxKSjUwKdU","8Y5-GI9hYcI","YywJykbEllU","tlILlcCE8Sc","aDBMVKtcG2Q","cpGA0azFdCs","fNVUTgd4pio","yO9snUMvRuU","wjj2upnfBI0","whwUlzuLfs4","s31XTrGJchQ","1Nu_oGucpDI","-xAMnJgc3oA","SCq8n_hOcN8","M4ZoCHID9GI","J-dv_DcDD_A","NYMcACJLqJs","R1TSiB9OuVM","x9e_8zRuuO8","p6E9R9qv1No","CG9yQ8PXf6o","wylMwU1wEOM","i0p1bmr0EmE","U9BwWKXjVaI","ZEkImgh--PE","Bm8rz-llMhE","KQRq9FZqNj0","4oYYVrEFWE8","36tggrpRoTI","DdLYSziSXII","T4FAg5A4wQk","ufynqs_COF4","vyqCSzFZyXg","NHZr6P1csiY","-2aVkGcI7ZA","iWZmdoY1aTE","u_C4onVrr8U","V1Pl8CzNzCw","uovntV3ZMDc"]}
{"category_id":"10","end_day":"18.06.05","number_of_videos":42,"start_day":"18.30.04","total_views":182609249,"video_id":["iWZmdoY1aTE","LryQJ25CnKU","NukmFF__G-g","BFkTu8Y1KLs","V1Pl8CzNzCw","u_C4onVrr8U","NHZr6P1csiY","ufynqs_COF4","36tggrpRoTI","vyqCSzFZyXg","uovntV3ZMDc","DdLYSziSXII","T4FAg5A4wQk","TdyllLZeviY","zEf423kYfqk","8Y5-GI9hYcI","ffxKSjUwKdU","tlILlcCE8Sc","YywJykbEllU","fNVUTgd4pio","cpGA0azFdCs","yO9snUMvRuU","wjj2upnfBI0","whwUlzuLfs4","s31XTrGJchQ","1Nu_oGucpDI","SCq8n_hOcN8","M4ZoCHID9GI","8fbyfDbi-MI","qSKOPBVkpJk","Kw0ih4jPOBo","rxmtHVSVjdo","al2l6YLt7cg","CX11yw6YL1w","DSRSgMp5X1w","5GHXEGz3PJg","Bs-Hr-gEJAU","DkeiKbqa02g","EbSOKsFHwU8","SqNlLDeZcSc","Wpm07-BGJnE","7wDUrQAaYsM"]}
{"category_id":"10","end_day":"18.13.05","number_of_videos":50,"start_day":"18.07.05","total_views":242978007,"video_id":["p8npDG2ulKQ","Wpm07-BGJnE","vjI4Alon-3Q","CX11yw6YL1w","DSRSgMp5X1w","5GHXEGz3PJg","5orrZxSjLQA","iQp1_GfDhwQ","7wDUrQAaYsM","Bs-Hr-gEJAU","rxmtHVSVjdo","DkeiKbqa02g","al2l6YLt7cg","8fbyfDbi-MI","qSKOPBVkpJk","Kw0ih4jPOBo","SqNlLDeZcSc","LryQJ25CnKU","iWZmdoY1aTE","NukmFF__G-g","BFkTu8Y1KLs","V1Pl8CzNzCw","u_C4onVrr8U","NHZr6P1csiY","ufynqs_COF4","DdLYSziSXII","uovntV3ZMDc","T4FAg5A4wQk","zEf423kYfqk","tlILlcCE8Sc","8Y5-GI9hYcI","ffxKSjUwKdU","VYOjWnS4cMY","KUUjtUP2CrE","oWw1BcFhk-k","jQS_kpH9xfA","B3qT1k0r9pw","iGD4bBgWPcY","8h--kFui1JA","eP33TkuI9vI","6mkLWGy6Y3k","ife5Zij94_E","D52qnC7dJcQ","4nq0tT_SAD0","-e-xXN-tcFU","q1jzwV_s8_Y","iILJvqrAQ_w","2PH7dK6SLC8","nNZrc_XvF30","l884wKofd54"]}
{"category_id":"10","end_day":"18.20.05","number_of_videos":42,"start_day":"18.14.05","total_views":167333441,"video_id":["p8npDG2ulKQ","Wpm07-BGJnE","oWw1BcFhk-k","jQS_kpH9xfA","8fbyfDbi-MI","qSKOPBVkpJk","Kw0ih4jPOBo","u_C4onVrr8U","NHZr6P1csiY","MAjY8mCTXWk","BspHjvU11y4","iILJvqrAQ_w","q1jzwV_s8_Y","2PH7dK6SLC8","tjA7nAHOAww","nNZrc_XvF30","4LlQwTgB5Rc","8h--kFui1JA","l884wKofd54","eP33TkuI9vI","VYOjWnS4cMY","-e-xXN-tcFU","6mkLWGy6Y3k","vjI4Alon-3Q","5GHXEGz3PJg","iQp1_GfDhwQ","Bs-Hr-gEJAU","DkeiKbqa02g","B3qT1k0r9pw","D52qnC7dJcQ","4nq0tT_SAD0","iGD4bBgWPcY","KUUjtUP2CrE","ife5Zij94_E","CX11yw6YL1w","rxmtHVSVjdo","WyuPSLj_6aw","2tDKp41nrw8","MBR2kxt7RK8","6SuMbFuKDf8","H7gh2fmdjCU","7C2z4GqqS5E"]}
{"category_id":"10","end_day":"18.27.05","number_of_videos":51,"start_day":"18.21.05","total_views":207550301,"video_id":["2in8XqiElwc","pcJo0tIWybY","n_W54baizX8","7C2z4GqqS5E","ju_inUnrLc4","6SuMbFuKDf8","s3tz_mNg6NQ","z6A2LHGx8_A","H7gh2fmdjCU","WyuPSLj_6aw","MBR2kxt7RK8","MAjY8mCTXWk","BspHjvU11y4","iILJvqrAQ_w","2PH7dK6SLC8","tjA7nAHOAww","nNZrc_XvF30","8h--kFui1JA","4LlQwTgB5Rc","l884wKofd54","eP33TkuI9vI","VYOjWnS4cMY","-e-xXN-tcFU","KUUjtUP2CrE","vjI4Alon-3Q","oWw1BcFhk-k","CX11yw6YL1w","5GHXEGz3PJg","iQp1_GfDhwQ","Bs-Hr-gEJAU","DkeiKbqa02g","B3qT1k0r9pw","rxmtHVSVjdo","D52qnC7dJcQ","7UoP9ABJXGE","QgOXIEhHU1Y","oLDbO545aKQ","PYDu-q6mFeg","3Q2j5ApzSqs","UKserM-i0_A","voG07pt-KYI","NjMd89dggAk","mQ055hHdxbE","Fj3euSYAtnc","kFMZUxX6K6o","aEM2kOrrNJI","au8QGTiPhEw","vRf3azp1pak","UhiXEgqhBWs","GfxNGjfSKRY","hHaUQh6Gx-Q"]}
{"category_id":"10","end_day":"18.03.06","number_of_videos":50,"start_day":"18.28.05","total_views":196273434,"video_id":["nQySbNGu4g0","kFMZUxX6K6o","aEM2kOrrNJI","mQ055hHdxbE","au8QGTiPhEw","vRf3azp1pak","UKserM-i0_A","flLc6LmAG6c","voG07pt-KYI","3Q2j5ApzSqs","UhiXEgqhBWs","GfxNGjfSKRY","QgOXIEhHU1Y","oLDbO545aKQ","hHaUQh6Gx-Q","NjMd89dggAk","2in8XqiElwc","pcJo0tIWybY","n_W54baizX8","7C2z4GqqS5E","ju_inUnrLc4","7UoP9ABJXGE","6SuMbFuKDf8","z6A2LHGx8_A","H7gh2fmdjCU","MBR2kxt7RK8","MAjY8mCTXWk","BspHjvU11y4","iILJvqrAQ_w","2PH7dK6SLC8","tjA7nAHOAww","nNZrc_XvF30","8h--kFui1JA","4LlQwTgB5Rc","l884wKofd54","VYOjWnS4cMY","-e-xXN-tcFU","KUUjtUP2CrE","oWw1BcFhk-k","vjI4Alon-3Q","xTlNMmZKwpA","E4c7EE8_IX0","AoswyJLilgo","aJOTlE1K90k","E5yFcdPAGv0","8JnfIa84TnU","D_6QmL6rExk","592KTCoUuUg","asiRHYuOP08","2SJ0hgdciNE"]}
{"category_id":"10","end_day":"18.10.06","number_of_videos":60,"start_day":"18.04.06","total_views":198436892,"video_id":["Zq5ESvmKagc","Wz_YwUpNOcw","E5yFcdPAGv0","aJOTlE1K90k","zUzBfBqbSmc","D_6QmL6rExk","8JnfIa84TnU","592KTCoUuUg","iC7wWFQUUqU","asiRHYuOP08","xTlNMmZKwpA","2SJ0hgdciNE","E4c7EE8_IX0","bR1d8l92Q8Q","AoswyJLilgo","nQySbNGu4g0","kFMZUxX6K6o","aEM2kOrrNJI","mQ055hHdxbE","au8QGTiPhEw","flLc6LmAG6c","vRf3azp1pak","UKserM-i0_A","UhiXEgqhBWs","voG07pt-KYI","3Q2j5ApzSqs","GfxNGjfSKRY","QgOXIEhHU1Y","hHaUQh6Gx-Q","oLDbO545aKQ","NjMd89dggAk","2in8XqiElwc","n_W54baizX8","pcJo0tIWybY","7UoP9ABJXGE","ju_inUnrLc4","6SuMbFuKDf8","z6A2LHGx8_A","H7gh2fmdjCU","MBR2kxt7RK8","MAjY8mCTXWk","BspHjvU11y4","iILJvqrAQ_w","2PH7dK6SLC8","tjA7nAHOAww","8h--kFui1JA","4LlQwTgB5Rc","l884wKofd54","tN_8CwE8ULI","Len0qLhmhL0","VY1eFxgRR-k","cKbl19xeSIQ","36DAv_m8Mlw","41PTANtZFW0","NB3gWkhLkxM","V15BYnSr0P8","ObDgFUTP0PA","T_o9bDu_srU","VGykknw9eCM","sxS9h8mU2Yk"]}
{"category_id":"10","end_day":"18.17.06","number_of_videos":51,"start_day":"18.11.06","total_views":71942655,"video_id":["mUYsp5baMXo","V15BYnSr0P8","ObDgFUTP0PA","T_o9bDu_srU","L9FA9U4s3Tg","NB3gWkhLkxM","41PTANtZFW0","VGykknw9eCM","VY1eFxgRR-k","sxS9h8mU2Yk","tN_8CwE8ULI","cKbl19xeSIQ","Len0qLhmhL0","Wz_YwUpNOcw","Zq5ESvmKagc","E5yFcdPAGv0","zUzBfBqbSmc","D_6QmL6rExk","8JnfIa84TnU","36DAv_m8Mlw","iC7wWFQUUqU","592KTCoUuUg","asiRHYuOP08","xTlNMmZKwpA","E4c7EE8_IX0","bR1d8l92Q8Q","AoswyJLilgo","nQySbNGu4g0","aEM2kOrrNJI","mQ055hHdxbE","flLc6LmAG6c","au8QGTiPhEw","vRf3azp1pak","UKserM-i0_A","UhiXEgqhBWs","voG07pt-KYI","3Q2j5ApzSqs","GfxNGjfSKRY","QgOXIEhHU1Y","hHaUQh6Gx-Q","oLDbO545aKQ","2in8XqiElwc","n_W54baizX8","pcJo0tIWybY","7UoP9ABJXGE","ju_inUnrLc4","6SuMbFuKDf8","z6A2LHGx8_A","H7gh2fmdjCU","DGzy8FE1Rhk","qQn6TsbYrH8"]}
