{"channel_name":"ibighit","end_date":"18.05.06","start_date":"17.22.11","total_views":232151390,"video_stats":[{"video_id":"ixxR3ZoqnF0","views":7475081},{"video_id":"kTlv5_Bs8aw","views":36857298},{"video_id":"OK3GJ0WIQ8s","views":23416810},{"video_id":"8O_MwlZ2dEg","views":9879448},{"video_id":"kX0vO4vlJuU","views":7518332},{"video_id":"p8npDG2ulKQ","views":29741771},{"video_id":"2tDKp41nrw8","views":8753550},{"video_id":"7C2z4GqqS5E","views":98637739},{"video_id":"D_6QmL6rExk","views":9871361}]}
{"channel_name":"Marvel Entertainment","end_date":"18.02.05","start_date":"17.29.11","total_views":181288029,"video_stats":[{"video_id":"NDBwsMIXlMk","views":537443},{"video_id":"6ZfuNTqbHE8","views":91933007},{"video_id":"PJBmeqpw3DY","views":216047},{"video_id":"HnnRyhuX_jM","views":848764},{"video_id":"sgX_StgXGF0","views":857897},{"video_id":"8_rTIAOohas","views":8842980},{"video_id":"pVxOVlm_lE8","views":8641831},{"video_id":"GjwjzIFcX7U","views":737901},{"video_id":"X2BfTXIwABo","views":400237},{"video_id":"HmBIn9De-Yc","views":340750},{"video_id":"QwievZ1Tx-8","views":52404970},{"video_id":"YZ1UN5gvLjQ","views":2755456},{"video_id":"PbRmbhdHDDM","views":2315502},{"video_id":"trcditUaQJg","views":1888184},{"video_id":"-l7TOYJZBtI","views":709569},{"video_id":"UUkn-enk2RU","views":7857491}]}
{"channel_name":"jypentertainment","end_date":"18.27.04","start_date":"17.11.12","total_views":159068310,"video_stats":[{"video_id":"0v-6AylRH68","views":4029821},{"video_id":"rRzxEiBLQCA","views":41088994},{"video_id":"zi_6oaQyckM","views":7721222},{"video_id":"Sy3ERg7OCWo","views":2045760},{"video_id":"sS0LCjOiIhc","views":25757299},{"video_id":"u6unJQownW4","views":9129695},{"video_id":"i0p1bmr0EmE","views":69295519}]}
{"channel_name":"Dude Perfect","end_date":"18.06.06","start_date":"17.07.12","total_views":150012898,"video_stats":[{"video_id":"-RmUADCWI4A","views":9828746},{"video_id":"9oyKePWRi8Y","views":8930421},{"video_id":"VRJmcxCrAOA","views":29090799},{"video_id":"qZHycHI3F1Q","views":18094162},{"video_id":"MuPL-PSMX0Q","views":4852889},{"video_id":"Wh1L0rOaa88","views":9617675},{"video_id":"S9KxqRUcnCU","views":22233274},{"video_id":"hYirFqEc8Tg","views":15261429},{"video_id":"Hk5dxn5dj2M","views":8593086},{"video_id":"FepIkIILumA","views":5589612},{"video_id":"9m9oO84Q2fk","views":8523528},{"video_id":"v-dfygYIfLs","views":9397277}]}
{"channel_name":"MalumaVEVO","end_date":"18.29.05","start_date":"18.25.03","total_views":147141684,"video_stats":[{"video_id":"-BQJo3vK8O8","views":87264467},{"video_id":"vjI4Alon-3Q","views":59877217}]}
{"channel_name":"TaylorSwiftVEVO","end_date":"18.17.05","start_date":"17.15.12","total_views":118521318,"video_stats":[{"video_id":"MvIwx0JThsk","views":930349},{"video_id":"dfnCAmr569k","views":45141770},{"video_id":"tCXGJQYZ9JA","views":71560694},{"video_id":"MBR2kxt7RK8","views":888505}]}
{"channel_name":"Sony Pictures Entertainment","end_date":"18.07.06","start_date":"17.03.12","total_views":104834201,"video_stats":[{"video_id":"KXHrCBkIxQQ","views":958200},{"video_id":"ii3n7hYQOl4","views":8977497},{"video_id":"Pymm6cmE9uQ","views":460348},{"video_id":"ySy8mcceTno","views":6263424},{"video_id":"dzxFdtWmjto","views":8694299},{"video_id":"sIMChzE_aCo","views":9572037},{"video_id":"aNvRdg1lR7c","views":3856726},{"video_id":"KQKtSekSi94","views":912015},{"video_id":"u9Mv98Gr5pY","views":59254638},{"video_id":"g4Hbz2jLxvQ","views":5885017}]}
{"channel_name":"Cardi B","end_date":"18.14.06","start_date":"17.29.12","total_views":104070872,"video_stats":[{"video_id":"sXP6vliZIHI","views":9816365},{"video_id":"xTlNMmZKwpA","views":94254507}]}
{"channel_name":"BeckyGVEVO","end_date":"18.08.05","start_date":"18.08.05","total_views":99159833,"video_stats":[{"video_id":"zEf423kYfqk","views":99159833}]}
{"channel_name":"ChildishGambinoVEVO","end_date":"18.13.05","start_date":"18.13.05","total_views":98938809,"video_stats":[{"video_id":"VYOjWnS4cMY","views":98938809}]}
{"channel_name":"ArianaGrandeVevo","end_date":"18.14.06","start_date":"18.04.05","total_views":98594371,"video_stats":[{"video_id":"ffxKSjUwKdU","views":95093335},{"video_id":"PYDu-q6mFeg","views":674094},{"video_id":"vRf3azp1pak","views":2826942}]}
{"channel_name":"Jimmy Kimmel Live","end_date":"18.14.06","start_date":"17.14.11","total_views":95981462,"video_stats":[{"video_id":"k29YnfttqEU","views":1315873},{"video_id":"VsYmwBOYfW8","views":2765121},{"video_id":"RTaDvKMtUeA","views":760341},{"video_id":"oMupq6zB1Tc","views":769769},{"video_id":"pQXwQVaQmGk","views":21007},{"video_id":"UB1cGaIW81I","views":67078},{"video_id":"XJBvP-NZJ9U","views":83425},{"video_id":"aT1gOazMMm8","views":842514},{"video_id":"8kFnLQySIzU","views":856874},{"video_id":"2iC9IGKIP50","views":264632},{"video_id":"oFBuCp19L7M","views":868849},{"video_id":"KjICBHj1EzM","views":1365999},{"video_id":"KXRYlfjlFLk","views":187987},{"video_id":"Lx_rI8ACqsc","views":385734},{"video_id":"jibff9m0SjQ","views":518107},{"video_id":"yqulWPljawo","views":441105},{"video_id":"BLOIU9DpLq4","views":543067},{"video_id":"9mwM1VB9qs0","views":912295},{"video_id":"4RYZEOZqWGk","views":82052},{"video_id":"NJAtY43vsl8","views":2985521},{"video_id":"Su6KVN33Bew","views":542870},{"video_id":"W7SZmMW6Ow0","views":211723},{"video_id":"X6h2BE8-w0M","views":599642},{"video_id":"FvBcYkY7ZGo","views":984181},{"video_id":"1QR-GsZkE3E","views":148659},{"video_id":"fOsphXJvaUE","views":291258},{"video_id":"gfmXCAwBkCE","views":331981},{"video_id":"dgcr3mCsqBE","views":77966},{"video_id":"pGgTkFKfLXE","views":541149},{"video_id":"maaWSIlDizs","views":2275306},{"video_id":"HQ9rgYcEstM","views":58933},{"video_id":"Ho8Q_ebYgZc","views":177269},{"video_id":"AtCLwYFRp4o","views":3153075},{"video_id":"xkgcvfbzuqo","views":291192},{"video_id":"5RjEaUqucbw","views":41760},{"video_id":"Z0vLiQLpsc8","views":3222946},{"video_id":"xe6o4ex7-YA","views":4270738},{"video_id":"x3ch1ajtwbc","views":654775},{"video_id":"Kz7R1i2zFpk","views":904704},{"video_id":"tCnbAAgfxH8","views":3687110},{"video_id":"Vvya3yofDY4","views":571176},{"video_id":"ahSKGi_21xg","views":4096699},{"video_id":"7s71D2kQrFE","views":1669974},{"video_id":"dyUJN3skBlU","views":402804},{"video_id":"ZUFRInhV4YE","views":249221},{"video_id":"10ndJuFP1PY","views":991525},{"video_id":"CmO2143BzYA","views":892676},{"video_id":"cN26ESa3IQk","views":319297},{"video_id":"yN0O8UaTnRA","views":2096196},{"video_id":"NtN98IkKxmk","views":343759},{"video_id":"PT2fxswWSpQ","views":359438},{"video_id":"Q1TXk7ZdiQE","views":5432414},{"video_id":"raxxoc_JULA","views":967885},{"video_id":"eIp7PYuAu0k","views":4174131},{"video_id":"-1Hm41N0dUs","views":2058516},{"video_id":"OrnpSe4OChM","views":8751813},{"video_id":"r2vDabFVj-A","views":2035115},{"video_id":"sqVuypJD7zo","views":837762},{"video_id":"oSQZ9NiLoxg","views":690347},{"video_id":"Am6NHDbj6XA","views":6492425},{"video_id":"_iRBspjg2pw","views":1373683},{"video_id":"lRj5d35ePvw","views":3742740},{"video_id":"gB_7KBTfaw8","views":381190},{"video_id":"7IUWv-GmGQg","views":1580705},{"video_id":"12m1rG0Tj7U","views":2771982},{"video_id":"Qesuc8orTUY","views":754071},{"video_id":"F0ZdMq0n8-Y","views":494709},{"video_id":"ldmDBJRARB4","views":784836},{"video_id":"UbmGPOHJYpA","views":1863491},{"video_id":"yz7Xq3T0YPs","views":296295}]}
{"channel_name":"Universal Pictures","end_date":"18.11.06","start_date":"17.08.12","total_views":95074115,"video_stats":[{"video_id":"266EI7hdjFs","views":7080039},{"video_id":"vn9mMeWcgoM","views":38070298},{"video_id":"fupYIggOq38","views":868210},{"video_id":"XcSMdhfKga4","views":4149544},{"video_id":"BjRNY3u3bUw","views":781396},{"video_id":"RfFcaV5O7SU","views":490636},{"video_id":"KXBYn9cwl7U","views":585058},{"video_id":"gYYMnkoFtjM","views":669500},{"video_id":"NooW_RbfdWI","views":8293323},{"video_id":"t9QtXGirWf0","views":2288833},{"video_id":"-Qv6p6pTz5I","views":8955556},{"video_id":"1FJD7jZqZEk","views":9136960},{"video_id":"nd4cLL_MP7M","views":4604207},{"video_id":"ek1ePFp-nBI","views":9100555}]}
{"channel_name":"TheEllenShow","end_date":"18.14.06","start_date":"17.14.11","total_views":91924856,"video_stats":[{"video_id":"yuBqWcSKrCk","views":304926},{"video_id":"Z3OZyb2iWqQ","views":137860},{"video_id":"8hKbIhrb1WU","views":1559003},{"video_id":"eDelIZDzmwQ","views":340348},{"video_id":"mNhxFzR25Rs","views":391853},{"video_id":"6NAISxSPVSQ","views":1002131},{"video_id":"CKPMAICRYuw","views":554250},{"video_id":"IOuFE-6Awos","views":1548962},{"video_id":"jtVz0qxQM_U","views":774304},{"video_id":"F0rXPrnC_Ps","views":102804},{"video_id":"we2XODhx-CM","views":264975},{"video_id":"OZqsFkJpvj0","views":409414},{"video_id":"JgByDCdtNE8","views":174569},{"video_id":"AtbyHpFeVDI","views":295841},{"video_id":"9U9N7U2XdcI","views":106333},{"video_id":"bye513KciIk","views":563127},{"video_id":"8dsf7S5GO1U","views":110750},{"video_id":"ZnQGzfrEpsc","views":719962},{"video_id":"s1yurGsRM_s","views":827474},{"video_id":"h_67XloYXTc","views":577476},{"video_id":"3GUYMZXyf9Y","views":276170},{"video_id":"n11raFYFfm4","views":186023},{"video_id":"lsyXtbi9znw","views":942056},{"video_id":"t4NRe5NI5Gc","views":235293},{"video_id":"mQdBJGlnQYs","views":913481},{"video_id":"Djw1PmpZt9w","views":624212},{"video_id":"LSDCUIn33G4","views":318801},{"video_id":"QVoleJYgdM8","views":2636357},{"video_id":"gNG0GiSrwas","views":596467},{"video_id":"-0NYY8cqdiQ","views":563746},{"video_id":"yc0kcGgg3o0","views":2087032},{"video_id":"ipWfcK1HVdA","views":2908064},{"video_id":"BubFE0CYMYg","views":882501},{"video_id":"vNfkwsj8RpQ","views":204732},{"video_id":"wKbFHK05Jks","views":270177},{"video_id":"-YRlVB6Qgug","views":723523},{"video_id":"P2kfIRZtTOI","views":94139},{"video_id":"bPNi_492aEQ","views":3598002},{"video_id":"UYZ1WjJI1NM","views":361213},{"video_id":"ad_higXixRA","views":2841864},{"video_id":"jr8L_hJcCM4","views":1696551},{"video_id":"Ob48twC1yf8","views":799234},{"video_id":"MHEYapANYk4","views":315148},{"video_id":"GbrueARGMhE","views":1704711},{"video_id":"5SkwvwSydmk","views":508376},{"video_id":"98ixGAcR1T4","views":531285},{"video_id":"ckS1F3mJzb0","views":3311448},{"video_id":"KKD9DLbRak8","views":1612248},{"video_id":"43hsIO_Jxtg","views":945936},{"video_id":"jYwgqUUx_7s","views":960599},{"video_id":"4csQhMHvQWk","views":936298},{"video_id":"f3mOQCjL10g","views":4403389},{"video_id":"-wuvYC0x5lc","views":863685},{"video_id":"MKc22HuE_94","views":720317},{"video_id":"dLRMA_lWsDY","views":941253},{"video_id":"J-7FkW1Cuic","views":827210},{"video_id":"bWNMZYe6bzw","views":883599},{"video_id":"KiBS-dbv_x0","views":9225029},{"video_id":"yc-iu4MjK1g","views":4022934},{"video_id":"_wrEYqdTf98","views":2957935},{"video_id":"5JYqTSSH6IA","views":2449920},{"video_id":"2QMjAiy_2t8","views":1912737},{"video_id":"23ILq4uxd-w","views":2183863},{"video_id":"efNXlVeeLIw","views":981060},{"video_id":"IB8_pdzWy6Q","views":932020},{"video_id":"1RZYOeQeIXE","views":704786},{"video_id":"THCVReSmm90","views":2188275},{"video_id":"Dv4Ph97jv44","views":1650078},{"video_id":"3SqtO2VXsPI","views":430591},{"video_id":"a7JQzSn8Ptg","views":2193778},{"video_id":"9sRQQRiltrE","views":4005642},{"video_id":"ZAzk_L70t1s","views":506046},{"video_id":"-0CMnp02rNY","views":800359},{"video_id":"hKNRieaN0ZI","views":788301}]}
{"channel_name":"LuisFonsiVEVO","end_date":"17.25.11","start_date":"17.25.11","total_views":91552137,"video_stats":[{"video_id":"TyHvyGVs42U","views":91552137}]}
{"channel_name":"FoxStarHindi","end_date":"18.14.06","start_date":"18.14.05","total_views":89369532,"video_stats":[{"video_id":"rRr1qiJRsXk","views":48654951},{"video_id":"1J76wN0TPI4","views":40714581}]}
{"channel_name":"Warner Bros. Pictures","end_date":"18.14.06","start_date":"17.18.11","total_views":85962970,"video_stats":[{"video_id":"coOKvrsmQiI","views":7797259},{"video_id":"Zxag9p-63RU","views":1484851},{"video_id":"_r9GPgvN8As","views":769805},{"video_id":"sw7RElt-SvE","views":96706},{"video_id":"cSp1dM2Vj48","views":9523267},{"video_id":"IC_lnyn2R2Q","views":967640},{"video_id":"QerVvvNem1w","views":632993},{"video_id":"MFWF9dU5Zc0","views":9039407},{"video_id":"07Um1PY_P4o","views":79556},{"video_id":"cAamrkLjIuM","views":77213},{"video_id":"iLZSB-5Dyf8","views":688577},{"video_id":"qmxMAdV6s4U","views":2178547},{"video_id":"T1B1CxmAXLk","views":958455},{"video_id":"D_eZxSYRhco","views":781787},{"video_id":"5sEaYB4rLFQ","views":7822003},{"video_id":"rjLVCpE3kuw","views":3945913},{"video_id":"kjC1zmZo30U","views":750825},{"video_id":"n5LoVcVsiSQ","views":8837197},{"video_id":"ZQ-YX-5bAs0","views":6461082},{"video_id":"34cHO5_LX9g","views":4026262},{"video_id":"GpxCT36DxKg","views":9499263},{"video_id":"XvHSlHhh1gk","views":2901230},{"video_id":"nSbzyEJ8X9E","views":4570970},{"video_id":"pzD9zGcUNrw","views":2072162}]}
{"channel_name":"WWE","end_date":"18.14.05","start_date":"17.15.11","total_views":85767960,"video_stats":[{"video_id":"069D0NmW39o","views":1155622},{"video_id":"oRF2-ZloSqg","views":845763},{"video_id":"5UL5wZJPLEg","views":379172},{"video_id":"LDVXOo_HXKU","views":1927025},{"video_id":"OU9IwxU7N78","views":680569},{"video_id":"pDf5sHgvo0A","views":707164},{"video_id":"JaNmH8A-4NM","views":1057014},{"video_id":"jLZuaFZWa7A","views":746691},{"video_id":"blgS56pESPk","views":2027943},{"video_id":"q-jZm-FUbqs","views":1354133},{"video_id":"pk0xdl0rRFg","views":540919},{"video_id":"zeO4C8e4pjw","views":466388},{"video_id":"zDz9s2AOTVE","views":5103093},{"video_id":"EQvdKS-QX_E","views":981884},{"video_id":"2_DRBnV4nGY","views":905126},{"video_id":"v5QCBkrbuy4","views":98845},{"video_id":"phCIKfJY7SU","views":2739574},{"video_id":"6wHZT2t78E4","views":1190828},{"video_id":"IBVo8dfqTBc","views":9159408},{"video_id":"v3UrBcJaczQ","views":3272327},{"video_id":"f-xe1qxhcUI","views":2822715},{"video_id":"uu99R0zAUEw","views":1696151},{"video_id":"cFeDbPWPyJM","views":1734377},{"video_id":"T2aJzwAeA9Y","views":3988000},{"video_id":"7Jz8wZbXuDA","views":4344751},{"video_id":"9dHLFD_Jveo","views":2192738},{"video_id":"FFsp5b4AUTE","views":8718657},{"video_id":"jhEBBGOD7es","views":2927970},{"video_id":"GBTV5ekQwWw","views":4440991},{"video_id":"QfNG-YJ3YmU","views":2097854},{"video_id":"BsadA7UR110","views":942091},{"video_id":"gR0pSSISaVk","views":8395058},{"video_id":"QtNvvWsSsoE","views":2505614},{"video_id":"IP4hs_wq5yE","views":3621505}]}
{"channel_name":"The Tonight Show Starring Jimmy Fallon","end_date":"18.14.06","start_date":"17.16.11","total_views":82806857,"video_stats":[{"video_id":"gjXrm2Q-te4","views":2223948},{"video_id":"t1Liix4gi7k","views":1035804},{"video_id":"ZpS-w6BxN-U","views":178325},{"video_id":"tr7I4vokl78","views":576496},{"video_id":"89PKbJ2NAqc","views":1134859},{"video_id":"9VH4yQrU_SY","views":184579},{"video_id":"kn4kBibdlWA","views":784451},{"video_id":"4FgV0yBZG6E","views":375897},{"video_id":"Fh3zmz7Ravw","views":639815},{"video_id":"2v34qDKvLqM","views":110339},{"video_id":"7Nv1KoqM6vc","views":1698230},{"video_id":"48pP0WFjuOE","views":595820},{"video_id":"hjZJaf6FbOw","views":240430},{"video_id":"Ub53c95Soqk","views":289522},{"video_id":"xNvlaa5-vtI","views":831710},{"video_id":"tUBLW5bCqfM","views":895766},{"video_id":"NeH_wFJ8lZc","views":106288},{"video_id":"GIRJck1pVRA","views":279522},{"video_id":"EajOkkJ80uc","views":448835},{"video_id":"KMTJrFPie6w","views":24032},{"video_id":"azVAxbETWmk","views":1141627},{"video_id":"8LPVjHxXvJM","views":5356548},{"video_id":"V_jU_ssWvc4","views":988603},{"video_id":"mRo6MnXObuE","views":953710},{"video_id":"czBa9nbvGNA","views":951276},{"video_id":"aPrpWFl2eik","views":499527},{"video_id":"tUg-WLRdRv0","views":381361},{"video_id":"P6K9Y6FWo74","views":784803},{"video_id":"EOmcGbXsRM8","views":88425},{"video_id":"aHuIyhO7dtw","views":435210},{"video_id":"NkgW3SLLZgU","views":435057},{"video_id":"txHbh2PAeV4","views":138674},{"video_id":"efve8-mhdVg","views":317963},{"video_id":"MjSZs_uOWxg","views":458494},{"video_id":"fAWQ7qPsS3Y","views":227226},{"video_id":"tPtMP_NAMz0","views":778903},{"video_id":"FPHrWxxw9Is","views":175400},{"video_id":"SDGHRQyZKes","views":669789},{"video_id":"nE_TyW-7F4Q","views":2710968},{"video_id":"pgkaAzDMEYA","views":361646},{"video_id":"ETabBP9tUD4","views":114967},{"video_id":"af6L1jBZGYA","views":905931},{"video_id":"Ox-DSihhpBM","views":283899},{"video_id":"133w0dT64A0","views":87041},{"video_id":"yzJtC835sio","views":342260},{"video_id":"expKmfdoo28","views":97254},{"video_id":"PdWe5ULGy_s","views":312740},{"video_id":"0-yiRIWkhLo","views":319104},{"video_id":"Qx54quy9tDQ","views":5270624},{"video_id":"IJlXXvSFyUU","views":327912},{"video_id":"aGl-1nwahCA","views":4807512},{"video_id":"ebHbB2eDz1g","views":293147},{"video_id":"bwlEaGiO9Zw","views":593679},{"video_id":"XKrV_JqZX1Q","views":1337261},{"video_id":"kD-_iyS95AQ","views":5386126},{"video_id":"54z8jWNM0bE","views":2635367},{"video_id":"yko-YmuDm7E","views":391656},{"video_id":"wA6_Z2X-ut8","views":372228},{"video_id":"04aPsalAZQI","views":219193},{"video_id":"lq0WUudJiSM","views":612091},{"video_id":"A9R5tJPbcKI","views":530315},{"video_id":"lHNmUUi6LzM","views":396832},{"video_id":"L3ymBk6Vb04","views":8408515},{"video_id":"NaY91YjVbEM","views":7172963},{"video_id":"j1v2A5pyGlY","views":1995496},{"video_id":"R9YYmoJjBxI","views":2512491},{"video_id":"m6lY1GXTu5M","views":2015271},{"video_id":"2c9fXDI2EYE","views":1887277},{"video_id":"e9NOwaiXqqA","views":806607},{"video_id":"00mdcc9o28A","views":628234},{"video_id":"kATuE1S5qk0","views":644853},{"video_id":"amtC28yfYCM","views":588133}]}
{"channel_name":"The Late Late Show with James Corden","end_date":"18.14.06","start_date":"17.14.11","total_views":80668247,"video_stats":[{"video_id":"cOc3tsFWoRs","views":1497519},{"video_id":"HBS9783c0BI","views":102639},{"video_id":"sottGW1p5os","views":3621389},{"video_id":"p8XP7A7kvzM","views":9856767},{"video_id":"ajBJamgZ2nc","views":114518},{"video_id":"mH-Sx0lEGjA","views":461918},{"video_id":"UiWGp8dFr5k","views":333626},{"video_id":"8z_cg5CypRc","views":3074263},{"video_id":"jLM2ibaRbrk","views":4110136},{"video_id":"Ps-nEyvsCKY","views":342865},{"video_id":"vW7H-DKivX8","views":2570365},{"video_id":"0DpCDxoj_Xg","views":690533},{"video_id":"IQYLPEuAClo","views":2464874},{"video_id":"TZSVf-yD7N8","views":3810354},{"video_id":"LyyqqECQ1z4","views":362180},{"video_id":"Kpxn9nl02qg","views":425995},{"video_id":"7YibRBd46oo","views":27666},{"video_id":"DjbysQgJ64Y","views":2393894},{"video_id":"oaU82_uGTQg","views":409337},{"video_id":"XYfulkXyDHU","views":72821},{"video_id":"xOFdHUv0zrQ","views":320028},{"video_id":"ZGmmiuiVEnU","views":296104},{"video_id":"ilTHiqAmuX8","views":1142163},{"video_id":"HOblx_0Zyts","views":41602},{"video_id":"YOxo2IUFnr4","views":98775},{"video_id":"foImxGyOuQE","views":89365},{"video_id":"_GZlUextcAA","views":850683},{"video_id":"RE-aVnbJyOU","views":321580},{"video_id":"jzIE_oKG9PU","views":2712798},{"video_id":"wfkZ2gXl2ak","views":370464},{"video_id":"f743HmLmJOY","views":822530},{"video_id":"g-F3A9n9BLg","views":893115},{"video_id":"QBzQeyHh0i8","views":806795},{"video_id":"U3wVDJTOzqA","views":613552},{"video_id":"R10qTLfwm8E","views":5733673},{"video_id":"-lgcAySBbTA","views":4518449},{"video_id":"U0z-x5O_Jpw","views":891901},{"video_id":"LtBpvxdI1yQ","views":143619},{"video_id":"G7yP4-ofcFQ","views":506930},{"video_id":"eiudTjsGM7g","views":1564769},{"video_id":"Y0KgYB3wIGo","views":3657659},{"video_id":"CZkUNPBlJIQ","views":7701371},{"video_id":"Jodbdj52Vc0","views":6908017},{"video_id":"KyB0zVHm2P0","views":1365473},{"video_id":"K5lmXgKi6V0","views":688984},{"video_id":"6h8QgZF5Qu4","views":864189}]}
