{"channel_name":"ibighit","end_date":"18.04.06","start_date":"17.20.11","total_views":183481576,"video_stats":[{"video_id":"ixxR3ZoqnF0","views":6674015},{"video_id":"kTlv5_Bs8aw","views":30583293},{"video_id":"OK3GJ0WIQ8s","views":10695328},{"video_id":"kX0vO4vlJuU","views":7518990},{"video_id":"p8npDG2ulKQ","views":22612931},{"video_id":"2tDKp41nrw8","views":8753550},{"video_id":"7C2z4GqqS5E","views":87430865},{"video_id":"D_6QmL6rExk","views":9212604}]}
{"channel_name":"Marvel Entertainment","end_date":"18.02.05","start_date":"17.29.11","total_views":152686589,"video_stats":[{"video_id":"3VbHg5fqBYw","views":3111226},{"video_id":"6ZfuNTqbHE8","views":87450245},{"video_id":"sgX_StgXGF0","views":559930},{"video_id":"pVxOVlm_lE8","views":8642998},{"video_id":"QwievZ1Tx-8","views":45064699},{"video_id":"UUkn-enk2RU","views":7857491}]}
{"channel_name":"jypentertainment","end_date":"18.06.06","start_date":"17.09.12","total_views":108692082,"video_stats":[{"video_id":"fr4ZG7h5IRg","views":7252254},{"video_id":"rRzxEiBLQCA","views":41088994},{"video_id":"zi_6oaQyckM","views":4636300},{"video_id":"lpzJNwur6Zk","views":1867652},{"video_id":"sS0LCjOiIhc","views":6577640},{"video_id":"CmMxoSlypus","views":1466924},{"video_id":"8SCQQeMBhrk","views":1057098},{"video_id":"VyqV-fRB3Yo","views":1664948},{"video_id":"i0p1bmr0EmE","views":42267579},{"video_id":"2MiQonPvlVM","views":812693}]}
{"channel_name":"YouTube Spotlight","end_date":"17.09.12","start_date":"17.09.12","total_views":75969469,"video_stats":[{"video_id":"FlsCjmMhFmw","views":75969469}]}
{"channel_name":"MLG Highlights","end_date":"18.02.06","start_date":"17.16.11","total_views":73895184,"video_stats":[{"video_id":"2CZXls3Yclo","views":2232830},{"video_id":"tO5eH6oRMfw","views":1644780},{"video_id":"jKkOYEW7RvQ","views":3801386},{"video_id":"X4quXDeFyhk","views":1446819},{"video_id":"sm9u0_9ejO0","views":1118920},{"video_id":"Euy76qPpK7s","views":1654526},{"video_id":"6ybKFp09OwA","views":1562989},{"video_id":"ztAD4WpM3tQ","views":1405612},{"video_id":"z5wiZRlV9I4","views":2415334},{"video_id":"X1rfgbHfPDc","views":1161929},{"video_id":"hUZS6yW0fQk","views":2829312},{"video_id":"rOGzfEBzokI","views":1628684},{"video_id":"h14C_QOOEOE","views":2100285},{"video_id":"uXT5UDRS9-c","views":1208916},{"video_id":"OPdssn10jNs","views":2386382},{"video_id":"oyzJg4FT9nQ","views":1253436},{"video_id":"MTpGrsKEExU","views":3143036},{"video_id":"1nNx3RnVqig","views":1060625},{"video_id":"tihKvn6OiAo","views":1524976},{"video_id":"RORkfLdcD60","views":2377078},{"video_id":"_bQmgkmY-7g","views":1162089},{"video_id":"BrFBZpCuIvg","views":556063},{"video_id":"F4bPAR_kkpU","views":2236990},{"video_id":"TB4vs1u_cq0","views":1399910},{"video_id":"X1XiLoNI8C4","views":1790332},{"video_id":"iWnnupdzG5c","views":977019},{"video_id":"Rg8PAtb-_B0","views":1043141},{"video_id":"m1ayLiS05Mw","views":1565179},{"video_id":"RDLFB1R89IE","views":2827327},{"video_id":"y68CyFoWkOg","views":2075123},{"video_id":"W8rKGqvLu5o","views":2176186},{"video_id":"obqj4wkwgv8","views":2782899},{"video_id":"9PgnBistWV4","views":850785},{"video_id":"IX5AS7zVvkw","views":786697},{"video_id":"Xj2vYAq-bwY","views":4510182},{"video_id":"SauIuZR5PZ8","views":2896142},{"video_id":"tqqGzn2YWX4","views":2975372},{"video_id":"mvulvk-bBx0","views":3325893}]}
{"channel_name":"ChildishGambinoVEVO","end_date":"18.11.05","start_date":"18.11.05","total_views":73432600,"video_stats":[{"video_id":"VYOjWnS4cMY","views":73432600}]}
{"channel_name":"TaylorSwiftVEVO","end_date":"18.16.03","start_date":"18.16.01","total_views":69927430,"video_stats":[{"video_id":"dfnCAmr569k","views":34708457},{"video_id":"tCXGJQYZ9JA","views":35218973}]}
{"channel_name":"20th Century Fox","end_date":"18.18.05","start_date":"17.11.12","total_views":66109439,"video_stats":[{"video_id":"aj8mN_7Apcw","views":5224475},{"video_id":"xZNBFcwd7zc","views":15338252},{"video_id":"D86RtevtfrA","views":26670001},{"video_id":"20bpjtCbCz0","views":9823890},{"video_id":"6S9c5nnDd_s","views":9052821}]}
{"channel_name":"Sony Pictures Entertainment","end_date":"18.07.06","start_date":"18.10.02","total_views":63764603,"video_stats":[{"video_id":"dzxFdtWmjto","views":8694299},{"video_id":"u9Mv98Gr5pY","views":49185287},{"video_id":"g4Hbz2jLxvQ","views":5885017}]}
{"channel_name":"DIEN QUAN Comedy / Hài","end_date":"18.03.03","start_date":"17.25.11","total_views":62568266,"video_stats":[{"video_id":"_ahENVItQj4","views":4265491},{"video_id":"nPeYAsLYALA","views":4885184},{"video_id":"Hk5bgB77VHM","views":5561192},{"video_id":"acllEsTUYAU","views":4367075},{"video_id":"r7ZSj8IbIqA","views":4328925},{"video_id":"51JIo0eQhHI","views":4602248},{"video_id":"GL3R8ffq-rw","views":3307126},{"video_id":"xq7ur-BxAJc","views":3141738},{"video_id":"s_3ZgF5IhRg","views":8713798},{"video_id":"eNk12DW41js","views":4966511},{"video_id":"vkOt4zmxHhQ","views":4116793},{"video_id":"GpoebDZfsJQ","views":3987047},{"video_id":"mDs-bSjpTuQ","views":6325138}]}
{"channel_name":"SMTOWN","end_date":"18.12.06","start_date":"17.17.11","total_views":60536632,"video_stats":[{"video_id":"5ORXcfLXuXU","views":916731},{"video_id":"6uJf2IT2Zh8","views":8097332},{"video_id":"SPcDPoaouO0","views":3187549},{"video_id":"Ddc_HMjkVlY","views":162072},{"video_id":"c9fSp5we6w4","views":475298},{"video_id":"hsh54g9JmC0","views":2087091},{"video_id":"TqHjiwOhxAw","views":433686},{"video_id":"SErTVxjn9sU","views":497045},{"video_id":"leu-cTvMWTA","views":5739252},{"video_id":"Q48VduIflPk","views":1475878},{"video_id":"XcdLVKYsHHU","views":3287432},{"video_id":"J41qe-TM1DY","views":5320719},{"video_id":"cC7Fjm80opI","views":1045341},{"video_id":"J_CFBjAyPWE","views":7385982},{"video_id":"WQtXLka9n0w","views":1895364},{"video_id":"k0DqRstCgj4","views":1906564},{"video_id":"cD8SYW8rjaQ","views":3242148},{"video_id":"PoZjtMhVUlg","views":152005},{"video_id":"pgjVD0OVQwY","views":200047},{"video_id":"3wnHiK5sKgA","views":2393394},{"video_id":"rqOxWsL6jMw","views":204955},{"video_id":"TPDv9hgJ3ZI","views":380754},{"video_id":"D5tett-Kb6w","views":400107},{"video_id":"esb4Waprerk","views":289187},{"video_id":"wHmXwcAOnoM","views":658946},{"video_id":"AWmwmH3xUko","views":1334128},{"video_id":"7dGwk5-QMpc","views":4473845},{"video_id":"s58M3eOtICI","views":610208},{"video_id":"iX_oTO5JIPM","views":157952},{"video_id":"8ejI0_jUXGg","views":397592},{"video_id":"OdvxstltbCY","views":315688},{"video_id":"IDpWeURKkbI","views":1412340}]}
{"channel_name":"보겸 TV","end_date":"18.14.06","start_date":"17.14.11","total_views":56970011,"video_stats":[{"video_id":"eBBKwCAoShE","views":524465},{"video_id":"evGMWiEqTYM","views":317155},{"video_id":"AHQOWzqJFew","views":696953},{"video_id":"QRSK6ZD12-s","views":688779},{"video_id":"2mJdEM4_tPM","views":205936},{"video_id":"5LyNsQVSzWM","views":517629},{"video_id":"ZD6i_D2jq8E","views":572487},{"video_id":"kS4ZWOEZ_M8","views":324058},{"video_id":"cezJWjMTuDw","views":274722},{"video_id":"Jebm1hpPUjU","views":459495},{"video_id":"sZBxWCcQA00","views":587659},{"video_id":"NF2fZ_ADTb8","views":383769},{"video_id":"XdU9p0acksk","views":524278},{"video_id":"CUND31D1794","views":816192},{"video_id":"LE1dTeO8Je8","views":979430},{"video_id":"lnii-ETahc0","views":457780},{"video_id":"etbpaFfils4","views":941444},{"video_id":"ZrKE0VQYP2U","views":568445},{"video_id":"npfXCcAR6c8","views":666683},{"video_id":"_K_qabvYjM0","views":557214},{"video_id":"VaLS2UEMsfI","views":704269},{"video_id":"OPiHhsMde14","views":927750},{"video_id":"3Ev7YHA9_9Y","views":773020},{"video_id":"Vcs80xo-tmc","views":970342},{"video_id":"5qn1OQuWAuA","views":713539},{"video_id":"2DxQHSNMzoQ","views":593258},{"video_id":"5c848po1KNc","views":956823},{"video_id":"4Lqd1g0d8yE","views":667208},{"video_id":"qe9TIGcXhM4","views":522303},{"video_id":"_9TZSfIxTwg","views":766990},{"video_id":"SBQooTqFqHI","views":926307},{"video_id":"KeDk-IkIWKQ","views":775687},{"video_id":"optDdHhKr8c","views":751770},{"video_id":"uhgoaBFCzH0","views":1125668},{"video_id":"A8t6iyIG1rQ","views":704061},{"video_id":"xvkCstxAMDk","views":839088},{"video_id":"tzC-LUzdSp4","views":950011},{"video_id":"RaZnlSa2qk8","views":1306748},{"video_id":"U7GgqHAQdX0","views":1342417},{"video_id":"piV3US0uRak","views":656820},{"video_id":"N3r_y_dQi2Q","views":993418},{"video_id":"0B5LkcyskPQ","views":1892210},{"video_id":"g8cCthZr7Vc","views":576987},{"video_id":"CDeP_bTZAFo","views":954389},{"video_id":"HHQN5f7IM3M","views":846721},{"video_id":"CR90meYsMn8","views":974924},{"video_id":"JK_TulSiJz8","views":1301411},{"video_id":"J-Dj5D_j-9I","views":805121},{"video_id":"WgAk6HHwjPo","views":475833},{"video_id":"6jW4QmfN4Yo","views":498316},{"video_id":"1TQjgs4azl0","views":744331},{"video_id":"JS9yHRIaxRQ","views":968462},{"video_id":"UIZAk50JVYI","views":719393},{"video_id":"npvNI6VjprI","views":679526},{"video_id":"BJs-TeyIKVY","views":993838},{"video_id":"ZGEsEHnwcpQ","views":823546},{"video_id":"heR4rYspN8Y","views":959537},{"video_id":"bB6OxoMgnGw","views":914189},{"video_id":"XrcGIdds8mA","views":727855},{"video_id":"aBq5CMxzdL0","views":887545},{"video_id":"B2U6B2EW_7E","views":997020},{"video_id":"5oqZjzlI_Mo","views":817639},{"video_id":"u01WA536_pw","views":768708},{"video_id":"7hZ2DLfywSI","views":910123},{"video_id":"p48Agkdug5M","views":2251605},{"video_id":"xTVgrCnppLI","views":608492},{"video_id":"MFQhkQV8gLg","views":963356},{"video_id":"6H83ezxc6cE","views":413493},{"video_id":"6uxrvBEnz_o","views":955562},{"video_id":"ELpVvWO6XbE","views":887218},{"video_id":"_IhPmIYEOkQ","views":935163},{"video_id":"_QJZpld-JwQ","views":685428}]}
{"channel_name":"Universal Pictures","end_date":"18.20.04","start_date":"17.08.12","total_views":53983335,"video_stats":[{"video_id":"266EI7hdjFs","views":7080039},{"video_id":"vn9mMeWcgoM","views":29473013},{"video_id":"NooW_RbfdWI","views":8293323},{"video_id":"1FJD7jZqZEk","views":9136960}]}
{"channel_name":"BANGTANTV","end_date":"18.14.06","start_date":"17.17.11","total_views":49098660,"video_stats":[{"video_id":"1YEXXIWqkMM","views":1293307},{"video_id":"HQsyxzOCuWA","views":2886824},{"video_id":"c5_LROaHGtw","views":1728678},{"video_id":"OMjMmULhl_M","views":1613868},{"video_id":"E0rZVPFUeyg","views":1251010},{"video_id":"R-ceLUo4fgs","views":1466733},{"video_id":"WBa75A4KWtM","views":940787},{"video_id":"3-FXW0CW_8o","views":1986416},{"video_id":"T-iAqeqwGKU","views":1028104},{"video_id":"ykZi4U9669A","views":539149},{"video_id":"HDPRzJ97Zos","views":1654363},{"video_id":"7PQbMLc_sSs","views":992224},{"video_id":"Ip7eVuFxiEE","views":1729319},{"video_id":"sJGolNWtHFI","views":690491},{"video_id":"L38H9yVb3d8","views":822904},{"video_id":"RmZ3DPJQo2k","views":658052},{"video_id":"Iiukq_ilT0Y","views":18555},{"video_id":"Jn7rmGswb28","views":1181768},{"video_id":"SlMOw2vzDLU","views":43577},{"video_id":"adMBDxnhJMw","views":54956},{"video_id":"PMEkmiQP5bg","views":2942269},{"video_id":"jpStWV2GHF4","views":42150},{"video_id":"PfLCyR6Efvw","views":97620},{"video_id":"lOf16ZQDDdE","views":2951703},{"video_id":"Hoz5OQjXEA8","views":3076627},{"video_id":"nQySbNGu4g0","views":6569383},{"video_id":"ZaOvpvw1NwA","views":2185092},{"video_id":"6tJP3Y0QhV4","views":3886012},{"video_id":"K4Melso7MPU","views":3549208},{"video_id":"3AqMlTSfcjE","views":1217511}]}
{"channel_name":"T-Series","end_date":"18.21.01","start_date":"17.15.11","total_views":46660698,"video_stats":[{"video_id":"c64I9HNpiOY","views":11810521},{"video_id":"dZ0fwJojhrs","views":8063475},{"video_id":"xWi8nDUjHGA","views":9678138},{"video_id":"ZgTKmRPWMq4","views":9443754},{"video_id":"cajMxG9Y-Dk","views":7664810}]}
{"channel_name":"HTV Entertainment","end_date":"18.10.03","start_date":"17.18.11","total_views":46439185,"video_stats":[{"video_id":"coSa4jz9ZR4","views":1978561},{"video_id":"zsKnYYuW-zM","views":1825897},{"video_id":"NPWGGzsrClw","views":1803557},{"video_id":"Phx-flEFELY","views":2896222},{"video_id":"Vvt2r9IMPxU","views":1271325},{"video_id":"iAtFifxkrBk","views":4031289},{"video_id":"YdU-OjLck1o","views":2235614},{"video_id":"OsTClLdwv3U","views":2958755},{"video_id":"P-DDEEQAD2M","views":3116425},{"video_id":"Q38i6gmCLE0","views":5719430},{"video_id":"TFJKV4oCHSg","views":3529889},{"video_id":"9B0Lo0LgT5Y","views":2719988},{"video_id":"oeeSViZiC4Q","views":487910},{"video_id":"dCrnsWXg9_o","views":2918983},{"video_id":"2In9cSRgH6U","views":1271775},{"video_id":"JvzC727k5ac","views":3480352},{"video_id":"jmCSYUzU3IM","views":4193213}]}
{"channel_name":"DIEN QUAN Entertainment / Giải Trí","end_date":"18.05.02","start_date":"17.14.11","total_views":42475048,"video_stats":[{"video_id":"r_kggQY7cHw","views":3933794},{"video_id":"VD1QOLIhvzA","views":3948343},{"video_id":"4FJM_NSNAHw","views":3571873},{"video_id":"hbEQ568X8U0","views":4754601},{"video_id":"J0REYqmmPAI","views":4017440},{"video_id":"oS07bQTPZ20","views":3947934},{"video_id":"1eEeZePaEq8","views":3258886},{"video_id":"pF9EL787570","views":3792644},{"video_id":"qY1a4r7LT2c","views":2732903},{"video_id":"lQVKsPv6i3M","views":2498732},{"video_id":"DeNSakevKD4","views":2885114},{"video_id":"c4NtD6nAR9E","views":1097705},{"video_id":"C1XiBorCfO0","views":2035079}]}
{"channel_name":"Disney•Pixar","end_date":"18.15.04","start_date":"17.20.11","total_views":42138993,"video_stats":[{"video_id":"ZJDMWVZta3M","views":9920833},{"video_id":"YBpdL9hSac4","views":23739439},{"video_id":"i5qOzqD9Rms","views":8478721}]}
{"channel_name":"TV Derana","end_date":"18.12.06","start_date":"17.16.11","total_views":38668691,"video_stats":[{"video_id":"tranxI3uYT4","views":392218},{"video_id":"6Oxp49EtodU","views":399850},{"video_id":"XLSjzjS-pu8","views":421855},{"video_id":"r8TvReaw3eQ","views":421940},{"video_id":"0GCFb8vO6xI","views":324149},{"video_id":"HLAZuG3byjs","views":303605},{"video_id":"Rb2zDQSWEuo","views":411089},{"video_id":"cPAK_9m_Kfs","views":287658},{"video_id":"hHxWAuguyNs","views":294908},{"video_id":"MF43dPRKR98","views":406360},{"video_id":"m8Zp1sIDBsk","views":467293},{"video_id":"kOOEVkWvKBU","views":302664},{"video_id":"6gnCcJ-vqt4","views":430012},{"video_id":"XbCpIEkQAqc","views":428523},{"video_id":"fkJvMnNJDeo","views":434136},{"video_id":"vAbmq5HNMxg","views":314650},{"video_id":"3ULbk8yLlkY","views":418009},{"video_id":"WYdqN-QssTg","views":416058},{"video_id":"pCb8W9GscQM","views":393052},{"video_id":"1Wp6Vy30lcA","views":422082},{"video_id":"EVNW_QVH2XI","views":435332},{"video_id":"Eh-vRKOecPA","views":456074},{"video_id":"NjL1g9V8b60","views":417804},{"video_id":"8WKV-iYdrlw","views":400537},{"video_id":"psZ_a2ZBuH8","views":428647},{"video_id":"93R84dRHi4k","views":395228},{"video_id":"3iU2aA8v8BE","views":388019},{"video_id":"H1OF8Yq_5X0","views":395744},{"video_id":"sSLs1EoPFu0","views":398991},{"video_id":"oQ3NkIXXws8","views":403993},{"video_id":"r9Y9KP1nTjQ","views":322092},{"video_id":"ybSXhkWeBnQ","views":530263},{"video_id":"xzzbOj87rq4","views":429374},{"video_id":"qgczWjgasdg","views":426689},{"video_id":"IPXqreoJEyk","views":449799},{"video_id":"F5U_XwPATw4","views":323367},{"video_id":"Fv8GmEPR1UU","views":466096},{"video_id":"hPuH3Z4g5Ts","views":454299},{"video_id":"tFNhbfun_8w","views":421431},{"video_id":"btyFckswNCo","views":432179},{"video_id":"wBuHp4s9i5M","views":433673},{"video_id":"No59jZ2GvI0","views":425657},{"video_id":"UabBoi2XVDw","views":299673},{"video_id":"myrjlTMcAnA","views":406088},{"video_id":"_61JvWOSkVo","views":175105},{"video_id":"2m-IegwFzYQ","views":309996},{"video_id":"ti8V3oOpssQ","views":315616},{"video_id":"YfJTsK5NxOY","views":440276},{"video_id":"G-lbFCPqSQg","views":294388},{"video_id":"CVEsBs702yI","views":385712},{"video_id":"RHjsogUcC4M","views":139962},{"video_id":"FhhDuz3IpXk","views":421897},{"video_id":"0S83esTd-Pg","views":296830},{"video_id":"D0tPnQw7aPo","views":298234},{"video_id":"4iJB52MX3d8","views":435989},{"video_id":"64nlRycM4sM","views":322766},{"video_id":"8iTzf61aSbg","views":363001},{"video_id":"wbIvPUGAFY8","views":440414},{"video_id":"0n4It3J4vx8","views":445814},{"video_id":"o9bvQs04PZU","views":314272},{"video_id":"JjYSkTrTZls","views":326364},{"video_id":"KeB77zUElhc","views":441104},{"video_id":"tDm7hHUOQt4","views":320243},{"video_id":"UJjcZYB8on0","views":306716},{"video_id":"LapqmfFkkWA","views":325864},{"video_id":"AyczFSaoapo","views":301513},{"video_id":"3Fge0dJsL5E","views":416251},{"video_id":"kudU3Yg6u6I","views":294357},{"video_id":"gd_riOA4TcI","views":455680},{"video_id":"EXzn5LtNSX8","views":320380},{"video_id":"Sh-VLZvTRRw","views":410949},{"video_id":"GwgXf8gBSq0","views":300483},{"video_id":"_XOE61kFU8A","views":386434},{"video_id":"Row13z_oHs0","views":375164},{"video_id":"v8gYnSdZ07Y","views":334551},{"video_id":"4PVLJAdiaNA","views":321811},{"video_id":"RzXcYL0-d2w","views":411586},{"video_id":"gv6PhbLAPVM","views":264138},{"video_id":"BV8PdcmirAo","views":286703},{"video_id":"L94gGziIA5I","views":285573},{"video_id":"kcBEbhEskQA","views":419773},{"video_id":"ZgRUkh_84DY","views":408577},{"video_id":"KgDgNfpdaoY","views":392632},{"video_id":"dL8PBdfUqlw","views":519032},{"video_id":"Vifp_f7J0Fc","views":311018},{"video_id":"tzU9rj0pSGE","views":410794},{"video_id":"cnq7Ma7PpUc","views":617740},{"video_id":"Z9wmhPLgBxM","views":332177},{"video_id":"e4qk3mFePo4","views":442294},{"video_id":"wRg57rwj0K8","views":348427},{"video_id":"rucWeEnSWeQ","views":451709},{"video_id":"85VsNbU3FZE","views":422587},{"video_id":"oR1S-dpifRs","views":303810},{"video_id":"km3zPhBBrno","views":437088},{"video_id":"2W8olZ_Uapw","views":344362},{"video_id":"X4HNvHl_uVI","views":287202},{"video_id":"xyyhFHWsQhA","views":380662},{"video_id":"3zYHBD9WEcA","views":317018},{"video_id":"JBE8n_hQLmw","views":308373},{"video_id":"ojt2WM9GJ4g","views":357875},{"video_id":"Q3cY3VlygSE","views":321961},{"video_id":"n-8RR2NVT7Q","views":314104},{"video_id":"WMohUX1KUhU","views":302180}]}
{"channel_name":"WorkpointOfficial","end_date":"18.13.06","start_date":"17.14.11","total_views":38311337,"video_stats":[{"video_id":"MbR2qevSXjQ","views":629696},{"video_id":"Jn9sOxMhwQA","views":683610},{"video_id":"NdQf-JuBjp0","views":683610},{"video_id":"2CEHybsHynA","views":821192},{"video_id":"iPhYX6Ig_f8","views":1615013},{"video_id":"jKyzggBQigA","views":599595},{"video_id":"GSZyDndTCS4","views":815973},{"video_id":"6mSvM_a2EV4","views":500636},{"video_id":"lo7ziFtQcHg","views":296605},{"video_id":"o2beOeqFg6Q","views":690825},{"video_id":"qIKsIgLAPKY","views":679878},{"video_id":"taYZMuygArw","views":650733},{"video_id":"5N5QFnRmsZo","views":1749429},{"video_id":"xqFF31veJNw","views":540113},{"video_id":"qwcrG0v2kFM","views":503927},{"video_id":"dwTJvm2lQbs","views":839309},{"video_id":"STh98ZGE_YA","views":699735},{"video_id":"xve1Qog3J68","views":703363},{"video_id":"e_w7HRvRMp4","views":971810},{"video_id":"E7PcagjDStc","views":351646},{"video_id":"uFsTMeRn6po","views":1095496},{"video_id":"5HiEGmRJiqU","views":928849},{"video_id":"STTYrYCnHFw","views":1406853},{"video_id":"H5sglOhLyjM","views":856662},{"video_id":"tJ6eqKoQa90","views":1002602},{"video_id":"YtT0gMR4c7c","views":517570},{"video_id":"5Zs7LpEm-2A","views":477637},{"video_id":"1hCstcWhJmI","views":544492},{"video_id":"tRVWAZr0Je8","views":1189418},{"video_id":"HXAieFVrdV8","views":2376421},{"video_id":"w_42iKvMX_I","views":905379},{"video_id":"LwfoW6Zzwts","views":2470402},{"video_id":"EnM51_T43v4","views":941283},{"video_id":"y2635dBPNWs","views":2786723},{"video_id":"xPkXatwAQEI","views":680397},{"video_id":"9BDYbJYpIhA","views":613435},{"video_id":"7ZbBD5odXds","views":1283890},{"video_id":"LJIq2cwOHls","views":646730},{"video_id":"epDa54RyUKU","views":2560400}]}
