{"channel_title":"Kylie Jenner","description":"Directed by Tyler Ross @wttyler\\nMusic by Jacob Wilkinson-Smith @mybestfriendjacob_","id":"BhIEIO0vaBE","latest_date":"18.14.03","latest_dislikes":"0","latest_likes":"0","latest_views":"62338362","title":"To Our Daughter","trending_days":[{"date":"18.05.02","dislikes":"0","likes":"0","views":"20921796"},{"date":"18.06.02","dislikes":"0","likes":"0","views":"35832484"},{"date":"18.07.02","dislikes":"0","likes":"0","views":"40801423"},{"date":"18.08.02","dislikes":"0","likes":"0","views":"44818108"},{"date":"18.09.02","dislikes":"0","likes":"0","views":"48635732"},{"date":"18.10.02","dislikes":"0","likes":"0","views":"51243149"},{"date":"18.11.02","dislikes":"0","likes":"0","views":"53183123"},{"date":"18.12.02","dislikes":"0","likes":"0","views":"54454945"},{"date":"18.13.02","dislikes":"0","likes":"0","views":"55063465"},{"date":"18.14.02","dislikes":"0","likes":"0","views":"56111957"},{"date":"18.15.02","dislikes":"0","likes":"0","views":"56797418"},{"date":"18.16.02","dislikes":"0","likes":"0","views":"57255036"},{"date":"18.17.02","dislikes":"0","likes":"0","views":"57754758"},{"date":"18.18.02","dislikes":"0","likes":"0","views":"58192495"},{"date":"18.19.02","dislikes":"0","likes":"0","views":"58553910"},{"date":"18.20.02","dislikes":"0","likes":"0","views":"58826481"},{"date":"18.21.02","dislikes":"0","likes":"0","views":"59042373"},{"date":"18.22.02","dislikes":"0","likes":"0","views":"59264163"},{"date":"18.23.02","dislikes":"0","likes":"0","views":"59478619"},{"date":"18.24.02","dislikes":"0","likes":"0","views":"59678108"},{"date":"18.25.02","dislikes":"0","likes":"0","views":"59855327"},{"date":"18.26.02","dislikes":"0","likes":"0","views":"60153930"},{"date":"18.27.02","dislikes":"0","likes":"0","views":"60422012"},{"date":"18.28.02","dislikes":"0","likes":"0","views":"60575979"},{"date":"18.01.03","dislikes":"0","likes":"0","views":"60746780"},{"date":"18.02.03","dislikes":"0","likes":"0","views":"60909159"},{"date":"18.03.03","dislikes":"0","likes":"0","views":"61080912"},{"date":"18.04.03","dislikes":"0","likes":"0","views":"61273271"},{"date":"18.05.03","dislikes":"0","likes":"0","views":"61454473"},{"date":"18.06.03","dislikes":"0","likes":"0","views":"61557797"},{"date":"18.07.03","dislikes":"0","likes":"0","views":"61696419"},{"date":"18.08.03","dislikes":"0","likes":"0","views":"61805943"},{"date":"18.09.03","dislikes":"0","likes":"0","views":"61896077"},{"date":"18.10.03","dislikes":"0","likes":"0","views":"61991624"},{"date":"18.11.03","dislikes":"0","likes":"0","views":"62100738"},{"date":"18.12.03","dislikes":"0","likes":"0","views":"62193064"},{"date":"18.13.03","dislikes":"0","likes":"0","views":"62259501"},{"date":"18.14.03","dislikes":"0","likes":"0","views":"62338362"}]}
{"channel_title":"Universal Pictures","description":"Jurassic World: Fallen Kingdom \\nIn Theaters June 22, 2018 \\nTry the Jurassic World effect on your Facebook camera: http://unvrs.al/JWFBCam \\n\\nhttps://www.jurassicworld.com \\n\\nIt’s been four years since theme park and luxury resort Jurassic World was destroyed by dinosaurs out of containment. Isla Nublar now sits abandoned by humans while the surviving dinosaurs fend for themselves in the jungles. \\n\\nWhen the island’s dormant volcano begins roaring to life, Owen (Chris Pratt) and Claire (Bryce Dallas Howard) mount a campaign to rescue the remaining dinosaurs from this extinction-level event. Owen is driven to find Blue, his lead raptor who’s still missing in the wild, and Claire has grown a respect for these creatures she now makes her mission. Arriving on the unstable island as lava begins raining down, their expedition uncovers a conspiracy that could return our entire planet to a perilous order not seen since prehistoric times.\\n\\nWith all of the wonder, adventure and thrills synonymous with one of the most popular and successful series in cinema history, this all-new motion-picture event sees the return of favorite characters and dinosaurs—along with new breeds more awe-inspiring and terrifying than ever before. Welcome to Jurassic World: Fallen Kingdom. \\n\\nStars Pratt and Howard return alongside executive producers Steven Spielberg and Colin Trevorrow for Jurassic World: Fallen Kingdom. They are joined by co-stars James Cromwell, Ted Levine, Justice Smith, Geraldine Chaplin, Daniella Pineda, Toby Jones, Rafe Spall and Isabella Sermon, while BD Wong and Jeff Goldblum reprise their roles. \\n\\nDirected by J.A. Bayona (The Impossible), the epic action-adventure is written by Jurassic World’s director, Trevorrow, and its co-writer, Derek Connolly. Producers Frank Marshall and Pat Crowley once again partner with Spielberg and Trevorrow in leading the filmmakers for this stunning installment. Belén Atienza joins the team as a producer.","id":"NooW_RbfdWI","latest_date":"18.14.03","latest_dislikes":"7806","latest_likes":"275268","latest_views":"24293173","title":"Jurassic World: Fallen Kingdom - Official Trailer #2 [HD]","trending_days":[{"date":"18.05.02","dislikes":"1416","likes":"61833","views":"1999326"},{"date":"18.06.02","dislikes":"4232","likes":"162435","views":"8293323"},{"date":"18.07.02","dislikes":"5377","likes":"200007","views":"11883172"},{"date":"18.08.02","dislikes":"5899","likes":"219417","views":"14297585"},{"date":"18.09.02","dislikes":"6276","likes":"232342","views":"16344681"},{"date":"18.10.02","dislikes":"6542","likes":"240891","views":"18087776"},{"date":"18.11.02","dislikes":"6745","likes":"246215","views":"19617103"},{"date":"18.12.02","dislikes":"6906","likes":"249906","views":"20291688"},{"date":"18.13.02","dislikes":"7002","likes":"252139","views":"20605167"},{"date":"18.14.02","dislikes":"7076","likes":"254342","views":"21113889"},{"date":"18.15.02","dislikes":"7165","likes":"256613","views":"21532935"},{"date":"18.16.02","dislikes":"7214","likes":"257599","views":"21766666"},{"date":"18.17.02","dislikes":"7252","likes":"259059","views":"22031279"},{"date":"18.18.02","dislikes":"7310","likes":"261085","views":"22329175"},{"date":"18.19.02","dislikes":"7359","likes":"263095","views":"22593205"},{"date":"18.20.02","dislikes":"7407","likes":"264419","views":"22762324"},{"date":"18.21.02","dislikes":"7436","likes":"265445","views":"22892962"},{"date":"18.22.02","dislikes":"7464","likes":"266286","views":"23004406"},{"date":"18.23.02","dislikes":"7509","likes":"267163","views":"23133164"},{"date":"18.24.02","dislikes":"7554","likes":"267919","views":"23248398"},{"date":"18.25.02","dislikes":"7578","likes":"268748","views":"23375947"},{"date":"18.26.02","dislikes":"7600","likes":"269416","views":"23476709"},{"date":"18.27.02","dislikes":"7616","likes":"269823","views":"23541453"},{"date":"18.28.02","dislikes":"7630","likes":"270189","views":"23597260"},{"date":"18.01.03","dislikes":"7642","likes":"270651","views":"23658987"},{"date":"18.02.03","dislikes":"7651","likes":"270974","views":"23705031"},{"date":"18.03.03","dislikes":"7662","likes":"271406","views":"23759046"},{"date":"18.04.03","dislikes":"7681","likes":"271842","views":"23823732"},{"date":"18.05.03","dislikes":"7692","likes":"272351","views":"23886937"},{"date":"18.06.03","dislikes":"7697","likes":"272586","views":"23920721"},{"date":"18.07.03","dislikes":"7705","likes":"272840","views":"23959627"},{"date":"18.08.03","dislikes":"7718","likes":"273106","views":"23998220"},{"date":"18.09.03","dislikes":"7732","likes":"273428","views":"24043823"},{"date":"18.10.03","dislikes":"7748","likes":"273829","views":"24096967"},{"date":"18.11.03","dislikes":"7766","likes":"274303","views":"24161883"},{"date":"18.12.03","dislikes":"7782","likes":"274680","views":"24214227"},{"date":"18.13.03","dislikes":"7792","likes":"274993","views":"24249582"},{"date":"18.14.03","dislikes":"7806","likes":"275268","views":"24293173"}]}
{"channel_title":"NFL","description":"Justin Timberlake breaks it down during the Pepsi Super Bowl LII Halftime Show. The Philadelphia Eagles take on the New England Patriots during Super Bowl LII.\\n\\nWatch full games with NFL Game Pass: https://www.nfl.com/gamepass?campaign=sp-nf-gd-ot-yt-3000342\\n\\nSign up for Fantasy Football! http://www.nfl.com/fantasyfootball\\n\\nSubscribe to NFL: http://j.mp/1L0bVBu\\n\\nThe NFL YouTube channel is your home for immediate in-game highlights from your favorite teams and players, full NFL games, behind the scenes access and more!\\n\\nCheck out our other channels:\\nNFL Network http://www.youtube.com/nflnetwork\\nNFL Films http://www.youtube.com/nflfilms\\n\\nFor all things NFL, visit the league's official website at http://www.nfl.com/\\n\\nWatch NFL Now: https://www.nfl.com/now\\nListen to NFL podcasts: http://www.nfl.com/podcasts\\nWatch the NFL network: http://nflnonline.nfl.com/\\nDownload the NFL mobile app: https://www.nfl.com/apps\\n2017 NFL Schedule: http://www.nfl.com/schedules\\nBuy tickets to watch your favorite team:  http://www.nfl.com/tickets\\nShop NFL: http://www.nflshop.com/source/bm-nflcom-Header-Shop-Tab\\n\\nLike us on Facebook: https://www.facebook.com/NFL\\nFollow us on Twitter: https://twitter.com/NFL\\nFollow us on Instagram: https://instagram.com/nfl/\\nFind us on Snapchat","id":"2z3EUY1aXdY","latest_date":"18.14.03","latest_dislikes":"54005","latest_likes":"169320","latest_views":"14251760","title":"Justin Timberlake’s FULL Pepsi Super Bowl LII Halftime Show! | NFL Highlights","trending_days":[{"date":"18.05.02","dislikes":"15239","likes":"50251","views":"2027569"},{"date":"18.06.02","dislikes":"39422","likes":"123302","views":"8313413"},{"date":"18.07.02","dislikes":"46697","likes":"143106","views":"10226518"},{"date":"18.08.02","dislikes":"49035","likes":"150451","views":"11154250"},{"date":"18.09.02","dislikes":"50013","likes":"154006","views":"11592172"},{"date":"18.10.02","dislikes":"50751","likes":"157205","views":"12014977"},{"date":"18.11.02","dislikes":"51344","likes":"159591","views":"12392871"},{"date":"18.12.02","dislikes":"51801","likes":"161190","views":"12651080"},{"date":"18.13.02","dislikes":"52052","likes":"162187","views":"12764080"},{"date":"18.14.02","dislikes":"52289","likes":"163050","views":"12969122"},{"date":"18.15.02","dislikes":"52480","likes":"163843","views":"13099282"},{"date":"18.16.02","dislikes":"52574","likes":"164197","views":"13177068"},{"date":"18.17.02","dislikes":"52692","likes":"164674","views":"13268808"},{"date":"18.18.02","dislikes":"52792","likes":"165161","views":"13369172"},{"date":"18.19.02","dislikes":"52879","likes":"165523","views":"13446791"},{"date":"18.20.02","dislikes":"52988","likes":"165845","views":"13513877"},{"date":"18.21.02","dislikes":"53067","likes":"166134","views":"13572623"},{"date":"18.22.02","dislikes":"53223","likes":"166593","views":"13650734"},{"date":"18.23.02","dislikes":"53325","likes":"166912","views":"13716557"},{"date":"18.24.02","dislikes":"53394","likes":"167158","views":"13766846"},{"date":"18.25.02","dislikes":"53452","likes":"167372","views":"13816604"},{"date":"18.26.02","dislikes":"53515","likes":"167556","views":"13853880"},{"date":"18.27.02","dislikes":"53563","likes":"167690","views":"13882646"},{"date":"18.28.02","dislikes":"53589","likes":"167827","views":"13910904"},{"date":"18.01.03","dislikes":"53625","likes":"167958","views":"13939582"},{"date":"18.02.03","dislikes":"53665","likes":"168103","views":"13964999"},{"date":"18.03.03","dislikes":"53701","likes":"168247","views":"13995789"},{"date":"18.04.03","dislikes":"53750","likes":"168374","views":"14029519"},{"date":"18.05.03","dislikes":"53783","likes":"168493","views":"14059333"},{"date":"18.06.03","dislikes":"53800","likes":"168581","views":"14077729"},{"date":"18.07.03","dislikes":"53820","likes":"168673","views":"14100296"},{"date":"18.08.03","dislikes":"53840","likes":"168778","views":"14121508"},{"date":"18.09.03","dislikes":"53862","likes":"168871","views":"14142544"},{"date":"18.10.03","dislikes":"53894","likes":"168971","views":"14166215"},{"date":"18.11.03","dislikes":"53935","likes":"169063","views":"14193583"},{"date":"18.12.03","dislikes":"53963","likes":"169170","views":"14215707"},{"date":"18.13.03","dislikes":"53978","likes":"169229","views":"14232195"},{"date":"18.14.03","dislikes":"54005","likes":"169320","views":"14251760"}]}
{"channel_title":"Sony Pictures Entertainment","description":"Watch the #Venom teaser trailer now. 10.5.18.\\n\\nOne of Marvel's most enigmatic, complex and badass characters comes to the big screen, starring Academy Award® nominated actor Tom Hardy as the lethal protector Venom.\\n\\nSubscribe to Sony Pictures for exclusive content: http://bit.ly/SonyPicsSubscribe\\n\\nFollow VENOM on Social:\\nhttps://www.facebook.com/VenomMovie/  \\nhttps://twitter.com/VenomMovie  \\nhttps://www.instagram.com/venommovie/","id":"dzxFdtWmjto","latest_date":"18.17.03","latest_dislikes":"25700","latest_likes":"219113","latest_views":"16416756","title":"VENOM - Official Teaser Trailer (HD)","trending_days":[{"date":"18.09.02","dislikes":"15751","likes":"128720","views":"5592995"},{"date":"18.10.02","dislikes":"20494","likes":"170484","views":"8694299"},{"date":"18.11.02","dislikes":"22182","likes":"186500","views":"10632722"},{"date":"18.12.02","dislikes":"22960","likes":"193861","views":"11828765"},{"date":"18.13.02","dislikes":"23450","likes":"198271","views":"12393755"},{"date":"18.14.02","dislikes":"23806","likes":"201815","views":"13367992"},{"date":"18.15.02","dislikes":"24199","likes":"204983","views":"14064825"},{"date":"18.16.02","dislikes":"24413","likes":"206202","views":"14300540"},{"date":"18.17.02","dislikes":"24588","likes":"207430","views":"14517876"},{"date":"18.18.02","dislikes":"24730","likes":"208846","views":"14738111"},{"date":"18.19.02","dislikes":"24854","likes":"209685","views":"14905833"},{"date":"18.20.02","dislikes":"24905","likes":"210356","views":"15030446"},{"date":"18.21.02","dislikes":"24956","likes":"210880","views":"15125424"},{"date":"18.22.02","dislikes":"24999","likes":"211402","views":"15209063"},{"date":"18.23.02","dislikes":"25045","likes":"211864","views":"15285907"},{"date":"18.24.02","dislikes":"25093","likes":"212335","views":"15361226"},{"date":"18.25.02","dislikes":"25132","likes":"212837","views":"15436184"},{"date":"18.26.02","dislikes":"25184","likes":"213355","views":"15513110"},{"date":"18.27.02","dislikes":"25219","likes":"213788","views":"15575948"},{"date":"18.28.02","dislikes":"25251","likes":"214164","views":"15631384"},{"date":"18.01.03","dislikes":"25299","likes":"214529","views":"15689250"},{"date":"18.02.03","dislikes":"25324","likes":"214843","views":"15733356"},{"date":"18.03.03","dislikes":"25336","likes":"215136","views":"15782644"},{"date":"18.04.03","dislikes":"25375","likes":"215488","views":"15836664"},{"date":"18.05.03","dislikes":"25408","likes":"215887","views":"15897327"},{"date":"18.06.03","dislikes":"25442","likes":"216118","views":"15932866"},{"date":"18.07.03","dislikes":"25464","likes":"216370","views":"15975324"},{"date":"18.08.03","dislikes":"25484","likes":"216644","views":"16014936"},{"date":"18.09.03","dislikes":"25505","likes":"216865","views":"16053493"},{"date":"18.10.03","dislikes":"25529","likes":"217116","views":"16096742"},{"date":"18.11.03","dislikes":"25561","likes":"217417","views":"16146726"},{"date":"18.12.03","dislikes":"25579","likes":"217718","views":"16195139"},{"date":"18.13.03","dislikes":"25607","likes":"217995","views":"16230525"},{"date":"18.14.03","dislikes":"25630","likes":"218236","views":"16277227"},{"date":"18.15.03","dislikes":"25646","likes":"218488","views":"16315645"},{"date":"18.16.03","dislikes":"25673","likes":"218745","views":"16358781"},{"date":"18.17.03","dislikes":"25700","likes":"219113","views":"16416756"}]}
{"channel_title":"Maroon5VEVO","description":"RED PILL BLUES” is out now.\\nhttp://smarturl.it/RedPillBlues \\n\\nFor more, visit: \\nhttps://www.facebook.com/maroon5 \\nhttps://twitter.com/maroon5 \\nhttps://www.instagram.com/maroon5 \\n\\nSign up for updates: http://smarturl.it/Maroon5.News\\n\\nMusic video by Maroon 5 performing Wait. (C) 2018 Interscope Records\\n\\nhttp://vevo.ly/O35agW","id":"4uTNVumfm84","latest_date":"18.17.03","latest_dislikes":"16442","latest_likes":"633772","latest_views":"46205645","title":"Maroon 5 - Wait","trending_days":[{"date":"18.09.02","dislikes":"3139","likes":"197021","views":"2455067"},{"date":"18.10.02","dislikes":"5231","likes":"279831","views":"5163583"},{"date":"18.11.02","dislikes":"6082","likes":"310478","views":"6805040"},{"date":"18.12.02","dislikes":"6857","likes":"336075","views":"8474142"},{"date":"18.13.02","dislikes":"7658","likes":"360456","views":"9732618"},{"date":"18.14.02","dislikes":"8285","likes":"381636","views":"11907723"},{"date":"18.15.02","dislikes":"9078","likes":"409020","views":"14011385"},{"date":"18.16.02","dislikes":"9412","likes":"421533","views":"15281609"},{"date":"18.17.02","dislikes":"9870","likes":"436675","views":"16822805"},{"date":"18.18.02","dislikes":"10280","likes":"450885","views":"18312570"},{"date":"18.19.02","dislikes":"10611","likes":"463579","views":"19690398"},{"date":"18.20.02","dislikes":"10955","likes":"474792","views":"21040667"},{"date":"18.21.02","dislikes":"11332","likes":"485779","views":"22457655"},{"date":"18.22.02","dislikes":"11702","likes":"496515","views":"23851123"},{"date":"18.23.02","dislikes":"12020","likes":"507771","views":"25302791"},{"date":"18.24.02","dislikes":"12307","likes":"517441","views":"26643402"},{"date":"18.25.02","dislikes":"12593","likes":"526367","views":"27885505"},{"date":"18.26.02","dislikes":"12840","likes":"534265","views":"28987568"},{"date":"18.27.02","dislikes":"13079","likes":"541062","views":"30105599"},{"date":"18.28.02","dislikes":"13327","likes":"548137","views":"31251608"},{"date":"18.01.03","dislikes":"13592","likes":"555311","views":"32465348"},{"date":"18.02.03","dislikes":"13808","likes":"561477","views":"33426441"},{"date":"18.03.03","dislikes":"14028","likes":"568079","views":"34451526"},{"date":"18.04.03","dislikes":"14236","likes":"574700","views":"35481376"},{"date":"18.05.03","dislikes":"14441","likes":"581305","views":"36506526"},{"date":"18.06.03","dislikes":"14617","likes":"585882","views":"37297792"},{"date":"18.07.03","dislikes":"14801","likes":"591055","views":"38309039"},{"date":"18.08.03","dislikes":"14973","likes":"596137","views":"39210991"},{"date":"18.09.03","dislikes":"15157","likes":"600675","views":"40091828"},{"date":"18.10.03","dislikes":"15323","likes":"605204","views":"40977055"},{"date":"18.11.03","dislikes":"15526","likes":"609916","views":"41817797"},{"date":"18.12.03","dislikes":"15681","likes":"614272","views":"42546670"},{"date":"18.13.03","dislikes":"15842","likes":"618302","views":"43216239"},{"date":"18.14.03","dislikes":"15977","likes":"622219","views":"44060147"},{"date":"18.15.03","dislikes":"16113","likes":"625937","views":"44743023"},{"date":"18.16.03","dislikes":"16275","likes":"629770","views":"45473527"},{"date":"18.17.03","dislikes":"16442","likes":"633772","views":"46205645"}]}
{"channel_title":"FiftyShadesVEVO","description":"High (Official Audio)\\nSong available on the Fifty Shades Freed Original Motion Picture Soundtrack\\nhttps://FiftyShadesFreed.lnk.to/ForYouYD \\n\\nFifty Shades Freed, in theaters February 9.\\nWatch the trailer, and book tickets now: http://unvrs.al/FSFTix \\n\\nFollow Whethan\\nWebsite - http://goodnights.whethan.com \\nFacebook - https://www.facebook.com/whethanmusic \\nTwitter - https://twitter.com/whethanmusic \\nInstagram - https://www.instagram.com/whethanmusic \\nYouTube - https://www.youtube.com/whethan \\n\\nFollow Dua Lipa:\\nWebsite - http://dualipa.com\\nFacebook - https://www.facebook.com/dualipaofficial\\nTwitter - https://twitter.com/DUALIPA\\nInstagram - https://www.instagram.com/dualipa\\nSnapchat - @dualipa\\n\\nMusic video by Whethan & Dua Lipa performing High. © 2018 Universal Studios, Atlantic Records & Warner Bros. Records UK\\n\\nhttp://vevo.ly/ZfKHzi","id":"ABLsSWE06q4","latest_date":"18.17.03","latest_dislikes":"1525","latest_likes":"108466","latest_views":"7285185","title":"Whethan, Dua Lipa - High (Audio)","trending_days":[{"date":"18.09.02","dislikes":"136","likes":"21175","views":"214026"},{"date":"18.10.02","dislikes":"344","likes":"44774","views":"832959"},{"date":"18.11.02","dislikes":"453","likes":"52658","views":"1186911"},{"date":"18.12.02","dislikes":"537","likes":"57161","views":"1420684"},{"date":"18.13.02","dislikes":"619","likes":"61015","views":"1567093"},{"date":"18.14.02","dislikes":"686","likes":"64064","views":"1851739"},{"date":"18.15.02","dislikes":"761","likes":"67384","views":"2111196"},{"date":"18.16.02","dislikes":"784","likes":"69291","views":"2285257"},{"date":"18.17.02","dislikes":"827","likes":"71683","views":"2496733"},{"date":"18.18.02","dislikes":"847","likes":"74232","views":"2718931"},{"date":"18.19.02","dislikes":"883","likes":"76579","views":"2927384"},{"date":"18.20.02","dislikes":"917","likes":"78270","views":"3118519"},{"date":"18.21.02","dislikes":"938","likes":"79841","views":"3300689"},{"date":"18.22.02","dislikes":"971","likes":"81899","views":"3503011"},{"date":"18.23.02","dislikes":"1011","likes":"84239","views":"3746421"},{"date":"18.24.02","dislikes":"1048","likes":"86273","views":"3973334"},{"date":"18.25.02","dislikes":"1084","likes":"88132","views":"4205783"},{"date":"18.26.02","dislikes":"1120","likes":"90024","views":"4435380"},{"date":"18.27.02","dislikes":"1155","likes":"91705","views":"4664615"},{"date":"18.28.02","dislikes":"1187","likes":"93262","views":"4880209"},{"date":"18.01.03","dislikes":"1235","likes":"94992","views":"5119951"},{"date":"18.02.03","dislikes":"1261","likes":"96163","views":"5299450"},{"date":"18.03.03","dislikes":"1278","likes":"97404","views":"5497993"},{"date":"18.04.03","dislikes":"1307","likes":"98736","views":"5690879"},{"date":"18.05.03","dislikes":"1324","likes":"100073","views":"5881020"},{"date":"18.06.03","dislikes":"1350","likes":"100895","views":"6016194"},{"date":"18.07.03","dislikes":"1370","likes":"101891","views":"6184301"},{"date":"18.08.03","dislikes":"1387","likes":"102834","views":"6342928"},{"date":"18.09.03","dislikes":"1406","likes":"103757","views":"6498208"},{"date":"18.10.03","dislikes":"1432","likes":"104645","views":"6646562"},{"date":"18.11.03","dislikes":"1450","likes":"105346","views":"6760590"},{"date":"18.12.03","dislikes":"1463","likes":"106084","views":"6861844"},{"date":"18.13.03","dislikes":"1474","likes":"106630","views":"6950685"},{"date":"18.14.03","dislikes":"1488","likes":"107127","views":"7053050"},{"date":"18.15.03","dislikes":"1498","likes":"107571","views":"7130518"},{"date":"18.16.03","dislikes":"1513","likes":"108061","views":"7211569"},{"date":"18.17.03","dislikes":"1525","likes":"108466","views":"7285185"}]}
{"channel_title":"MiguelVEVO","description":"“Come Through and Chill” ft. J. Cole out now! http://smarturl.it/ComeThroughAndChill\\n\\nGet War & Leisure here: http://smarturl.it/WarAndLeisure\\n \\nFollow Miguel: \\nhttps://twitter.com/Miguel\\nhttps://www.facebook.com/miguelmusic/\\nhttps://www.instagram.com/miguel/\\n\\nFollow J Cole: \\nhttps://twitter.com/JColeNC\\nhttps://www.facebook.com/JColeMusic/\\nhttps://www.instagram.com/realcoleworld/","id":"u_C4onVrr8U","latest_date":"18.01.06","latest_dislikes":"3266","latest_likes":"152765","latest_views":"9657370","title":"Miguel - Come Through and Chill ft. J. Cole, Salaam Remi","trending_days":[{"date":"18.26.04","dislikes":"150","likes":"36062","views":"427939"},{"date":"18.27.04","dislikes":"329","likes":"59397","views":"886950"},{"date":"18.28.04","dislikes":"463","likes":"69955","views":"1170800"},{"date":"18.29.04","dislikes":"642","likes":"78980","views":"1467834"},{"date":"18.30.04","dislikes":"820","likes":"86851","views":"1827757"},{"date":"18.01.05","dislikes":"927","likes":"90936","views":"2078329"},{"date":"18.02.05","dislikes":"1032","likes":"94710","views":"2339087"},{"date":"18.03.05","dislikes":"1140","likes":"97470","views":"2579038"},{"date":"18.04.05","dislikes":"1236","likes":"100108","views":"2813464"},{"date":"18.05.05","dislikes":"1338","likes":"102611","views":"3067572"},{"date":"18.06.05","dislikes":"1437","likes":"105017","views":"3312634"},{"date":"18.07.05","dislikes":"1510","likes":"108021","views":"3540976"},{"date":"18.08.05","dislikes":"1587","likes":"110850","views":"3780496"},{"date":"18.09.05","dislikes":"1662","likes":"113217","views":"4021149"},{"date":"18.10.05","dislikes":"1729","likes":"115362","views":"4257752"},{"date":"18.11.05","dislikes":"1786","likes":"117272","views":"4476309"},{"date":"18.12.05","dislikes":"1839","likes":"118849","views":"4666854"},{"date":"18.13.05","dislikes":"1946","likes":"121309","views":"5055077"},{"date":"18.14.05","dislikes":"2022","likes":"122980","views":"5296056"},{"date":"18.15.05","dislikes":"2174","likes":"126693","views":"5767032"},{"date":"18.15.05","dislikes":"2174","likes":"126693","views":"5767032"},{"date":"18.16.05","dislikes":"2344","likes":"130664","views":"6275728"},{"date":"18.17.05","dislikes":"2485","likes":"133673","views":"6696925"},{"date":"18.18.05","dislikes":"2602","likes":"136322","views":"7084159"},{"date":"18.19.05","dislikes":"2708","likes":"138759","views":"7479645"},{"date":"18.20.05","dislikes":"2767","likes":"140422","views":"7712031"},{"date":"18.21.05","dislikes":"2816","likes":"141859","views":"7907229"},{"date":"18.22.05","dislikes":"2860","likes":"143067","views":"8096448"},{"date":"18.23.05","dislikes":"2923","likes":"144183","views":"8283961"},{"date":"18.24.05","dislikes":"2980","likes":"145321","views":"8462828"},{"date":"18.25.05","dislikes":"3021","likes":"146433","views":"8633015"},{"date":"18.26.05","dislikes":"3045","likes":"147500","views":"8821050"},{"date":"18.27.05","dislikes":"3086","likes":"148396","views":"8969958"},{"date":"18.28.05","dislikes":"3118","likes":"149271","views":"9103406"},{"date":"18.29.05","dislikes":"3153","likes":"150174","views":"9246506"},{"date":"18.30.05","dislikes":"3202","likes":"151066","views":"9386946"},{"date":"18.31.05","dislikes":"3246","likes":"152332","views":"9579567"},{"date":"18.01.06","dislikes":"3266","likes":"152765","views":"9657370"}]}
{"channel_title":"FlorenceMachineVEVO","description":"HungerDirected by AG RojasProduced by Park PicturesHIGH AS HOPE Pre-Order here:https://FlorenceMachine.lnk.to/HighAsHopeIDHunger available here:https://FlorenceMachine.lnk.to/HungerYAJoin Florence online:https://www.facebook.com/florenceandt...http://www.twitter.com/flo_tweethttp://www.instagram.com/FlorenceFollow Florence on Spotify:http://po.st/FlorenceSpotifySign up for updates:http://www.florenceandthemachine.net","id":"5GHXEGz3PJg","latest_date":"18.09.06","latest_dislikes":"3972","latest_likes":"171071","latest_views":"12293782","title":"Florence + The Machine - Hunger","trending_days":[{"date":"18.04.05","dislikes":"214","likes":"41428","views":"388954"},{"date":"18.05.05","dislikes":"604","likes":"70901","views":"1079622"},{"date":"18.06.05","dislikes":"887","likes":"85332","views":"1651724"},{"date":"18.07.05","dislikes":"1097","likes":"95121","views":"2143972"},{"date":"18.08.05","dislikes":"1314","likes":"103293","views":"2726508"},{"date":"18.09.05","dislikes":"1373","likes":"110927","views":"3360699"},{"date":"18.10.05","dislikes":"1649","likes":"117589","views":"3966939"},{"date":"18.11.05","dislikes":"1895","likes":"123516","views":"4587644"},{"date":"18.12.05","dislikes":"2097","likes":"127971","views":"5115532"},{"date":"18.13.05","dislikes":"2247","likes":"131479","views":"5522350"},{"date":"18.15.05","dislikes":"2486","likes":"136870","views":"6144640"},{"date":"18.15.05","dislikes":"2486","likes":"136870","views":"6144640"},{"date":"18.16.05","dislikes":"2617","likes":"139663","views":"6590609"},{"date":"18.17.05","dislikes":"2719","likes":"142267","views":"6997404"},{"date":"18.18.05","dislikes":"2837","likes":"144512","views":"7331410"},{"date":"18.19.05","dislikes":"2916","likes":"146561","views":"7646124"},{"date":"18.20.05","dislikes":"2992","likes":"148252","views":"7918232"},{"date":"18.21.05","dislikes":"3055","likes":"149766","views":"8163917"},{"date":"18.22.05","dislikes":"3119","likes":"151150","views":"8428677"},{"date":"18.23.05","dislikes":"3169","likes":"152658","views":"8704238"},{"date":"18.24.05","dislikes":"3237","likes":"154108","views":"8981616"},{"date":"18.25.05","dislikes":"3290","likes":"155505","views":"9248597"},{"date":"18.26.05","dislikes":"3356","likes":"156896","views":"9534806"},{"date":"18.27.05","dislikes":"3401","likes":"157928","views":"9718874"},{"date":"18.28.05","dislikes":"3448","likes":"159061","views":"9912637"},{"date":"18.29.05","dislikes":"3502","likes":"160264","views":"10141263"},{"date":"18.30.05","dislikes":"3562","likes":"161500","views":"10372457"},{"date":"18.31.05","dislikes":"3644","likes":"163427","views":"10739761"},{"date":"18.01.06","dislikes":"3659","likes":"163896","views":"10838525"},{"date":"18.02.06","dislikes":"3709","likes":"164902","views":"11025629"},{"date":"18.03.06","dislikes":"3757","likes":"165928","views":"11214258"},{"date":"18.04.06","dislikes":"3790","likes":"166931","views":"11386372"},{"date":"18.05.06","dislikes":"3821","likes":"167797","views":"11577283"},{"date":"18.06.06","dislikes":"3879","likes":"168897","views":"11836877"},{"date":"18.07.06","dislikes":"3900","likes":"169487","views":"11964326"},{"date":"18.08.06","dislikes":"3943","likes":"170304","views":"12126161"},{"date":"18.09.06","dislikes":"3972","likes":"171071","views":"12293782"}]}
{"channel_title":"RoyceDa59VEVO","description":"Music video by Royce 5'9 and Eminem performing CaterpillarGet the new Royce 5'9 album 'Book of Ryan' - http://smarturl.it/BookofRyan Follow Royce 5'9http://bookofryanofficial.com/https://www.instagram.com/royceda59/https://twitter.com/Royceda59https://www.facebook.com/royceda59official Director: James LareseVisual Effects: TimberEditor: Cami StarkmanProducer: Cisco NewmanExecutive Producer: Monica BlackburnProduction Company: Triggr & Bloomhttp://vevo.ly/XQr1p6","id":"dARAN1z2KqY","latest_date":"18.09.06","latest_dislikes":"10827","latest_likes":"336484","latest_views":"17172722","title":"Royce da 5'9 - Caterpillar ft. Eminem, King Green","trending_days":[{"date":"18.04.05","dislikes":"653","likes":"65430","views":"892804"},{"date":"18.05.05","dislikes":"1702","likes":"121001","views":"2033836"},{"date":"18.06.05","dislikes":"2413","likes":"156465","views":"2923232"},{"date":"18.07.05","dislikes":"2909","likes":"178721","views":"3697785"},{"date":"18.08.05","dislikes":"3411","likes":"197462","views":"4414032"},{"date":"18.09.05","dislikes":"3958","likes":"216536","views":"5081193"},{"date":"18.10.05","dislikes":"4473","likes":"231521","views":"5774864"},{"date":"18.11.05","dislikes":"4920","likes":"244257","views":"6421613"},{"date":"18.12.05","dislikes":"5219","likes":"252542","views":"6974302"},{"date":"18.13.05","dislikes":"5700","likes":"263196","views":"7857645"},{"date":"18.15.05","dislikes":"6468","likes":"275437","views":"9122004"},{"date":"18.15.05","dislikes":"6468","likes":"275437","views":"9122004"},{"date":"18.16.05","dislikes":"6975","likes":"282356","views":"9926713"},{"date":"18.17.05","dislikes":"7445","likes":"288688","views":"10649935"},{"date":"18.18.05","dislikes":"7899","likes":"294246","views":"11346331"},{"date":"18.19.05","dislikes":"8189","likes":"298140","views":"11888101"},{"date":"18.20.05","dislikes":"8383","likes":"300989","views":"12279496"},{"date":"18.21.05","dislikes":"8579","likes":"303518","views":"12615667"},{"date":"18.22.05","dislikes":"8781","likes":"306262","views":"12958965"},{"date":"18.23.05","dislikes":"8971","likes":"309007","views":"13300207"},{"date":"18.24.05","dislikes":"9136","likes":"311398","views":"13599234"},{"date":"18.25.05","dislikes":"9288","likes":"313789","views":"13888928"},{"date":"18.26.05","dislikes":"9482","likes":"316314","views":"14241846"},{"date":"18.27.05","dislikes":"9633","likes":"318255","views":"14508567"},{"date":"18.28.05","dislikes":"9641","likes":"319809","views":"14734652"},{"date":"18.29.05","dislikes":"9764","likes":"321312","views":"14968262"},{"date":"18.30.05","dislikes":"9892","likes":"322828","views":"15198576"},{"date":"18.31.05","dislikes":"10086","likes":"325363","views":"15551274"},{"date":"18.01.06","dislikes":"10118","likes":"326066","views":"15678853"},{"date":"18.02.06","dislikes":"10215","likes":"327361","views":"15881408"},{"date":"18.03.06","dislikes":"10331","likes":"328745","views":"16093393"},{"date":"18.04.06","dislikes":"10400","likes":"329965","views":"16271275"},{"date":"18.05.06","dislikes":"10489","likes":"331197","views":"16448610"},{"date":"18.06.06","dislikes":"10612","likes":"332913","views":"16682114"},{"date":"18.07.06","dislikes":"10664","likes":"333876","views":"16817225"},{"date":"18.08.06","dislikes":"10737","likes":"335129","views":"16985354"},{"date":"18.09.06","dislikes":"10827","likes":"336484","views":"17172722"}]}
{"channel_title":"Anne-Marie","description":"Get 2002 by Anne-Marie HERE ▶ http://ad.gt/2002Get Speak Your Mind the debut album ▶ http://ad.gt/speakyourmindSubscribe ▶ http://bit.ly/1FciNcAAnne-Marie:Official Website- http://iamannemarie.comFacebook- http://www.facebook.com/iamannemarieTwitter- http://twitter.com/AnneMarieInstagram- https://instagram.com/annemarie","id":"Il-an3K9pjg","latest_date":"18.14.06","latest_dislikes":"8892","latest_likes":"394830","latest_views":"29641412","title":"Anne-Marie - 2002 [Official Video]","trending_days":[{"date":"18.09.05","dislikes":"1040","likes":"108344","views":"1070242"},{"date":"18.10.05","dislikes":"1737","likes":"143937","views":"1958273"},{"date":"18.11.05","dislikes":"2096","likes":"160242","views":"2513641"},{"date":"18.12.05","dislikes":"2369","likes":"176305","views":"3064532"},{"date":"18.13.05","dislikes":"2643","likes":"192160","views":"3731005"},{"date":"18.15.05","dislikes":"2976","likes":"206644","views":"4486418"},{"date":"18.15.05","dislikes":"2976","likes":"206644","views":"4486418"},{"date":"18.16.05","dislikes":"3170","likes":"215980","views":"5106611"},{"date":"18.16.05","dislikes":"3170","likes":"215980","views":"5106611"},{"date":"18.17.05","dislikes":"3388","likes":"225896","views":"5818294"},{"date":"18.18.05","dislikes":"3595","likes":"234010","views":"6458459"},{"date":"18.19.05","dislikes":"3797","likes":"243361","views":"7177558"},{"date":"18.20.05","dislikes":"4098","likes":"253290","views":"8311115"},{"date":"18.21.05","dislikes":"4398","likes":"262208","views":"9406583"},{"date":"18.22.05","dislikes":"4715","likes":"269909","views":"10462303"},{"date":"18.23.05","dislikes":"4939","likes":"277188","views":"11534045"},{"date":"18.24.05","dislikes":"5245","likes":"285154","views":"12749736"},{"date":"18.25.05","dislikes":"5521","likes":"292651","views":"13938435"},{"date":"18.26.05","dislikes":"5862","likes":"301186","views":"15348572"},{"date":"18.27.05","dislikes":"6022","likes":"305754","views":"16096774"},{"date":"18.28.05","dislikes":"6150","likes":"310208","views":"16856707"},{"date":"18.29.05","dislikes":"6336","likes":"314953","views":"17686943"},{"date":"18.30.05","dislikes":"6517","likes":"319803","views":"18504920"},{"date":"18.31.05","dislikes":"6782","likes":"327912","views":"19853712"},{"date":"18.01.06","dislikes":"6844","likes":"329760","views":"20201672"},{"date":"18.02.06","dislikes":"6994","likes":"333805","views":"20895794"},{"date":"18.03.06","dislikes":"7158","likes":"338516","views":"21656101"},{"date":"18.04.06","dislikes":"7335","likes":"343360","views":"22382127"},{"date":"18.05.06","dislikes":"7472","likes":"348126","views":"23082034"},{"date":"18.06.06","dislikes":"7682","likes":"355483","views":"24122854"},{"date":"18.07.06","dislikes":"7775","likes":"358599","views":"24641881"},{"date":"18.08.06","dislikes":"7920","likes":"363556","views":"25327013"},{"date":"18.09.06","dislikes":"8075","likes":"368567","views":"26013479"},{"date":"18.10.06","dislikes":"8370","likes":"377581","views":"27294456"},{"date":"18.11.06","dislikes":"8407","likes":"379053","views":"27482198"},{"date":"18.12.06","dislikes":"8577","likes":"384597","views":"28166332"},{"date":"18.13.06","dislikes":"8728","likes":"389746","views":"28901376"},{"date":"18.14.06","dislikes":"8892","likes":"394830","views":"29641412"}]}
