{"channel_title":"Geet MP3","description":"GEET MP3 & GK.DIGITAL Presents New Track MILL LO NA In The Vocals Of GURI.\\nMILL LO NA - GURI feat. SUKHE is written by Hit Machine JAANI,Music Produced By One And Only SUKHE MUZICAL DOCTORZ And The Video Is Directed By SATTI DHILLON.Mill Lo Na Is A Very Peppy Urban Beat Song.Please Don't Forget To Share,Like ,Comment If You Like The Song And Also Subscribe To GEET MP3 Youtube Channel For More Future Updates.\\n\\nBuy/Listen This Song From :-\\n\\niTunes - https://goo.gl/ezht4K\\nApple Music - https://goo.gl/yJszkv\\nSaavn - https://goo.gl/7LPHj3\\nGaana - https://goo.gl/GJ96DP\\nAmazon - https://goo.gl/VtWrgW\\nGoogle Play - https://goo.gl/dnZdN4\\nSpotify - https://goo.gl/ULppnL\\n\\n\\n\\nSubscribe To Our New Channel For New Songs  :  http://bit.ly/SubscribeGEETMP3\\n\\n\\nSong Credits :\\n\\nTitle - MILL LO NA\\nSinger - GURI\\nFB : https://www.facebook.com/GuriSingerOfficial\\nInsta : https://www.instagram.com/officialguri_\\n\\nLyrics - JAANI\\nMusic - SUKH-E MUZICAL DOCTORZ\\nComposer : AVVY SRA  \\nVideo - SATTI DHILLON\\nMix & Mastered By - JEFFERY THOMPSON (Canada)\\nRadio Partner - 92.7 BIG FM\\nProduced By - KV DHILLON, PARTAP DHILLON, SAHIL CHHABRA\\nPromotions - GK.DIGITAL\\nLabel - GEET MP3 \\n\\n\\nSubscribe To Our New Channel For New Songs  : http://bit.ly/SubscribeGEETMP3\\n\\n :::::::::::::Additional Credits :::::::::::::::\\n\\nIntroducing : KRITIKA NEGI\\nProduction : FATEH FILM PRODUCTION \\nChoreography : SUMIT \\nArt Director : BLACCK\\nDop : VIKCEE\\nEditor : KAMCEE\\nMaking : RAJ MISHRA\\nOUTFITS : URBAN YUVA\\nPublicity Design : A NM DESIGNS\\nHair Stylist : Ali Khan\\n\\n\\nMusic Consultant & Digital Partner :- GK.DIGITAL\\nInstagram : https://www.instagram.com/GK.DIGITAL\\n\\n\\nEnjoy and stay connected with us 📲\\n\\nWebsite :- http://GeetMP3.com\\nYouTube :- https://www.youtube.com/c/GeetMP3 \\nFacebook :- https://www.facebook.com/GEETMP3OFFICIAL\\nInstagram :- https://www.instagram.com/GEETMP3\\nTwitter :- https://twitter.com/GEETMP3\\nSnapChat :- https://www.snapchat.com/add/GEETMP3","id":"yFFL1we4j_Y","latest_date":"18.06.03","latest_dislikes":"15745","latest_likes":"256350","latest_views":"12824359","title":"Mill Lo Na - Guri Ft. Sukhe (Full Song) Jaani | Satti Dhillon | Latest Punjabi Songs 2018 | Geet MP3","trending_days":[{"date":"18.27.02","dislikes":"6907","likes":"117689","views":"2168315"},{"date":"18.27.02","dislikes":"6907","likes":"117689","views":"2168315"},{"date":"18.28.02","dislikes":"9576","likes":"156624","views":"4184512"},{"date":"18.28.02","dislikes":"9576","likes":"156625","views":"4184512"},{"date":"18.01.03","dislikes":"11451","likes":"186861","views":"6101350"},{"date":"18.01.03","dislikes":"11451","likes":"186861","views":"6101350"},{"date":"18.02.03","dislikes":"12691","likes":"206706","views":"7660097"},{"date":"18.02.03","dislikes":"12691","likes":"206706","views":"7660097"},{"date":"18.03.03","dislikes":"13696","likes":"222988","views":"9164918"},{"date":"18.03.03","dislikes":"13696","likes":"222988","views":"9164918"},{"date":"18.04.03","dislikes":"14571","likes":"236870","views":"10570018"},{"date":"18.05.03","dislikes":"15357","likes":"249602","views":"11987464"},{"date":"18.06.03","dislikes":"15745","likes":"256350","views":"12824359"}]}
{"channel_title":"ashish chanchlani vines","description":"We have made a special video of summer season for all of you\\nKya aap bhi iss garmi se preshaan hai?\\nToh iss video ko share kijiye ABHI KE ABHI!!\\n\\nDownload Loco app : http://m.onelink.me/707c6ca\\n\\nCo starring : Akash dodeja, Kunal Chhabhria, Radhika Bangia, Simran Dhanwani, Mayur kakde, Tanish Sirwani, Devesh nainani, Rohit sadhwani & Gulshan Ailsinghani.\\n\\nShot by : Kunal Chhabhria\\n\\nEdited by : Kunal Chhabhria & Divesh Nainani\\n\\nWritten & Created by : Ashish Chanchlani","id":"bYSRPuDEnTg","latest_date":"18.20.04","latest_dislikes":"20773","latest_likes":"626237","latest_views":"10256578","title":"Garmi Ke Side-Effects | Ashish Chanchlani","trending_days":[{"date":"18.14.04","dislikes":"9279","likes":"387791","views":"4227847"},{"date":"18.14.04","dislikes":"9279","likes":"387792","views":"4227847"},{"date":"18.15.04","dislikes":"13023","likes":"474826","views":"5981739"},{"date":"18.15.04","dislikes":"13023","likes":"474826","views":"5981739"},{"date":"18.16.04","dislikes":"15910","likes":"531600","views":"7328002"},{"date":"18.16.04","dislikes":"15910","likes":"531601","views":"7328002"},{"date":"18.17.04","dislikes":"18077","likes":"570222","views":"8456294"},{"date":"18.17.04","dislikes":"18077","likes":"570222","views":"8456294"},{"date":"18.18.04","dislikes":"19346","likes":"595586","views":"9275920"},{"date":"18.18.04","dislikes":"19346","likes":"595586","views":"9275920"},{"date":"18.19.04","dislikes":"20139","likes":"612572","views":"9827654"},{"date":"18.19.04","dislikes":"20139","likes":"612572","views":"9827654"},{"date":"18.20.04","dislikes":"20773","likes":"626237","views":"10256578"}]}
{"channel_title":"ETV Dhee","description":"దక్షణ భారతదేశంలోనే అతిపెద్ద డాన్స్ రియాలిటీ షో...9 సీజన్స్ ముగించుకుని ఇపుడు ఢీ-10 గా మిమ్మల్ని అలరించడానికి, ఎంటర్ టైన్ మెంట్ ని టన్నుల టన్నుల కొద్ది మీకు అందిస్తోంది ప్రదీప్ యాంకర్ గా, రష్మి, సుడిగాలి సుధీర్, హేమంత్, వర్షిణిలు టీమ్ లిడర్స్ గా, హీరోయిన్ ప్రియమణి,శేఖర్ మాష్టర్ లు జడ్జిస్‌ గా ఢీ-10 షోకి వ్యవహరిస్తారు.\\n☛ For latest updates on ETV Channels | http://www.etv.co.in   \\n☛ Subscribe for more latest Episodes | http://bit.ly/12A56lY \\n☛ Like us on | http://www.fb.com/etvteluguindia \\n☛ Follow us on | https://twitter.com/etvteluguindia","id":"jSxKvP5VaTA","latest_date":"18.25.04","latest_dislikes":"3329","latest_likes":"16372","latest_views":"4116637","title":"Dhee 10 |  18th April 2018   | Full Episode | ETV Telugu","trending_days":[{"date":"18.19.04","dislikes":"862","likes":"6536","views":"902183"},{"date":"18.19.04","dislikes":"862","likes":"6536","views":"902183"},{"date":"18.20.04","dislikes":"2010","likes":"12623","views":"2600568"},{"date":"18.20.04","dislikes":"2010","likes":"12623","views":"2600568"},{"date":"18.21.04","dislikes":"2564","likes":"14447","views":"3183036"},{"date":"18.21.04","dislikes":"2564","likes":"14447","views":"3183036"},{"date":"18.22.04","dislikes":"2942","likes":"15226","views":"3551166"},{"date":"18.22.04","dislikes":"2942","likes":"15226","views":"3551166"},{"date":"18.23.04","dislikes":"3111","likes":"15734","views":"3784068"},{"date":"18.23.04","dislikes":"3111","likes":"15734","views":"3784068"},{"date":"18.24.04","dislikes":"3252","likes":"16113","views":"3983071"},{"date":"18.25.04","dislikes":"3329","likes":"16372","views":"4116637"}]}
{"channel_title":"FoxStarHindi","description":"Few lives in our times are as dramatic and enigmatic as the saga of Sanjay Dutt. Coming from a family of cinema legends, he himself became a film star, and then saw dizzying heights and darkest depths: adulation of diehard fans, unending battles with various addictions, brushes with the underworld, prison terms, loss of loved ones, and the haunting speculation that he might or might not be a terrorist.\\n\\nSanju is in turns a hilarious and heartbreaking exploration of one man’s battle against his own wild self and the formidable external forces trying to crush him. It depicts the journey of a man through everything that life can throw at him. Some true stories leave you thinking “did this really happen?” This is one such unbelievable story that happens to be true.\\n\\nStarring: Ranbir Kapoor, Paresh Rawal, Manisha Koirala, Anushka Sharma, Sonam Kapoor, Dia Mirza, Vicky Kaushal, Jim Sarbh and Boman Irani. \\n \\nDirected by: Rajkumar Hirani. \\n \\nProduced by: Vinod Chopra Films and Rajkumar Hirani Films in association with Fox Star Studios.\\n\\nAlso Subscribe To \\nFoxStarIndia: http://goo.gl/Y8HGhY\\nFoxStarSouth : http://goo.gl/AO8IsZ\\n\\nSocial Media Links\\nFacebook: https://www.facebook.com/foxstarhindi\\nTwitter: https://twitter.com/foxstarhindi\\nInstagram: http://instagram.com/foxstarhindi\\nPinterest: http://www.pinterest.com/foxstarhindi/\\n\\nDailymotion:\\nhttp://www.dailymotion.com/FoxStarHindi","id":"rRr1qiJRsXk","latest_date":"18.03.05","latest_dislikes":"30791","latest_likes":"780895","latest_views":"44171797","title":"Sanju | Official Teaser | Ranbir Kapoor | Rajkumar Hirani","trending_days":[{"date":"18.25.04","dislikes":"15606","likes":"511763","views":"18639195"},{"date":"18.25.04","dislikes":"15606","likes":"511768","views":"18639195"},{"date":"18.26.04","dislikes":"21140","likes":"646403","views":"28572753"},{"date":"18.26.04","dislikes":"21140","likes":"646404","views":"28572753"},{"date":"18.27.04","dislikes":"23886","likes":"689918","views":"32679759"},{"date":"18.27.04","dislikes":"23885","likes":"689920","views":"32679759"},{"date":"18.28.04","dislikes":"26170","likes":"719461","views":"36202030"},{"date":"18.28.04","dislikes":"26170","likes":"719461","views":"36202030"},{"date":"18.29.04","dislikes":"28091","likes":"742221","views":"39207474"},{"date":"18.29.04","dislikes":"28091","likes":"742221","views":"39207474"},{"date":"18.30.04","dislikes":"29512","likes":"761124","views":"41978366"},{"date":"18.30.04","dislikes":"29512","likes":"761124","views":"41978366"},{"date":"18.01.05","dislikes":"29892","likes":"768406","views":"42738154"},{"date":"18.01.05","dislikes":"29892","likes":"768406","views":"42738154"},{"date":"18.02.05","dislikes":"30350","likes":"775542","views":"43553343"},{"date":"18.03.05","dislikes":"30791","likes":"780895","views":"44171797"}]}
{"channel_title":"T-Series","description":"Gulshan Kumar and T-Series present Bhushan Kumar's official music video 'Raat Kamaal Hai' Song' featuring Guru Randhawa & Khushali Kumar, This latest party song is composed  Guru Randhawa, sung by Guru Randhawa & Tulsi Kumar, the Lyrics of this new song are also penned by Guru Randhawa.\\n\\n\\n♪ Available on ♪\\niTunes: http://bit.ly/Raat-Kamaal-Hai-iTunes\\nHungama: http://bit.ly/Raat-Kamaal-Hai-Hungama\\nSaavn: http://bit.ly/Raat-Kamaal-Hai-Saavn\\nApple Music : http://bit.ly/Raat-Kamaal-Hai-Apple-Music\\nAmazon Prime Music: http://bit.ly/Raat-Kamaal-Hai-Amazon-Prime-Music\\nGoogle Play: http://bit.ly/Raat-Kamaal-Hai-Google-Play\\nWynk: http://bit.ly/Raat-Kamaal-Hai-Wynk\\nJio http://bit.ly/Raat-Kamaal-Hai-Jio\\n\\nFor Caller Tunes :\\nRaat Kamaal Hai https://bit.ly/2FhBIKm\\nRaat Kamaal Hai - Duet https://bit.ly/2qXOzgG\\nRaat Kamaal Hai - Tere Mere Pyar Di https://bit.ly/2vH2Va1\\nRaat Kamaal Hai - Teri Chardi Umar https://bit.ly/2r0uwx8\\n\\nSet as Caller Tune:\\nSet Raat Kamaal Hai as your caller tune - sms RTKH1 To 54646\\nSet Raat Kamaal Hai - Duet as your caller tune -sms RTKH2 To 54646\\nSet Raat Kamaal Hai - Tere Mere Pyar Di as your caller tune - sms RTKH3 To 54646\\nSet Raat Kamaal Hai - Teri Chardi Umar as your caller tune - sms RTKH4 To 54646\\n________________________________________\\nSong  – RAAT KAMAAL HAI\\nSingers - Guru Randhawa,Tulsi Kumar \\nLyrics- Guru Randhawa\\nMusic  - Guru Randhawa\\nProgramming By - Rajat Nagpal \\nMixing And Mastering -  Eric Pillai (Future Sound Of Bombay).\\nMix Assistant Engineers - Michael Edwin Pillai\\nVideo By - Mohan\\nDOP- Rajesh Shukla\\nChoreographer-Dimple Kotecha\\nCostumes-Reve by Khushali Kumar \\nGuru’s stylist - Sheltun Benjamen \\nMakeup -Vidya Tikari, Ajay Vishwarao\\nSecondary cast makeup- Tanvi Pahva\\nEditor- Ajit Singh\\nCc and Online editor - Posthouse\\nMusic Label - T-Series \\n________________________________________\\nOperator Codes: \\n1.Raat Kamaal Hai\\nVodafone Subscribers Dial 53710435062\\nAirtel Subscribers Dial 5432116521626\\nIdea Subscribers Dial 5678910435062\\nTata DoCoMo Subscribers dial 54321110435062\\nBSNL (South / East) Subscribers sms BT 10435062 To 56700\\nBSNL (North / West) Subscribers sms BT 7075809 To 56700\\nVirgin Subscribers sms TT 10435062 To 58475\\nTelenor Subscribers dial 500110435062\\nMTNL Subscribers sms PT 10435062 To 56789\\n\\n2.Raat Kamaal Hai - Duet\\nVodafone Subscribers Dial 53710435034\\nAirtel Subscribers Dial 5432116521657\\nIdea Subscribers Dial 5678910435034\\nTata DoCoMo Subscribers dial 54321110435034\\nBSNL (South / East) Subscribers sms BT 10435034 To 56700\\nBSNL (North / West) Subscribers sms BT 7075810 To 56700\\nVirgin Subscribers sms TT 10435034 To 58475\\nTelenor Subscribers dial 500110435034\\nMTNL Subscribers sms PT 10435034 To 56789\\n\\n3.Raat Kamaal Hai - Teri Chardi Umar\\nVodafone Subscribers Dial 53710435028\\nAirtel Subscribers Dial 5432116521640\\nIdea Subscribers Dial 5678910435028\\nTata DoCoMo Subscribers dial 54321110435028\\nBSNL (South / East) Subscribers sms BT 10435028 To 56700\\nBSNL (North / West) Subscribers sms BT 7075812 To 56700\\nVirgin Subscribers sms TT 10435028 To 58475\\nTelenor Subscribers dial 500110435028\\nMTNL Subscribers sms PT 10435028 To 56789\\n\\n4.Raat Kamaal Hai - Teri Chardi Umar\\nVodafone Subscribers Dial 53710435028\\nAirtel Subscribers Dial 5432116521640\\nIdea Subscribers Dial 5678910435028\\nTata DoCoMo Subscribers dial 54321110435028\\nBSNL (South / East) Subscribers sms BT 10435028 To 56700\\nBSNL (North / West) Subscribers sms BT 7075812 To 56700\\nVirgin Subscribers sms TT 10435028 To 58475\\nTelenor Subscribers dial 500110435028\\nMTNL Subscribers sms PT 10435028 To 56789\\n___\\nEnjoy & stay connected with us!\\n► Subscribe to T-Series: http://bit.ly/TSeriesYouTube\\n► Like us on Facebook: https://www.facebook.com/tseriesmusic\\n► Follow us on Twitter: https://twitter.com/tseries\\n► Follow us on Instagram: http://bit.ly/InstagramTseries","id":"aNwWdF8qq-M","latest_date":"18.03.05","latest_dislikes":"43165","latest_likes":"397141","latest_views":"27893636","title":"Official Video: Raat Kamaal Hai | Guru Randhawa & Khushali Kumar | Tulsi Kumar | New Song 2018","trending_days":[{"date":"18.27.04","dislikes":"22331","likes":"211957","views":"13156243"},{"date":"18.27.04","dislikes":"22331","likes":"211960","views":"13156243"},{"date":"18.28.04","dislikes":"29984","likes":"276262","views":"17050925"},{"date":"18.28.04","dislikes":"29984","likes":"276264","views":"17050925"},{"date":"18.29.04","dislikes":"34946","likes":"318042","views":"20090231"},{"date":"18.29.04","dislikes":"34946","likes":"318042","views":"20090231"},{"date":"18.30.04","dislikes":"38554","likes":"350987","views":"23050759"},{"date":"18.30.04","dislikes":"38554","likes":"350988","views":"23050759"},{"date":"18.01.05","dislikes":"40145","likes":"365972","views":"24508151"},{"date":"18.01.05","dislikes":"40145","likes":"365972","views":"24508151"},{"date":"18.02.05","dislikes":"41758","likes":"382361","views":"26267162"},{"date":"18.03.05","dislikes":"43165","likes":"397141","views":"27893636"}]}
{"channel_title":"Humble Music","description":"Humble Music Presents Tochan :- Singer - Sidhu MoosewalaLyrics - Sidhu MoosewalaMusic - BYG BYRD Video - Tru MakersPromotions - Gold Media EntertainmentLabel - Humble MusicStay Tuned On - iTunes - https://itunes.apple.com/in/album/tochan-single/1378407309Hungama - http://www.hungama.com/album/tochan/36025840/Saavn - https://www.saavn.com/s/album/punjabi/Tochan-2018/hWjsu-TsoZQ_Gaana - https://gaana.com/album/tochan-punjabiWynk Music - http://wynk.in/u/ZKTt8j0Nh Jio Music - https://bit.ly/2w5qUQpIdea Music - http://bit.ly/TochanOnIdeaMusicOperator Codes - Airtel - Airtel Subscribers Direct Dial 5432116523580 to Set as Hello tuneHelloTune - https://www.airtelhellotunes.in/single/index/vcode/009165200003580Vodafone Subscribers for Caller Tune Direct Dial 53710444318Idea Subscribers for Dialer Tone Direct Dial 5678910444318BSNL (E & S) Subscribers Direct Dial 5670010444318 to set BSNL TuneBSNL (N & W) Subscribers Direct Dial 567007078164 to set BSNL TuneUninor Subscribers Direct Dial 54321110444318 to Set as Caller tuneEnjoy & Stay connected with us!Subscribe to Humble Music: http://bit.ly/HumbleMusicYTLike us on Facebook: https://www.facebook.com/TheHumbleMusicFollow us on Twitter: https://twitter.com/TheHumbleMusicFollow us on Instagram: https://www.instagram.com/TheHumbleMusicFor Business Inquiries: info@humblemusic.inFor Queries :+919872207777Digitally Powered by One Digital Entertainment","id":"y-PQiShdTKA","latest_date":"18.24.05","latest_dislikes":"10316","latest_likes":"212962","latest_views":"14574802","title":"Tochan (Full Video) | SIDHU MOOSEWALA | BYG BYRD | SONIA MAAN | Humble Music","trending_days":[{"date":"18.18.05","dislikes":"3180","likes":"112530","views":"5659320"},{"date":"18.18.05","dislikes":"3180","likes":"112533","views":"5659320"},{"date":"18.19.05","dislikes":"5251","likes":"147155","views":"7933424"},{"date":"18.19.05","dislikes":"5251","likes":"147155","views":"7933424"},{"date":"18.20.05","dislikes":"6693","likes":"168584","views":"9508610"},{"date":"18.20.05","dislikes":"6693","likes":"168584","views":"9508610"},{"date":"18.21.05","dislikes":"7765","likes":"182247","views":"10879712"},{"date":"18.21.05","dislikes":"7765","likes":"182247","views":"10879712"},{"date":"18.22.05","dislikes":"8678","likes":"193564","views":"12055647"},{"date":"18.22.05","dislikes":"8678","likes":"193564","views":"12055647"},{"date":"18.23.05","dislikes":"9482","likes":"203876","views":"13222326"},{"date":"18.23.05","dislikes":"9482","likes":"203876","views":"13222326"},{"date":"18.24.05","dislikes":"10316","likes":"212962","views":"14574802"}]}
{"channel_title":"FoxStarHindi","description":"Few lives in our times are as dramatic and enigmatic as the saga of Sanjay Dutt. Coming from a family of cinema legends, he himself became a film star, and then saw dizzying heights and darkest depths: adulation of die-hard fans, unending battles with various addictions, brushes with the underworld, prison terms, loss of loved ones, and the haunting speculation that he might or might not be a terrorist.Sanju is a hilarious and heartbreaking exploration of one man’s battle against his own wild self and the formidable external forces trying to crush him. It depicts the journey of a man through everything that life can throw at him. Some true stories leave you thinking “did this really happen?” This is one such unbelievable story that happens to be true.Starring: Ranbir Kapoor, Paresh Rawal, Manisha Koirala, Anushka Sharma, Sonam Kapoor, Dia Mirza, Vicky Kaushal, Jim Sarbh and Boman Irani.  Directed by: Rajkumar Hirani.  Produced by: Vinod Chopra Films and Rajkumar Hirani Films in association with Fox Star Studios.Also Subscribe To FoxStarIndia: http://goo.gl/Y8HGhYFoxStarSouth : http://goo.gl/AO8IsZSocial Media LinksFacebook: https://www.facebook.com/foxstarhindiTwitter: https://twitter.com/foxstarhindiInstagram: http://instagram.com/foxstarhindiPinterest: http://www.pinterest.com/foxstarhindi/Dailymotion:http://www.dailymotion.com/FoxStarHindi","id":"1J76wN0TPI4","latest_date":"18.07.06","latest_dislikes":"28571","latest_likes":"744304","latest_views":"36224215","title":"Sanju | Official Trailer | Ranbir Kapoor | Rajkumar Hirani | Releasing on 29th June","trending_days":[{"date":"18.31.05","dislikes":"16991","likes":"549875","views":"21739537"},{"date":"18.31.05","dislikes":"16991","likes":"549875","views":"21739537"},{"date":"18.01.06","dislikes":"18799","likes":"587326","views":"23758250"},{"date":"18.01.06","dislikes":"18799","likes":"587326","views":"23758250"},{"date":"18.02.06","dislikes":"21687","likes":"637211","views":"26972785"},{"date":"18.02.06","dislikes":"21687","likes":"637211","views":"26972785"},{"date":"18.03.06","dislikes":"24496","likes":"680611","views":"29858402"},{"date":"18.03.06","dislikes":"24496","likes":"680616","views":"29858402"},{"date":"18.04.06","dislikes":"26632","likes":"711815","views":"32582944"},{"date":"18.04.06","dislikes":"26632","likes":"711815","views":"32582944"},{"date":"18.05.06","dislikes":"27525","likes":"726240","views":"34081968"},{"date":"18.05.06","dislikes":"27525","likes":"726241","views":"34081968"},{"date":"18.06.06","dislikes":"28309","likes":"740157","views":"35656711"},{"date":"18.07.06","dislikes":"28571","likes":"744304","views":"36224215"}]}
{"channel_title":"ashish chanchlani vines","description":"Presenting to youThe types of people you find in Indian restaurants“RESTAURANT SUTIYAPA”Based on real story of course!Comment below which was your favourite scene and dialogues!Do not forget to download the awesome LOCO APP : https://go.onelink.me/app/ec5afb3cCo starring : Akash dodeja, Kunal Chhabhria, Rohit Sadhwani, Anmol Sachar, Gulshan Ailsinghani, Tanish sirwani, Mamta kodwani, Simi hotwani, Divesh nainani, Mayur kakde, Ritesh sadhwani.Shot & Edited by : Kunal ChhabhriaAssist. Editor : Divesh NainaniWritten and created by : Ashish ChanchlaniAssist. Director : Tanish Sirwani","id":"WDiK14qI3pQ","latest_date":"18.06.06","latest_dislikes":"22386","latest_likes":"431044","latest_views":"7461268","title":"Restaurant Sutiyapa | Ashish Chanchlani","trending_days":[{"date":"18.31.05","dislikes":"15396","likes":"337315","views":"4613979"},{"date":"18.31.05","dislikes":"15396","likes":"337318","views":"4613979"},{"date":"18.01.06","dislikes":"17071","likes":"360860","views":"5163751"},{"date":"18.01.06","dislikes":"17071","likes":"360860","views":"5163751"},{"date":"18.02.06","dislikes":"19293","likes":"388402","views":"6014466"},{"date":"18.02.06","dislikes":"19293","likes":"388402","views":"6014466"},{"date":"18.03.06","dislikes":"20613","likes":"405687","views":"6551282"},{"date":"18.03.06","dislikes":"20613","likes":"405687","views":"6551282"},{"date":"18.04.06","dislikes":"21406","likes":"416564","views":"6928597"},{"date":"18.04.06","dislikes":"21406","likes":"416564","views":"6928597"},{"date":"18.05.06","dislikes":"21893","likes":"422947","views":"7178996"},{"date":"18.05.06","dislikes":"21893","likes":"422947","views":"7178996"},{"date":"18.06.06","dislikes":"22386","likes":"431044","views":"7461268"}]}
{"channel_title":"Rhythm Boyz","description":"Rhythm Boyz Entertainment & Hayre Omjee Studio Presents:GOLAK BUGNI BANK TE BATUAReleasing on 13th April 2018Directed by - Ksshitij ChaudharyProduced by - Karaj Gill & Talwinder HayreCo-producers - Jaspal Singh Sandhu, Amiek Virk, Munish SahniStory Screenplay : Dheeraj Rattan Dialogue : Rakesh Dhawan Additional Dialogue : Surmeet Maavi Production Designer : Kazi Rafik Ali and Liyakat Ali KhanDOP : Parixit Warrier Editor : Rikki KajleChief Assistant Director : Deepak ThaperCostume Designer: Nitasha Bhateja Roy Music & Background Score : Jatinder shah Singers : Amrinder Gill, Sunidhi Chauhan, Bir Singh, Gurshabad, Gurpreet Maan, Bikk DhillonLyricist : Happy Raikoti, Bir Singh, Harmanjeet, Sabir Ali Sabir, Bikk Dhillon, Sidhu SarabjitArt Director : Dipankar Mondal Post Production Controller : Varun Bansal Line Producer : Virasat Films Visual promotion : Hashtag Studios Poster Design : Vitamin VPoster Stills : Harjeet SinghMovie Stills : Dashmesh Arts, Manpreet Singh Grewal, Jit Sandhu, Maninder SinghDigitally Powered by One Digital Entertainment [https://www.facebook.com/OneDigitalEntertainment]","id":"l7E0kTvARsA","latest_date":"18.07.06","latest_dislikes":"4785","latest_likes":"77789","latest_views":"7398655","title":"Golak Bugni Bank Te Batua Full Movie (HD) | Harish Verma | Simi Chahal | Superhit Punjabi Movies","trending_days":[{"date":"18.31.05","dislikes":"222","likes":"9336","views":"225528"},{"date":"18.31.05","dislikes":"222","likes":"9336","views":"225528"},{"date":"18.01.06","dislikes":"783","likes":"22023","views":"781977"},{"date":"18.01.06","dislikes":"783","likes":"22023","views":"781977"},{"date":"18.02.06","dislikes":"1811","likes":"41807","views":"2289027"},{"date":"18.02.06","dislikes":"1811","likes":"41807","views":"2289027"},{"date":"18.03.06","dislikes":"2520","likes":"52355","views":"3523444"},{"date":"18.03.06","dislikes":"2520","likes":"52355","views":"3523444"},{"date":"18.04.06","dislikes":"3160","likes":"60148","views":"4638549"},{"date":"18.04.06","dislikes":"3160","likes":"60148","views":"4638549"},{"date":"18.05.06","dislikes":"3784","likes":"67232","views":"5661965"},{"date":"18.05.06","dislikes":"3784","likes":"67232","views":"5661965"},{"date":"18.06.06","dislikes":"4534","likes":"75326","views":"6909059"},{"date":"18.07.06","dislikes":"4785","likes":"77789","views":"7398655"}]}
{"channel_title":"RDC Rajasthani","description":"कस्टमर केयर वाली छोरिया | राजस्थानी सुपरहिट कॉमेडी रमकुड़ी झमकूड़ी -9  | Ramkudi Jhamkudi Comedy Show | PRGＬＩＫＥ | ＳＨＡＲＥ | ＣＯＭＭＥＮＴ | ＳＵＢＳＣＲＩＢＥ❖Album : Ramkudi Jhamkudi Part-9 ❖Comedian : Twinkle Vaishnav, Sonal Raika ,Pankaj Sharma,❖Script : Sajjan Singh Gehlot❖Label : PRG Music and Films Studio❖Editor : Ashok deora❖Category : Comedy ❖Sub Category : Comedy❖Director : Sajjan Singh Gehlot❖Producer : Sajjan Singh Gehlot❖Digital Partner : RDC MEDIA PVT.LTD.●●●●●●●●●●●●●●●●●●●●●●●●●●●●●●☛Connect with RDC Rajasthani☚●●●●●●●●●●●●●●●●●●●●●●●●●●●●●●►Subscribe - http://bit.ly/1h7gnaY►Facebook Page - http://bit.ly/RDCRajasthani►G+ - http://bit.ly/RDCRajasthaniGooglePlus►Twitter - https://twitter.com/RDCRajasthani►Daily Motion - http://www.dailymotion.com/RDCRajasthaniYou can also Follow us on:-►FIRSTWALL - http://flite.firstwall.com/brand/rdc-rajasthani/3280/","id":"C1Pn5Ln1R4M","latest_date":"18.13.06","latest_dislikes":"7619","latest_likes":"35578","latest_views":"8240953","title":"कस्टमर केयर वाली छोरिया | राजस्थानी सुपरहिट कॉमेडी रमकुड़ी झमकूड़ी -9  | Ramkudi Jhamkudi Comedy","trending_days":[{"date":"18.06.06","dislikes":"170","likes":"1572","views":"75248"},{"date":"18.07.06","dislikes":"498","likes":"3528","views":"343599"},{"date":"18.07.06","dislikes":"498","likes":"3528","views":"343599"},{"date":"18.08.06","dislikes":"982","likes":"5680","views":"763773"},{"date":"18.08.06","dislikes":"982","likes":"5680","views":"763773"},{"date":"18.09.06","dislikes":"1474","likes":"8328","views":"1282605"},{"date":"18.09.06","dislikes":"1474","likes":"8328","views":"1282605"},{"date":"18.10.06","dislikes":"3529","likes":"17775","views":"3487919"},{"date":"18.10.06","dislikes":"3529","likes":"17775","views":"3487919"},{"date":"18.11.06","dislikes":"4309","likes":"21505","views":"4188219"},{"date":"18.11.06","dislikes":"4309","likes":"21505","views":"4188219"},{"date":"18.12.06","dislikes":"6545","likes":"30942","views":"6780587"},{"date":"18.13.06","dislikes":"7619","likes":"35578","views":"8240953"}]}
