{"category_id":"10","videos":[{"radio_likes_dislikes":1359.1923076923076,"video_id":"T99oRpCsLtc","video_title":"[MIXTAPE] I.M - Fly With Me (Teaser)","views":127877},{"radio_likes_dislikes":1144.8684210526317,"video_id":"I_YATAIvd4g","video_title":"Jackson Wang - Fendiman (Teaser)","views":189799},{"radio_likes_dislikes":1001.0973837209302,"video_id":"PMEkmiQP5bg","video_title":"G.C.F in Osaka","views":2942269},{"radio_likes_dislikes":791.0066666666667,"video_id":"1YEXXIWqkMM","video_title":"[PREVIEW] BTS (방탄소년단) 2018 Season’s greetings coming","views":1002924},{"radio_likes_dislikes":657.5057471264367,"video_id":"D5tett-Kb6w","video_title":"Black on Black","views":338711},{"radio_likes_dislikes":559.8061224489796,"video_id":"eW7LqZkIF2E","video_title":"NCT RECORDING DIARY #1","views":237667},{"radio_likes_dislikes":531.875,"video_id":"CVRsDpihaEs","video_title":"BTS on 2018 Billboard Music Awards Performance | Billboard","views":355819},{"radio_likes_dislikes":491.0284495021337,"video_id":"3-FXW0CW_8o","video_title":"[BANGTAN BOMB] V&Jungkook Singing at standby time","views":1596081},{"radio_likes_dislikes":485.4358208955224,"video_id":"7PQbMLc_sSs","video_title":"[BANGTAN BOMB] The cutest boy in the world is Hawaii-kkojili (suntanned JK in Hawaii) for BTS @VLIVE","views":918460},{"radio_likes_dislikes":470.9955947136564,"video_id":"STEUAcTmXTg","video_title":"[MIXTAPE] I.M - Fly With Me (MV)","views":429082}]}
{"category_id":"22","videos":[{"radio_likes_dislikes":1198.5172413793102,"video_id":"nByvlE7y71Q","video_title":"THE POPULAR DANCE TUTORIALS OF 90s-CURRENT W/BM OF KARD","views":165176},{"radio_likes_dislikes":551.8235294117648,"video_id":"jdWhVZutmkg","video_title":"[PREVIEW/ENG] BTS Don't Leave Me || New JP ALBUM FACE YOURSELF","views":249667},{"radio_likes_dislikes":477.1333333333333,"video_id":"qHI7HwvOtgE","video_title":"When Jungkook Creates Subtitels - BTS COMEBACK SHOW (HIGHLIGHT REEL)","views":223808},{"radio_likes_dislikes":399.58677685950414,"video_id":"r5sOlv58s_k","video_title":"180613 JIMIN & JUNGKOOK - 'Black Or White' Michael Jackson (DANCE)","views":439530},{"radio_likes_dislikes":332.04545454545456,"video_id":"MsCye16rIgw","video_title":"171221 Yunho's TVXQ screamed Jonghyun's name in the middle of concert","views":256834},{"radio_likes_dislikes":295.68794326241135,"video_id":"hhBQ-sHYEtc","video_title":"Pre-Industrial Surgeries","views":377104},{"radio_likes_dislikes":280.2,"video_id":"CnsSM4fkMlw","video_title":"[ENG] EPISODE BTS @2017 MMA","views":148485},{"radio_likes_dislikes":263.36129032258066,"video_id":"mbnBYh-BJ1g","video_title":"True Facts : Pangolins Posse","views":403051},{"radio_likes_dislikes":249.78378378378378,"video_id":"PGajJ-a4_Ik","video_title":"[Eng Es PT Sub] BTS AMAs 2017 Behind the Scene","views":134332},{"radio_likes_dislikes":244.3913043478261,"video_id":"Hzk1bM2vVFU","video_title":"True Facts : Carnivorous Plants","views":412312}]}
{"category_id":"24","videos":[{"radio_likes_dislikes":779.6190476190476,"video_id":"udAQmQ7W0Q8","video_title":"BTS Dish About Debuting New Music At The 2018 Billboard Music Awards | Access","views":189531},{"radio_likes_dislikes":640.8507462686567,"video_id":"MWb2vazaD28","video_title":"BTS On Their Favorite Body Parts & Their Fan-Organized Purple Ribbon Army | Access","views":262771},{"radio_likes_dislikes":457.253164556962,"video_id":"Dg427G4M74E","video_title":"seth everman reacts to people reacting to seth everman","views":231333},{"radio_likes_dislikes":443.0263157894737,"video_id":"iR-dh3gYYPY","video_title":"BTS Radio Disney Interview on Crack","views":198004},{"radio_likes_dislikes":440.31168831168833,"video_id":"bFIB05LGtMs","video_title":"What Skydiving Taught Me About FEAR","views":234421},{"radio_likes_dislikes":405.19354838709677,"video_id":"RtI8iieSHqU","video_title":"[SHINee's BACK] Ep.3 산소같은 너(Love Like Oxygen) (ENG SUB)","views":304046},{"radio_likes_dislikes":404.7837837837838,"video_id":"fkQT4UiFXAw","video_title":"BTS Reveals Number One Social Media Rule | E! Live from the Red Carpet","views":232444},{"radio_likes_dislikes":394.5378151260504,"video_id":"y_WoOYybCro","video_title":"How I Became The Fresh Prince of Bel Air | STORYTIME","views":483489},{"radio_likes_dislikes":374.35714285714283,"video_id":"aEwgyCX2fTc","video_title":"Coming June 4 - A Week w/ Shawn Mendes - #LateLateShawn","views":150029},{"radio_likes_dislikes":373.328431372549,"video_id":"SgaElLVzReQ","video_title":"BTS Are Just People | The Real BTS","views":688120}]}
{"category_id":"1","videos":[{"radio_likes_dislikes":527.6875,"video_id":"6tEQoF_8Z7s","video_title":"Place To Start (Official Video) - Mike Shinoda","views":225248},{"radio_likes_dislikes":373.9259259259259,"video_id":"BsQq_ySHb_k","video_title":"Injuries & Being Sick","views":1339483},{"radio_likes_dislikes":369.3210332103321,"video_id":"7HGCE6-LMBg","video_title":"Ari's Birthday! (again)","views":2171303},{"radio_likes_dislikes":314.59615384615387,"video_id":"BflPCPTZS0Q","video_title":"Drawn Dreams #7 - Zombieapokalypse","views":106025},{"radio_likes_dislikes":300.40816326530614,"video_id":"Hk8tr01_jU4","video_title":"5 Minuten Harry Podcast #9","views":138385},{"radio_likes_dislikes":264.5502008032129,"video_id":"k8UmX17DXWg","video_title":"REAL VS. FAKE ANIME CHALLENGE (feat. PewDiePie)","views":353870},{"radio_likes_dislikes":261.3636363636364,"video_id":"4zrKm3tqvNc","video_title":"Spam von Kacie","views":187545},{"radio_likes_dislikes":245.21026894865525,"video_id":"lGEY8IulWiA","video_title":"Lucas the Spider - Musical Spider","views":684642},{"radio_likes_dislikes":236.00954198473283,"video_id":"cy9W-ZywVPc","video_title":"Trying to Get Into Fitness & Health","views":1289211},{"radio_likes_dislikes":232.6,"video_id":"CBF-sjryWEE","video_title":"Твое имя (Трейлер RUS #2)","views":934561}]}
{"category_id":"26","videos":[{"radio_likes_dislikes":347.7701149425287,"video_id":"hBkyaT2M-4U","video_title":"Sebastian & Chloe's Wedding Video! Mr & Mrs Paez","views":172536},{"radio_likes_dislikes":335.45714285714286,"video_id":"ZhCrQ5AEhpg","video_title":"EPIC ART with KIDS ART SUPPLIES!?","views":345227},{"radio_likes_dislikes":291.77183098591547,"video_id":"sV7eDd1d7LI","video_title":"Cooking birthday presents for my wife!","views":860132},{"radio_likes_dislikes":268.6,"video_id":"OdNqWcUdm6I","video_title":"Sukiyaki (Homemade Tofu)","views":543413},{"radio_likes_dislikes":250.6522678185745,"video_id":"sd80ZipTMDE","video_title":"$11.99 FOUNDATION VS. $40 FOUNDATION: Who Wins ???","views":940532},{"radio_likes_dislikes":249.5,"video_id":"cigfDmZQVlI","video_title":"My Bullet Journal Setup 2018","views":169011},{"radio_likes_dislikes":223.51530612244898,"video_id":"5530I_pYjbo","video_title":"How I Trained My Cats","views":977285},{"radio_likes_dislikes":218.8758865248227,"video_id":"G3Fc_eOkM8M","video_title":"Chili Klaus Faces the Most Extreme Hot Ones Ever","views":865295},{"radio_likes_dislikes":204.89622641509433,"video_id":"zLuhCfBqf5U","video_title":"Coconut Macaroons - You Suck at Cooking (episode 76)","views":280066},{"radio_likes_dislikes":197.93069306930693,"video_id":"cR6N3g2qJJQ","video_title":"Lili Reinhart on What She Expects From Her First Met Gala | Met Gala 2018 With Liza Koshy | Vogue","views":711305}]}
{"category_id":"15","videos":[{"radio_likes_dislikes":319.0923076923077,"video_id":"BWsRpT9LNcQ","video_title":"Fireworks - Simon's Cat | BLACK & WHITE","views":189282},{"radio_likes_dislikes":294.13953488372096,"video_id":"BkIuZVGTkM0","video_title":"Kitten Crazy Time - Simon's Cat | BLACK & WHITE","views":130290},{"radio_likes_dislikes":247.68852459016392,"video_id":"3j5eGupDWY4","video_title":"Homeless and abused, this Pit Bull didn't lose HOPE that something amazing will happen!","views":176428},{"radio_likes_dislikes":203.73972602739727,"video_id":"R-OZ2Tmi9pw","video_title":"A Christmas Yarn - Simon's Cat (A Christmas Special) | BLACK & WHITE","views":173681},{"radio_likes_dislikes":200.72222222222223,"video_id":"rplCCSqWXIY","video_title":"Head Over Heels (A Valentines Special) - Simon's Cat | BLACK & WHITE","views":172502},{"radio_likes_dislikes":190.64814814814815,"video_id":"FZCutVRTub4","video_title":"Polished Paws - Simon's Cat | BLACK & WHITE","views":109767},{"radio_likes_dislikes":182.82096774193548,"video_id":"I4Q3YDezqcM","video_title":"MOO","views":809376},{"radio_likes_dislikes":163.13636363636363,"video_id":"9PhM-zCmTFs","video_title":"DIY - Simon's Cat  | NEW BLACK & WHITE!","views":178977},{"radio_likes_dislikes":159.62857142857143,"video_id":"9qlF_9PNhJs","video_title":"The Tree (True Story!) - Simon's Cat | BLACK & WHITE","views":121653},{"radio_likes_dislikes":156.15238095238095,"video_id":"faYA_upR_a0","video_title":"Purrthday Cake (A 10th Birthday Special) - Simon's Cat | BLACK & WHITE","views":188931}]}
{"category_id":"20","videos":[{"radio_likes_dislikes":307.1744186046512,"video_id":"TyVEayremRQ","video_title":"MEIN ERSTES ESPORT TURNIER 🔥🔥","views":136004},{"radio_likes_dislikes":285.29824561403507,"video_id":"vMQUvtUhXfM","video_title":"Kochen mit maudado 「Fast Daily Vlog」","views":104090},{"radio_likes_dislikes":216.14102564102564,"video_id":"2_ckvSxOyVY","video_title":"Just Married! - 10 Minute Power Hour","views":385744},{"radio_likes_dislikes":216.1290322580645,"video_id":"rJiCu8DwhHI","video_title":"FIFA 18 | F8TAL ICON RONALDINHO #01 - Er stiehlt RONALDINHO die Show 😱","views":119188},{"radio_likes_dislikes":202.7703081232493,"video_id":"ldPfoynz5Qc","video_title":"Delinquent Update Trailer","views":478443},{"radio_likes_dislikes":198.8186046511628,"video_id":"JMgzvpqzdTU","video_title":"[NEW SEASONAL MISSION] Retribution | Overwatch","views":537495},{"radio_likes_dislikes":195.61987041036718,"video_id":"EUnQnf8mfW0","video_title":"Yandere Simulator Delinquent Backstory","views":765060},{"radio_likes_dislikes":193.05494505494505,"video_id":"0h_LmgxUtPQ","video_title":"FIFA 18 : F8TAL ICON GULLIT #3 - FEELFIFA KONFERENZ !! 🔥🔥🔥","views":190650},{"radio_likes_dislikes":188.82758620689654,"video_id":"laRc8kJKcuk","video_title":"Zombey schiebt Bilder durch die Gegend.","views":106843},{"radio_likes_dislikes":186.7092511013216,"video_id":"tn0hCTyj2Kc","video_title":"The Sims 4 Seasons: Official Reveal Trailer","views":441311}]}
{"category_id":"17","videos":[{"radio_likes_dislikes":281.14285714285717,"video_id":"_QBhZGPG7rk","video_title":"ULTIMATE GYMNASTICS CHALLENGE {Winter Olympics Edition}","views":160435},{"radio_likes_dislikes":258.9102564102564,"video_id":"_F-9-dXrhjo","video_title":"BEST OF 2017 - Fabio Wibmer","views":181498},{"radio_likes_dislikes":225.9933110367893,"video_id":"1CR0QmCaMTs","video_title":"Fabio Wibmer - Fabiolous Escape 2","views":540522},{"radio_likes_dislikes":171.2866507747318,"video_id":"VRJmcxCrAOA","video_title":"Real Life Trick Shots 2 | Dude Perfect","views":4234615},{"radio_likes_dislikes":166.44642857142858,"video_id":"NHrwcQQ38bA","video_title":"Candide Thovex - quattro 2","views":388810},{"radio_likes_dislikes":158.96226415094338,"video_id":"trfSIOp3EcQ","video_title":"2017 Abu Dhabi Grand Prix | Best Of Team Radio","views":265149},{"radio_likes_dislikes":154.28125,"video_id":"LuV6gD4ewH4","video_title":"2017 Abu Dhabi Grand Prix: FP2 Highlights","views":194962},{"radio_likes_dislikes":143.23423423423424,"video_id":"HqYrEaYXrEI","video_title":"How I broke my COLLARBONE - Behind the Scenes of Fabiolous Escape 2","views":228614},{"radio_likes_dislikes":130.01663339986692,"video_id":"9oyKePWRi8Y","video_title":"Best of 2017 | Dude Perfect","views":3185900},{"radio_likes_dislikes":127.82539682539682,"video_id":"C0ap0ytimSU","video_title":"2018 Monaco Grand Prix: FP2 Highlights","views":418594}]}
{"category_id":"27","videos":[{"radio_likes_dislikes":253.1658031088083,"video_id":"SQsPvrev_bQ","video_title":"435","views":401968},{"radio_likes_dislikes":240.11510791366908,"video_id":"OBSfullrLFk","video_title":"Real Doctor Reacts to CODE BLACK | Medical Drama Review | Doctor Mike","views":301545},{"radio_likes_dislikes":236.13069306930694,"video_id":"R9OHn5ZF4Uo","video_title":"How Do Machines Learn?","views":677636},{"radio_likes_dislikes":232.68965517241378,"video_id":"LaUDwaXThjY","video_title":"Der Quanten Tunneleffekt","views":116799},{"radio_likes_dislikes":161.42990654205607,"video_id":"zOgle88sKro","video_title":"The German Town That's Literally Breaking Apart","views":372127},{"radio_likes_dislikes":150.1024702653248,"video_id":"jQNazsWnQKU","video_title":"Tyler, The Creator - OKRA","views":1476311},{"radio_likes_dislikes":140.26050420168067,"video_id":"AkCLxl3MzNA","video_title":"Taking A Colour Blind Test With Colour Blind Glasses","views":655705},{"radio_likes_dislikes":134.52055921052633,"video_id":"YI3tsmFsrOg","video_title":"The Deadliest Being on Planet Earth – The Bacteriophage","views":2310168},{"radio_likes_dislikes":123.24065196548418,"video_id":"ulCdoCfw-bY","video_title":"The Black Hole Bomb and Black Hole Civilizations","views":1945720},{"radio_likes_dislikes":119.17092866756393,"video_id":"16W7c0mb-rE","video_title":"Emergence – How Stupid Things Become Smart Together","views":1164713}]}
{"category_id":"23","videos":[{"radio_likes_dislikes":242.8101644245142,"video_id":"qgYvfE5PkQI","video_title":"Liza On Demand - Official Trailer","views":1342440},{"radio_likes_dislikes":227.63302752293578,"video_id":"hCk3CyjlTH8","video_title":"Oddly Specific Shirt Adverts","views":331579},{"radio_likes_dislikes":227.5438596491228,"video_id":"Q-8LUFTljug","video_title":"Слово Гройсмана, оправдания Правого Сектора","views":337185},{"radio_likes_dislikes":213.37623762376236,"video_id":"9DqoL35Lspo","video_title":"Ziemlich beste Freunde.","views":236210},{"radio_likes_dislikes":197.61290322580646,"video_id":"gNXoxfeyzmI","video_title":"The exact moment I hit 4,000,000 subscribers","views":591038},{"radio_likes_dislikes":197.01909959072304,"video_id":"EGWYfT4si5Q","video_title":"[badly] - ДВИЖЕНИЕ ВВЕРХ (Ответ киноделов и участников события)","views":1491089},{"radio_likes_dislikes":196.3800539083558,"video_id":"_0Wz8e4W-oE","video_title":"Patience","views":803075},{"radio_likes_dislikes":193.88235294117646,"video_id":"TWpt-ze_cYU","video_title":"You, but in emojis. (YIAY #375)","views":808317},{"radio_likes_dislikes":193.86772486772486,"video_id":"KI_H72LvCdk","video_title":"Friendzone.","views":281461},{"radio_likes_dislikes":191.56382978723406,"video_id":"18fxVZI3pd4","video_title":"The Worst Joke Book: The Minecraft Joke Book","views":243845}]}
{"category_id":"2","videos":[{"radio_likes_dislikes":206.35353535353536,"video_id":"9cIWaxlhzkw","video_title":"JP Performance - Los Angeles to Vegas! | The Roadtrip | Tag 3 | Teil 2","views":338765},{"radio_likes_dislikes":191.77083333333334,"video_id":"0YRRH4g_yA0","video_title":"JP Performance - WIR SCHREIBEN GESCHICHTE.","views":661445},{"radio_likes_dislikes":159.41509433962264,"video_id":"Ra6xPPvP_dg","video_title":"Wir sagen Sorry!","views":159670},{"radio_likes_dislikes":153.24175824175825,"video_id":"Bz-WKmzMjuM","video_title":"EPIC year incoming! - Grenzgaenger BEST OF 2017 -  Part 2","views":143739},{"radio_likes_dislikes":145.94059405940595,"video_id":"8obPm-Zkj_M","video_title":"No Fear no Limits - Grenzgaenger Supermoto 2018","views":142464},{"radio_likes_dislikes":131.748031496063,"video_id":"IXEFof9Bz_I","video_title":"JP Performance - Wie viele Autos haben wir eigentlich jetzt?","views":614963},{"radio_likes_dislikes":129.86520376175548,"video_id":"cqBFVb-qlJE","video_title":"JP Performance - So funktioniert JP Performance ! 1000 Videos Special","views":530202},{"radio_likes_dislikes":129.6021505376344,"video_id":"tw4jkyfY4HE","video_title":"Roadster","views":593849},{"radio_likes_dislikes":126.05357142857143,"video_id":"H7LoH5CrxOw","video_title":"JP Performance - Los Angeles to Vegas! | SEMA SHOW 2017 | Teil 1","views":331778},{"radio_likes_dislikes":125.7217125382263,"video_id":"zpBHgNuIGyw","video_title":"JP Performance - Ab auf die Schleife! | Die Wörthersee Tour 2018 | Teil 6","views":479833}]}
{"category_id":"25","videos":[{"radio_likes_dislikes":164.9294117647059,"video_id":"iTmamhtnHmI","video_title":"Trio of Avicii Songs Ring Out From Utrecht Church Bells in Tribute to DJ","views":953951},{"radio_likes_dislikes":111.6017130620985,"video_id":"1MGNw-Y2QPk","video_title":"We Should Talk About What James Harrison Did...","views":937761},{"radio_likes_dislikes":83.77272727272727,"video_id":"3KmKnl7RZlo","video_title":"K-Pop superstar Jonghyun of SHINee dies; investigators look into possible depression","views":123753},{"radio_likes_dislikes":83.27707006369427,"video_id":"NUMa0QkPzns","video_title":"It’s not you. Phones are designed to be addicting.","views":372826},{"radio_likes_dislikes":72.68957345971565,"video_id":"odZ9GVuyfkc","video_title":"UK Royal Wedding: Gospel Choir sings Stand by Me","views":1065423},{"radio_likes_dislikes":72.38502673796792,"video_id":"Mqaobr6w6_I","video_title":"How Technicolor changed movies","views":320263},{"radio_likes_dislikes":68.34688346883469,"video_id":"gIDht-wr3zc","video_title":"The PewDiePie CollabDRM Alinity Copyright Abuse Scandal, Laurel vs Yanny, & Net Neutrality","views":857975},{"radio_likes_dislikes":67.83414634146341,"video_id":"F9sH-3AoF88","video_title":"We Need To Talk About The Nazi Pug Guilty Verdict, New Undercover Videos, and More...","views":1022990},{"radio_likes_dislikes":64.86964795432921,"video_id":"v9GODjGXju0","video_title":"Free Speech Under Fire In Controversial Nazi Pug Sentencing, CNN Goes After Youtube, and More...","views":933552},{"radio_likes_dislikes":60.845360824742265,"video_id":"5dBzB3ssHaU","video_title":"Why Youtube's New Experiment Is Scaring People, Shaun King's False Accusations, & North Korea","views":816853}]}
{"category_id":"19","videos":[{"radio_likes_dislikes":154.87786259541986,"video_id":"KtIcooYh4BQ","video_title":"Mein 2017 | Felix von der Laden","views":123838},{"radio_likes_dislikes":104.75033738191632,"video_id":"THfOhNjkYJo","video_title":"اقتحام مدينة الجن في تركيا","views":477328},{"radio_likes_dislikes":78.72727272727273,"video_id":"VgAHBaGQE2I","video_title":"So läuft eine Preisverleihung wirklich ab","views":161448},{"radio_likes_dislikes":76.71641791044776,"video_id":"tO-Rnmiu1co","video_title":"Ich durfte IHN treffen","views":120943},{"radio_likes_dislikes":70.78378378378379,"video_id":"6sECozSy7FY","video_title":"The OLDEST CHINATOWN In The World! Street Food Tour of Binondo Manila Philippines","views":300707},{"radio_likes_dislikes":64.45049504950495,"video_id":"Ja0MbsLpYDk","video_title":"Teppanyaki LOBSTER & STEAK - Amazing Knife Skills and Fire Cooking in Waikiki, Hawaii!","views":247039},{"radio_likes_dislikes":61.298136645962735,"video_id":"vbDryXlu6M4","video_title":"UNSER JAHRESRÜCKBLICK 2017 | TheDailyWolf","views":117146},{"radio_likes_dislikes":60.57046979865772,"video_id":"vkhOnPaKZ8U","video_title":"Street Food in Bangkok - Awesome PAD THAI and Instant Noodles on Petchaburi Soi 5!","views":214723},{"radio_likes_dislikes":58.300587741393784,"video_id":"9HQOCpKi3qM","video_title":"ارخص رحله في العالم الى دبي !!","views":472072},{"radio_likes_dislikes":57.44915254237288,"video_id":"GZa2B-knFGw","video_title":"Village Food in West Africa - BEST FUFU and EXTREME Hospitality in Rural Ghana!","views":252328}]}
{"category_id":"28","videos":[{"radio_likes_dislikes":145.39689265536722,"video_id":"gS1DbvHHVH0","video_title":"Going in to brain surgery","views":1058246},{"radio_likes_dislikes":132.72916666666666,"video_id":"wd8h1iND_ys","video_title":"My House is Still Burned Down","views":267011},{"radio_likes_dislikes":129.85416666666666,"video_id":"O4-j4kwtu9Y","video_title":"BOLTR: Trochoid Pump | Chickadee Enginerding!","views":691592},{"radio_likes_dislikes":124.13513513513513,"video_id":"m62QcCAkm88","video_title":"Was Passiert, Wenn Man einen Elefanten von einem Wolkenkratzer Wirft?  Leben & Größe - Teil 1","views":121121},{"radio_likes_dislikes":120.04326923076923,"video_id":"Tk338VXcb24","video_title":"Falcon Heavy Animation","views":781799},{"radio_likes_dislikes":100.2816091954023,"video_id":"c1pQS1quRp8","video_title":"Stephen Hawking - Ein persönlicher Nachruf | Harald Lesch","views":209375},{"radio_likes_dislikes":99.69603524229075,"video_id":"QpFcf7uBacI","video_title":"OnePlus 6 - The Speed You Need Live Launch Event","views":888741},{"radio_likes_dislikes":97.89814814814815,"video_id":"qS6LoRYUdhw","video_title":"What Is The Most Dangerous Drug In The World? ft. In A Nutshell (Kurzgesagt)","views":329318},{"radio_likes_dislikes":95.74311926605505,"video_id":"ImoQqNyRL8Y","video_title":"The Incredible Sounds of the Falcon Heavy Launch (BINAURAL AUDIO IMMERSION) - Smarter Every Day 189","views":887481},{"radio_likes_dislikes":93.57917261055634,"video_id":"fRj34o4hN4I","video_title":"What's new, Atlas?","views":1603415}]}
{"category_id":"29","videos":[{"radio_likes_dislikes":51.0,"video_id":"p1DAEZNyJ8E","video_title":"Avengers: Infinity War | Marvel Family Feud","views":810302},{"radio_likes_dislikes":42.061797752808985,"video_id":"VoaOcu_8ofI","video_title":"Sie dachten sie hätten einen verendeten Hundwelpen gefunden, doch am Ende waren sie alle sprachlos!","views":467127},{"radio_likes_dislikes":29.37313432835821,"video_id":"bX53pLLT2_A","video_title":"Ауди А8 за 8 500 000 рублей для сына Рогозина","views":558015},{"radio_likes_dislikes":17.10840168477056,"video_id":"ZMmFI7hqcF4","video_title":"Как друзья Путина захватили Газпром","views":584058},{"radio_likes_dislikes":16.792803970223325,"video_id":"wzuxry5g8NU","video_title":"Рассказ пострадавшей. Пожар в ТРЦ Зимняя вишня в г  Кемерове.","views":2293443},{"radio_likes_dislikes":16.723855421686746,"video_id":"WuvzzhQhq80","video_title":"Трёхэтажный пентхаус депутата Слуцкого","views":766209},{"radio_likes_dislikes":12.71372590552849,"video_id":"2mXmqUCvgxo","video_title":"Путин объявил охоту на оппозиционеров","views":836421},{"radio_likes_dislikes":12.370753754191574,"video_id":"Jv0fp5KpKhs","video_title":"Расследование объявлено запретным","views":964422},{"radio_likes_dislikes":12.151820681609866,"video_id":"JLMeEylCGyk","video_title":"Путинский пропагандист в Булонском лесу","views":1151819},{"radio_likes_dislikes":10.907534246575343,"video_id":"MFi1TMKxI2o","video_title":"Василий Ломаченко vs. Гильермо Ригондо. Весь бой - Интер","views":754329}]}
{"category_id":"43","videos":[{"radio_likes_dislikes":41.86543535620053,"video_id":"xOjlzuWakD4","video_title":"Слуга Народа 2 - От любви до импичмента, 24 серия","views":487929},{"radio_likes_dislikes":41.76018099547511,"video_id":"QfmIUoZej9Q","video_title":"Слуга Народа 2 - От любви до импичмента, 23 серия","views":467088},{"radio_likes_dislikes":34.21938775510204,"video_id":"JlJ9lgfaWrc","video_title":"Слуга Народа 2 - От любви до импичмента, 21 серия","views":293205},{"radio_likes_dislikes":30.51388888888889,"video_id":"mQbsY2KTFHk","video_title":"Слуга Народа 2 - От любви до импичмента, 22 серия | Сериал 2017 в 4к","views":437979},{"radio_likes_dislikes":12.713910761154855,"video_id":"ToWXvm96Uro","video_title":"Зимний Кубок Лиги Смеха | Полный выпуск 01.12.2017","views":512745},{"radio_likes_dislikes":10.76908396946565,"video_id":"nB3HAxCS3A4","video_title":"Naayagi Episode 67, 08/05/18","views":492290},{"radio_likes_dislikes":8.535127055306427,"video_id":"aohoFVsKGRo","video_title":"Полный выпуск Нового Вечернего Квартала 2018 от 17 марта","views":563706},{"radio_likes_dislikes":6.547639484978541,"video_id":"e8slv3XdFRQ","video_title":"Прожекторперисхилтон - Выпуск от 02.12.2017","views":480878},{"radio_likes_dislikes":5.727339719970523,"video_id":"TYjoDbUjM_o","video_title":"Прожекторперисхилтон - Выпуск от 18.11.2017","views":471975},{"radio_likes_dislikes":5.372717508055854,"video_id":"BgXOoWQY-MU","video_title":"Deivamagal Episode 1423, 25/12/17","views":748860}]}
{"category_id":"30","videos":[{"radio_likes_dislikes":28.096938775510203,"video_id":"l7E0kTvARsA","video_title":"Golak Bugni Bank Te Batua Full Movie (HD) | Harish Verma | Simi Chahal | Superhit Punjabi Movies","views":781977}]}
