{"category_id":"24","videos":[{"radio_likes_dislikes":5844.5,"video_id":"apgEUxQGOHg","video_title":"Alone in the Game | AT&T AUDIENCE Network","views":564044},{"radio_likes_dislikes":705.6812080536913,"video_id":"sJGolNWtHFI","video_title":"Special Trailer | BTS: Burn The Stage","views":690491},{"radio_likes_dislikes":363.5406976744186,"video_id":"PPjWEft-sPg","video_title":"BTS COMEBACKSHOW - HIGHLIGHT REEL [BTS의 충전법 Part.3] 이럴 슈가!! 한 번 잠들면 깨지 않는다!│BTS COMEBACK SHOW 180524","views":646747},{"radio_likes_dislikes":309.109375,"video_id":"yvOQhggxyXE","video_title":"Парни пробуют ШИТЬ ОДЕЖДУ: Женская коллекция  ☑️","views":148014},{"radio_likes_dislikes":269.14666666666665,"video_id":"Lqy1tQLywwM","video_title":"[MPD직캠] 방탄소년단 1위 앵콜 직캠 4K 'FAKE LOVE' (BTS  FanCam No.1 Encore) | @MCOUNTDOWN_2018.5.31","views":161996},{"radio_likes_dislikes":263.9255319148936,"video_id":"KAyj5Xm1C64","video_title":"[ENG SUB] BTS PROM PARTY 2018 Intro + 2nd Grand + Random Play Dance | BTS FESTA 2018 5th Anniversary","views":449611},{"radio_likes_dislikes":257.6489361702128,"video_id":"cwvZuad2HJ4","video_title":"Мстители: Война бесконечности – 10 лет киновселенной","views":260365},{"radio_likes_dislikes":250.51149425287358,"video_id":"Laq7-zUWv3E","video_title":"뮤직뱅크 Music Bank - Airplane pt.2 - 방탄소년단 (Airplane pt.2 - BTS).20180525","views":867123},{"radio_likes_dislikes":234.52702702702703,"video_id":"hiBPUpCJ7MQ","video_title":"[King of masked singer] 복면가왕 - 'unicorn' special performance - Tommorrow 20180513","views":1783357},{"radio_likes_dislikes":226.40441176470588,"video_id":"jGTxKKdoBQ4","video_title":"[SHINee - All Day All Night] Comeback Stage | M COUNTDOWN 180531 EP.572","views":257196}]}
{"category_id":"10","videos":[{"radio_likes_dislikes":1359.1923076923076,"video_id":"T99oRpCsLtc","video_title":"[MIXTAPE] I.M - Fly With Me (Teaser)","views":127877},{"radio_likes_dislikes":1144.9473684210527,"video_id":"I_YATAIvd4g","video_title":"Jackson Wang - Fendiman (Teaser)","views":189799},{"radio_likes_dislikes":791.03,"video_id":"1YEXXIWqkMM","video_title":"[PREVIEW] BTS (방탄소년단) 2018 Season’s greetings coming","views":1002924},{"radio_likes_dislikes":684.264802631579,"video_id":"K4Melso7MPU","video_title":"BTS (방탄소년단) '방탄회식' #2018BTSFESTA","views":2384801},{"radio_likes_dislikes":657.5172413793103,"video_id":"D5tett-Kb6w","video_title":"Black on Black","views":338711},{"radio_likes_dislikes":625.0430107526881,"video_id":"g6vChgmVDQk","video_title":"[MUSIC FILM] MONSTA X_ THE CONNECT : D","views":535358},{"radio_likes_dislikes":528.8032786885246,"video_id":"Ddc_HMjkVlY","video_title":"TAEMIN 태민 '낮과 밤 (Day and Night)' MV Teaser #Night","views":162072},{"radio_likes_dislikes":526.448275862069,"video_id":"esJMxACukEA","video_title":"MANU - Shuffle Dab [Official Video]","views":633105},{"radio_likes_dislikes":477.1252566735113,"video_id":"Ip7eVuFxiEE","video_title":"[EPISODE] j-hope 1st mixtape MV Shooting #2","views":1478220},{"radio_likes_dislikes":470.9955947136564,"video_id":"STEUAcTmXTg","video_title":"[MIXTAPE] I.M - Fly With Me (MV)","views":429082}]}
{"category_id":"22","videos":[{"radio_likes_dislikes":1048.0,"video_id":"n_SuWOaNQMA","video_title":"Власти ЯНАО устраивают митинги против себя","views":124706},{"radio_likes_dislikes":399.58677685950414,"video_id":"r5sOlv58s_k","video_title":"180613 JIMIN & JUNGKOOK - 'Black Or White' Michael Jackson (DANCE)","views":439530},{"radio_likes_dislikes":341.28598130841124,"video_id":"6cDOL06fOuE","video_title":"Наряжаем Дом к НГ! Покупки, Подарки, Декор, Рецепты","views":692633},{"radio_likes_dislikes":268.5673076923077,"video_id":"vMeRA7-GZFs","video_title":"Новогоднее поздравление 2017","views":119478},{"radio_likes_dislikes":255.59574468085106,"video_id":"fFTRqBctWpU","video_title":"ЧТО МЫ ПОДАРИЛИ ДРУГ ДРУГУ НА НОВЫЙ ГОД? + КОНКУРС","views":217715},{"radio_likes_dislikes":239.37721893491124,"video_id":"NDA2sD9JFc4","video_title":"BLACKPINK - 'SQUARE UP' JISOO MOVING POSTER","views":753643},{"radio_likes_dislikes":237.03056768558952,"video_id":"kYCxw_Vyvvs","video_title":"ЛЕГЕНДАРНЫЙ ТРЮК РОНАЛЬДИНЬО / МИССИЯ НЕВЫПОЛНИМА!","views":234683},{"radio_likes_dislikes":235.5327868852459,"video_id":"ccZb1k7YXrE","video_title":"180113 방탄소년단(BTS) MIC Drop / 4TH MUSTER by Peach Jelly","views":388304},{"radio_likes_dislikes":232.80697674418604,"video_id":"zzuI1sona1M","video_title":"НАША СВАДЬБА! СВАДЕБНОЕ ВИДЕО! ВАНЯ + КАТЯ ❤ 14.07.2017","views":561824},{"radio_likes_dislikes":228.130081300813,"video_id":"Oj-70unSKAQ","video_title":"ЗАБИЛ ГОЛ ЧЕРЕЗ СЕБЯ, КАК ЗЛАТАН ИБРАГИМОВИЧ! / МИССИЯ НЕВЫПОЛНИМА!","views":225651}]}
{"category_id":"1","videos":[{"radio_likes_dislikes":527.6875,"video_id":"6tEQoF_8Z7s","video_title":"Place To Start (Official Video) - Mike Shinoda","views":225248},{"radio_likes_dislikes":196.06930693069307,"video_id":"b30NoSmJa6U","video_title":"Glitchtale EP#6 Game Over: Intro Animation","views":155054},{"radio_likes_dislikes":194.6985446985447,"video_id":"4HU6Z7anycw","video_title":"Lucas the Spider - Polar Bear","views":613805},{"radio_likes_dislikes":170.04741379310346,"video_id":"WKEGJQWx5yY","video_title":"My Promise - Glitchtale S2 Ep #5","views":272123},{"radio_likes_dislikes":154.82417582417582,"video_id":"wHP1bbmllQg","video_title":"МАТИЛЬДА [super] честный трейлер","views":113407},{"radio_likes_dislikes":148.42045454545453,"video_id":"LUJaYsZBM6E","video_title":"ТРЕШ ОБЗОР фильма РИКЕР [кинцо с душком]","views":146481},{"radio_likes_dislikes":147.5430861723447,"video_id":"uxbQATBAXf8","video_title":"Deadpool 2 | With Apologies to David Beckham","views":4369014},{"radio_likes_dislikes":127.87288135593221,"video_id":"_ip6Z4R0S5g","video_title":"ТРЕШ ОБЗОР фильма Дрожь Земли 6 [не очень холодный день в аду]","views":105918},{"radio_likes_dislikes":119.09881422924902,"video_id":"bJ_KqNQYNn0","video_title":"ЭНДИ СЕРКИС и Технология Захвата Движений [CineMagic]","views":209751},{"radio_likes_dislikes":118.11111111111111,"video_id":"AU3hhr18tJA","video_title":"Треш Обзор Фильма Полуночный Человек","views":157811}]}
{"category_id":"20","videos":[{"radio_likes_dislikes":359.4078947368421,"video_id":"1JOrtIyaXGM","video_title":"Bendy and the Ink Machine: Chapter Five - NOW IN PRODUCTION!","views":310753},{"radio_likes_dislikes":254.78980891719746,"video_id":"i-j7xctfVUQ","video_title":"Sonic Mania Adventures: Part 3","views":418725},{"radio_likes_dislikes":237.66326530612244,"video_id":"GKPsrkbuNrw","video_title":"ПОЗДРАВЛЯЮ С НОВЫМ 2018 ГОДОМ!","views":108547},{"radio_likes_dislikes":233.3951612903226,"video_id":"kiMwcsctan8","video_title":"4 МИЛЛИОНА ПОДПИСЧИКОВ","views":136497},{"radio_likes_dislikes":215.7494824016563,"video_id":"F88SRDlvqFw","video_title":"Поздравление с Новым 2018 Годом!","views":463464},{"radio_likes_dislikes":207.68571428571428,"video_id":"Urgr0mcB4RY","video_title":"70.000 РУБЛЕЙ НА ПАКИ | ФИФА 18","views":255237},{"radio_likes_dislikes":185.20754716981133,"video_id":"QF3AmhKJvoU","video_title":"УЖЕ 187!!! в HAPPY-GO-LUCKY - FIFA 18","views":101184},{"radio_likes_dislikes":179.3453237410072,"video_id":"sBMOXHrXJtI","video_title":"Cuphead DLC Announcement Trailer | Xbox One | Windows 10 | Steam | GOG","views":314397},{"radio_likes_dislikes":175.4964539007092,"video_id":"AP1Scjdy_Kc","video_title":"I MADE IT TO THE TOP!","views":2026011},{"radio_likes_dislikes":158.80733944954127,"video_id":"y3TowVdumOg","video_title":"Я Е**НУЛСЯ И КУПИЛ МАШИНУ МЕЧТЫ! AUDI RS6!!!","views":119233}]}
{"category_id":"15","videos":[{"radio_likes_dislikes":319.0923076923077,"video_id":"BWsRpT9LNcQ","video_title":"Fireworks - Simon's Cat | BLACK & WHITE","views":189282},{"radio_likes_dislikes":294.13953488372096,"video_id":"BkIuZVGTkM0","video_title":"Kitten Crazy Time - Simon's Cat | BLACK & WHITE","views":130290},{"radio_likes_dislikes":203.75342465753425,"video_id":"R-OZ2Tmi9pw","video_title":"A Christmas Yarn - Simon's Cat (A Christmas Special) | BLACK & WHITE","views":173681},{"radio_likes_dislikes":163.13636363636363,"video_id":"9PhM-zCmTFs","video_title":"DIY - Simon's Cat  | NEW BLACK & WHITE!","views":178977},{"radio_likes_dislikes":155.7682119205298,"video_id":"GA9qBNRVHoA","video_title":"СОБАКИ в СНЕГОПАД первый раз ЩЕНОК плывет в СНЕГУ ЗИМНИЙ ЭПИК ВЛОГ Magic Family","views":248643},{"radio_likes_dislikes":101.43820224719101,"video_id":"b__VI86aGz8","video_title":"СКОРО ПЕРЕЕЗД? ХАУС ТУР по ДОМУ РУМ ТУР и конкурс на дизайн! Magichouse Magic Family","views":211263},{"radio_likes_dislikes":98.38853503184713,"video_id":"lykRs7reJHo","video_title":"ВАННА РАЗВЛЕЧЕНИЙ ДЛЯ СОБАКИ Аквапарк КАК ПОМЫТЬ СОБАКУ | Elli Di Pets","views":234243},{"radio_likes_dislikes":90.11397058823529,"video_id":"tEQwTHfycYg","video_title":"Из миллионов - ПРЕМЬЕРА КЛИПА MAGIC FAMILY","views":281298},{"radio_likes_dislikes":89.0,"video_id":"nkgfEYzPa3Q","video_title":"Ох уж эти веселые Вельш-корги","views":217400},{"radio_likes_dislikes":83.23225806451613,"video_id":"x74M4Vob9eQ","video_title":"ДЕТСКИЙ САД МУРАВЬЕВ! КАК МУРАВЬИ НЯНЧАТ СВОИХ ДЕТЕЙ?","views":130421}]}
{"category_id":"26","videos":[{"radio_likes_dislikes":291.77183098591547,"video_id":"sV7eDd1d7LI","video_title":"Cooking birthday presents for my wife!","views":860132},{"radio_likes_dislikes":162.0,"video_id":"QS4dx4TwuMc","video_title":"Best memories Kate Winslet","views":115207},{"radio_likes_dislikes":154.70666666666668,"video_id":"bmy8bz4kz1k","video_title":"КАК сделать КОСИЧКУ с НИТКАМИ или РАСТОЧКУ на ВОЛОСАХ - Дженна Марблс","views":145300},{"radio_likes_dislikes":124.93617021276596,"video_id":"2QyiwvMORbA","video_title":"Удиви друзей! 5 волшебных открыток-антистресс / Магические открытки  🐞 Afinka","views":269694},{"radio_likes_dislikes":123.1117216117216,"video_id":"llPUoLZMiC4","video_title":"Тайна моих фотографий 7","views":559648},{"radio_likes_dislikes":115.65486725663717,"video_id":"4n0ivdl-bxA","video_title":"ВКУСНЕЙШЕЕ МОРОЖЕНОЕ В ДОМАШНИХ УСЛОВИЯХ! 3 рецепта / Tanya StreLove","views":100426},{"radio_likes_dislikes":97.66990291262135,"video_id":"S4vW-C-D1wM","video_title":"Я ЗАМУЖЕМ? 😱 10 ФАКТОВ О МОЕЙ ЛИЧНОЙ ЖИЗНИ, КОТОРЫЕ ВЫ НЕ ЗНАЛИ 🤐","views":268421},{"radio_likes_dislikes":94.8,"video_id":"oKcsRMgQvys","video_title":"Рисую пальцами в Autodesk Sketchbook","views":158504},{"radio_likes_dislikes":93.609375,"video_id":"t37XRrxXz-s","video_title":"ДИСС на ПРАЗДНИКИ , Что ПОДАРИЛ мне МОЙ ПАРЕНЬ??! - Дженна Марблс","views":117186},{"radio_likes_dislikes":93.536,"video_id":"gkUuxFUL8B4","video_title":"4 пряничных домика без выпечки / Дом из печенья / Проверяю рецепты из интернета / Фудхаки 🐞 Afinka","views":343828}]}
{"category_id":"28","videos":[{"radio_likes_dislikes":261.7361963190184,"video_id":"h3Yb9PazKZA","video_title":"КОМПЬЮТЕР ВРЕДИТ ЗРЕНИЮ???","views":178311},{"radio_likes_dislikes":249.60728744939271,"video_id":"H6UFELb9_-Y","video_title":"Как получить БЕССМЕРТНОЕ ТЕЛО? [Топ Сикрет]","views":217461},{"radio_likes_dislikes":229.04950495049505,"video_id":"AyJ4UGuRT-g","video_title":"Дом, который построили ПРИЗРАКИ [Топ Сикрет]","views":531724},{"radio_likes_dislikes":220.625,"video_id":"6Da2lFGhEv4","video_title":"BGX their blockchain and mobile gaming solutions","views":157825},{"radio_likes_dislikes":207.8108108108108,"video_id":"CGdc88KKQ4Y","video_title":"Теперь это ТУРБОРЕАКТИВНЫЙ двигатель  на 100%","views":101190},{"radio_likes_dislikes":185.5321100917431,"video_id":"iwytjK1wfbM","video_title":"НАМ КОНЕЦ! Снова...[Топ Сикрет]","views":358088},{"radio_likes_dislikes":180.17152103559872,"video_id":"JLwm2sUS-Dg","video_title":"НОВЫЙ ГОД в нашей ГОЛОВЕ!","views":281528},{"radio_likes_dislikes":173.33681462140993,"video_id":"bY5qN3cubeg","video_title":"ЧЕЛОВЕК или МАШИНА? Кто умнее?","views":397876},{"radio_likes_dislikes":154.0899182561308,"video_id":"X6HO3HBQgko","video_title":"НАНОтехнологии! Науч[TRIP]","views":258507},{"radio_likes_dislikes":151.57142857142858,"video_id":"7WZCVVBCGr4","video_title":"КАК СДЕЛАТЬ БАГГИ из PUBG - ПОДВЕСКА.Рычаги, кулаки и втулки. Часть 2","views":259341}]}
{"category_id":"27","videos":[{"radio_likes_dislikes":253.1658031088083,"video_id":"SQsPvrev_bQ","video_title":"435","views":401968},{"radio_likes_dislikes":150.10521500457457,"video_id":"jQNazsWnQKU","video_title":"Tyler, The Creator - OKRA","views":1476311},{"radio_likes_dislikes":110.01149425287356,"video_id":"7knT2mV0tCg","video_title":"Рецепт для Мужского Здоровья.","views":178184},{"radio_likes_dislikes":86.66666666666667,"video_id":"RWSEIcIhlxU","video_title":"САМОДЕЛЬНЫЕ СПИЧКИ ОКАЗАЛИСЬ НЕ ХУЖЕ ПОКУПНЫХ!","views":126979},{"radio_likes_dislikes":84.55539568345324,"video_id":"tKjuIhhvLSQ","video_title":"ПОКОЛЕНИЕ ЯЯЯ — ТОПЛЕС | ЗАКЛЮЧИТЕЛЬНЫЙ ВЫПУСК 2017","views":587361},{"radio_likes_dislikes":83.67479674796748,"video_id":"5OK8vjelq-Y","video_title":"Керамика за 120 Евро? Для чего она нужна?","views":119542},{"radio_likes_dislikes":71.8082191780822,"video_id":"QFuQcnPvoJs","video_title":"Перепелки на Гриле по-Домашнему.","views":117180},{"radio_likes_dislikes":71.23529411764706,"video_id":"TngesFm8xiQ","video_title":"Гелий - СВЕРХТЕКУЧИЙ И САМЫЙ ХОЛОДНЫЙ ГАЗ!","views":119726},{"radio_likes_dislikes":59.83443708609271,"video_id":"rOyE8yg-xvg","video_title":"Ксенон - САМЫЙ ЯРКИЙ ГАЗ НА ЗЕМЛЕ!","views":142024},{"radio_likes_dislikes":52.46173177975783,"video_id":"H34qrTkhFz0","video_title":"DO U KNO DA WEI?","views":2277099}]}
{"category_id":"2","videos":[{"radio_likes_dislikes":227.859375,"video_id":"QzOm2lYegxg","video_title":"БОРЬБА ЗА ЧЕМПИОНСТВО #3 / zaRRubin","views":139865},{"radio_likes_dislikes":196.76470588235293,"video_id":"1VHRe20YcdM","video_title":"ПОДАРИЛ ДЕДУ МАШИНУ! / РЕАКЦИЯ ДЕДА НА ПОДАРОК!","views":245279},{"radio_likes_dislikes":174.55479452054794,"video_id":"CM2CkOLOHzY","video_title":"#BadAss возвращается - 1200 hp DRIFT Nissan Skyline r34!","views":258131},{"radio_likes_dislikes":163.2890625,"video_id":"7ZjVDj1g3XE","video_title":"МОЙ ДЕД ОЦЕНИВАЕТ AUDI RS6! / ДАЛ ДЕДУ ПРОКАТИТЬСЯ НА RS6!","views":205650},{"radio_likes_dislikes":161.09195402298852,"video_id":"Pp9byUkB3Bk","video_title":"TOYOTA ALTEZZA - КАК 450-СИЛЬНАЯ ЯПОШКА МОЖЕТ ДАРИТЬ ЭМОЦИИ! ТЕСТ-ДРАЙВ ОТ БУЛКИНА!","views":105907},{"radio_likes_dislikes":158.69642857142858,"video_id":"1n2Zfd0bRQ4","video_title":"MAHLE GT-R - для дрифта на 285 колесе","views":294284},{"radio_likes_dislikes":157.70289855072463,"video_id":"lt7EE1g8WZQ","video_title":"ВОЗВРАЩЕНИЕ МАТРЕШКККИ! ОБКАТЫВАЕМ НОВЫЙ МОТОР 3.2! (ПРОЕКТ BMW E36)","views":158059},{"radio_likes_dislikes":154.0252100840336,"video_id":"uF6JTJoslFE","video_title":"Русские горки и Ниссан Скайлайн","views":187537},{"radio_likes_dislikes":147.3372093023256,"video_id":"pKEQm6vjVE8","video_title":"ОН ХОЧЕТ ТЕБЯ УБИТЬ!","views":107087},{"radio_likes_dislikes":141.65193370165747,"video_id":"j6eiw4ULzbE","video_title":"Я ИЗ ТЕБЯ ПЛОВ СДЕЛАЮ!","views":242706}]}
{"category_id":"17","videos":[{"radio_likes_dislikes":215.14426229508197,"video_id":"9ZCrfFIsBXA","video_title":"КАК Я ИГРАЮ В ФУТБОЛ","views":438379},{"radio_likes_dislikes":173.58988764044943,"video_id":"GE7GpSu6EdI","video_title":"САМАЯ СЛОЖНАЯ СТОЙКА НА РУКАХ / УНИЧТОЖЕНИЕ НИКИТЫ НАГОРНОГО","views":165530},{"radio_likes_dislikes":167.33684210526314,"video_id":"JwZrsSo5t7o","video_title":"МАША МАЕВА ПРОТИВ ВЫШКИ | Прыжки в воду с огромной высоты","views":138089},{"radio_likes_dislikes":147.45454545454547,"video_id":"c2WSvKq551Q","video_title":"ПАННА БАТЛ: СЛАВА vs SEAN GARNIER","views":157729},{"radio_likes_dislikes":145.82062780269058,"video_id":"mf7E-IAJMX4","video_title":"Турникмэн против MMA Бойца (Войтенко vs Бадургов)","views":248580},{"radio_likes_dislikes":137.98076923076923,"video_id":"1LJCztIzq78","video_title":"ДИКИЙ КРОССБАР ЧЕЛЛЕНДЖ С KEFIR","views":224952},{"radio_likes_dislikes":133.55241935483872,"video_id":"ER_SRTH10rw","video_title":"ДЕТИ БЬЮТСЯ С 2DROTS ЗА ПОДАРКИ! ПЛЕЙСТЕЙШН 4!!!!","views":303350},{"radio_likes_dislikes":131.46043165467626,"video_id":"avq2Ch-6FUI","video_title":"ВИКТОР БЛУД УСТРОИЛ АД СТОЛЯРОВУ / ЖЕСТКАЯ ТРЕНИРОВКА","views":304392},{"radio_likes_dislikes":122.2,"video_id":"tG-IGNvfrg8","video_title":"Emergency goalie steals the show in Chicago","views":917010},{"radio_likes_dislikes":121.62626262626263,"video_id":"rVOpmjjYuFE","video_title":"СМОГ ЛИ ТОЛСТЯК СКИНУТЬ 20 КГ? / ПРЕСС СТОЛЯРОВА / МАША ГОТОВИТСЯ К МИЛАНУ","views":169318}]}
{"category_id":"23","videos":[{"radio_likes_dislikes":202.66875,"video_id":"i7IehavUYFk","video_title":"Новогодний спешл - [Бумага]","views":164145},{"radio_likes_dislikes":196.8943421949557,"video_id":"EGWYfT4si5Q","video_title":"[badly] - ДВИЖЕНИЕ ВВЕРХ (Ответ киноделов и участников события)","views":1491118},{"radio_likes_dislikes":185.57894736842104,"video_id":"V_LudtAT-t8","video_title":"ХВАТИТ ПАХНУТЬ КАК ПСИНА! ЗАПАХ ПОТА, КАК ИЗБАВИТЬСЯ","views":124890},{"radio_likes_dislikes":180.3768115942029,"video_id":"V-hnaJ0Oq4Y","video_title":"Короче говоря, день рождения мамы","views":696640},{"radio_likes_dislikes":166.3926499032882,"video_id":"nJtAxj9A_sk","video_title":"[BadComedian] - МАКСИМАЛЬНЫЙ УДАР (Час пик Невского)","views":1104552},{"radio_likes_dislikes":158.66954022988506,"video_id":"sKxJUsfVubM","video_title":"КАПСУЛА ВРЕМЕНИ - Eugene Sagaz","views":278539},{"radio_likes_dislikes":156.04545454545453,"video_id":"H5H-eFJmoiA","video_title":"Чубайс и его НАНО идея загнать всех в долги / Британия наших олигархов ГРАБАНУЛА. MOUNT SHOW #129","views":120638},{"radio_likes_dislikes":151.0608695652174,"video_id":"y38eSzSdaFc","video_title":"Шумеры штурмуют Черноморский флот /  Депутат у школьницы деньги стырила. MOUNT SHOW #131","views":123858},{"radio_likes_dislikes":134.28313253012047,"video_id":"m6lY1GXTu5M","video_title":"Ariana Grande, Jimmy & The Roots Sing No Tears Left to Cry w/ Nintendo Labo Instruments","views":2015271},{"radio_likes_dislikes":131.3,"video_id":"nPf49b8sHO0","video_title":"Покупая paccказы","views":249509}]}
{"category_id":"29","videos":[{"radio_likes_dislikes":201.45967741935485,"video_id":"bmhixwgG4i4","video_title":"TrashSmash [НОВОГОДНИЙ]","views":108896},{"radio_likes_dislikes":118.71192660550459,"video_id":"dWI6twUqlQ0","video_title":"ПРЯТКИ | МАСЛЕННИКОВ УСТРОИЛ НА НАС ОХОТУ!","views":368797},{"radio_likes_dislikes":87.36989247311828,"video_id":"yzhlt33dsNs","video_title":"ПОИСКИ КЛАДА: ИЩЕМ 50000 РУБЛЕЙ В ОСОБНЯКЕ","views":266211},{"radio_likes_dislikes":81.02325581395348,"video_id":"xanjOmJDg9k","video_title":"БЕССМЕРТНЫЙ ПОЛК - Комментарии иностранцев","views":131267},{"radio_likes_dislikes":77.88826815642459,"video_id":"jr2Np2OTDLQ","video_title":"Россия опозорилась перед Францией","views":154243},{"radio_likes_dislikes":67.94666666666667,"video_id":"G-Dp63l2yFg","video_title":"Хотите большой урожай помидоров? Сделайте эту подкормку сейчас!","views":101461},{"radio_likes_dislikes":65.72615384615385,"video_id":"o2KXLGSU_nM","video_title":"Фрик-Шоу [ПРОФЕССОР!]","views":105736},{"radio_likes_dislikes":56.791304347826085,"video_id":"U3SAEk40U5A","video_title":"Дмитрий ПОТАПЕНКО - Новости недели: У государства нет денег на пенсии?!","views":108194},{"radio_likes_dislikes":56.707052441229656,"video_id":"nAzKRfBriuw","video_title":"ШОКИРУЮЩИЕ ПРЯТКИ FEAT ILLUMATE","views":361225},{"radio_likes_dislikes":54.445914844649025,"video_id":"DNzSAY6IuFY","video_title":"ЖЕСТКИЕ ПРЯТКИ В ОСОБНЯКЕ | СОБОЛЕВ И МУРАТАЕВ","views":747459}]}
{"category_id":"25","videos":[{"radio_likes_dislikes":138.12173913043478,"video_id":"fPoS6ZnVhVo","video_title":"Деактивация кремлебрехера","views":145433},{"radio_likes_dislikes":134.07194244604315,"video_id":"vDiDlENZtFE","video_title":"Элитное такси от МЧС","views":105253},{"radio_likes_dislikes":129.41489361702128,"video_id":"S9o3v87uQos","video_title":"У каждого свой Космос","views":112669},{"radio_likes_dislikes":125.76811594202898,"video_id":"Ctoy7e2MHrg","video_title":"НОВОСТИ. ИНФОРМАЦИОННЫЙ ВЫПУСК 26.03.2018","views":109654},{"radio_likes_dislikes":113.9,"video_id":"pzBgVYX6ZLg","video_title":"Восстание машин","views":111281},{"radio_likes_dislikes":104.0672268907563,"video_id":"Dt8XeM3_VR0","video_title":"Стабилизация нищеты","views":115563},{"radio_likes_dislikes":103.62015503875969,"video_id":"h_ioWM90Pzk","video_title":"50 000 друзей Путина ждут санкций","views":148172},{"radio_likes_dislikes":101.61290322580645,"video_id":"7d83A3kCOX8","video_title":"Երեխաները պաղպաղակ են ուտում նախագահի հետ","views":110816},{"radio_likes_dislikes":100.25619834710744,"video_id":"ZH-9T0dWfkg","video_title":"Солнечное затмение Путина","views":103109},{"radio_likes_dislikes":98.53086419753086,"video_id":"XbWmQMFDwos","video_title":"Разогнали Митинг против вырубка леса Китайцами! май Россия 2018","views":118781}]}
{"category_id":"19","videos":[{"radio_likes_dislikes":131.28303747534517,"video_id":"gJqfA8YBrho","video_title":"Моя свадьба","views":835229},{"radio_likes_dislikes":104.35263157894737,"video_id":"83wPh3ph830","video_title":"СУПЕР МАНГАЛ на ФЕСТИВАЛЬ","views":186705},{"radio_likes_dislikes":89.51245551601423,"video_id":"AiT0mnmwJJ4","video_title":"СУП из БАРАНИНЫ. ВЕГАНАМ не СМОТРЕТЬ","views":186213},{"radio_likes_dislikes":57.45652173913044,"video_id":"Ir1nX_gLnls","video_title":"Огромная заброшенная спецшкола. ВСЁ оставлено - Покинутый Мир","views":102656},{"radio_likes_dislikes":52.86666666666667,"video_id":"mP4Z8zEd1RA","video_title":"Сиэтл. Орёл и Решка. Перезагрузка. АМЕРИКА. RUS","views":112691},{"radio_likes_dislikes":51.15862068965517,"video_id":"iQujAsgsyvk","video_title":"Рыбалка С Ночёвкой. Сливовый Пуф.Фидер(донка) Там Где Чудища Живут.","views":111885},{"radio_likes_dislikes":48.953947368421055,"video_id":"8sNce4W_v94","video_title":"Рыбалка С Ночёвкой! Авантюрные Приключения с Петровичем На  НЕОБИТАЕМОМ ОСТРОВЕ. Красотища!","views":125992},{"radio_likes_dislikes":42.01204819277108,"video_id":"2OghB5Rqukw","video_title":"Тайны преступного клана якудза. Япония. Мир наизнанку - 12 серия, 9 сезон","views":110834},{"radio_likes_dislikes":37.154639175257735,"video_id":"74O6sc_UdTI","video_title":"Орёл и Решка. Перезагрузка - Неизданное №3","views":207030},{"radio_likes_dislikes":36.03448275862069,"video_id":"jzWlzaYurOQ","video_title":"Японский Робинзон Крузо и Наритський аэропорт. Япония. Мир наизнанку - 13 серия, 9 сезон","views":111254}]}
{"category_id":"43","videos":[{"radio_likes_dislikes":41.86807387862797,"video_id":"xOjlzuWakD4","video_title":"Слуга Народа 2 - От любви до импичмента, 24 серия","views":487929},{"radio_likes_dislikes":41.76018099547511,"video_id":"QfmIUoZej9Q","video_title":"Слуга Народа 2 - От любви до импичмента, 23 серия","views":467088},{"radio_likes_dislikes":34.224489795918366,"video_id":"JlJ9lgfaWrc","video_title":"Слуга Народа 2 - От любви до импичмента, 21 серия","views":293205},{"radio_likes_dislikes":30.51388888888889,"video_id":"mQbsY2KTFHk","video_title":"Слуга Народа 2 - От любви до импичмента, 22 серия | Сериал 2017 в 4к","views":437979},{"radio_likes_dislikes":26.416452442159382,"video_id":"04kLAXy-CUk","video_title":"Дружко Сериал 3 серия","views":131379},{"radio_likes_dislikes":16.498049414824447,"video_id":"O-G1JoiO3Vs","video_title":"Обзор на плохое - Сериал Интерны","views":173987},{"radio_likes_dislikes":16.123376623376622,"video_id":"LJo4yqrMOn0","video_title":"Мужское / Женское - Вместо матери. Выпуск от 07.05.2018","views":197049},{"radio_likes_dislikes":15.952380952380953,"video_id":"ToWXvm96Uro","video_title":"Зимний Кубок Лиги Смеха | Полный выпуск 01.12.2017","views":125052},{"radio_likes_dislikes":15.473684210526315,"video_id":"enyVvGvrKsU","video_title":"Вечерний Ургант - Антон и Алексей Миранчуки, Илья Геркус и Юлия Темникова. 968 выпуск от 14.05.2018","views":110645},{"radio_likes_dislikes":15.163636363636364,"video_id":"hxYq1E4LmGU","video_title":"Что? Где? Когда? - Третья игра зимней серии. Выпуск от 10.12.2017","views":171024}]}
{"category_id":"30","videos":[{"radio_likes_dislikes":12.467625899280575,"video_id":"9c-eJf_BcMw","video_title":"Снежная королева 3. Огонь и лед","views":100049}]}
