{"category_id":"10","videos":[{"radio_likes_dislikes":123857.0,"video_id":"N1HAMUAXzbs","video_title":"Kris Wu – Like That (Official Music Video)","views":13799079},{"radio_likes_dislikes":938.0225352112676,"video_id":"v9ea5VDQfXg","video_title":"JONGHYUN 종현 '우린 봄이 오기 전에 (Before Our Spring)' MV","views":1745016},{"radio_likes_dislikes":690.3549295774648,"video_id":"c5_LROaHGtw","video_title":"[EPISODE] BTS (방탄소년단) 'MIC Drop' MV Shooting","views":1447420},{"radio_likes_dislikes":667.1428571428571,"video_id":"bUMWiiOlee4","video_title":"[몬채널][S] 몬스타엑스(MONSTA X) - 그놈의 크리스마스 (Lonely Christmas)","views":331120},{"radio_likes_dislikes":517.5555555555555,"video_id":"S1XtMT9ER0o","video_title":"Little Girl by Christina Grimmie (OFFICIAL VIDEO)","views":166404},{"radio_likes_dislikes":477.1521739130435,"video_id":"ewm0y9nL--Q","video_title":"bitter content - original song feat. Dom Fera || dodie","views":235321},{"radio_likes_dislikes":470.99118942731275,"video_id":"STEUAcTmXTg","video_title":"[MIXTAPE] I.M - Fly With Me (MV)","views":429082},{"radio_likes_dislikes":451.5051020408163,"video_id":"o31pGcwUmCM","video_title":"[SPECIAL VIDEO] NU'EST W(뉴이스트W) & SEVENTEEN(세븐틴) - HEAVEN","views":550139},{"radio_likes_dislikes":449.96165191740414,"video_id":"-7tSTUR7FG0","video_title":"NCT U 엔시티 유 'BOSS' Dance Practice","views":1092530},{"radio_likes_dislikes":435.80347734457325,"video_id":"J41qe-TM1DY","video_title":"JONGHYUN 종현 '빛이 나 (Shinin’)' MV","views":4285299}]}
{"category_id":"20","videos":[{"radio_likes_dislikes":783.8461538461538,"video_id":"N6hVmn9FM7o","video_title":"Farewell.","views":149127},{"radio_likes_dislikes":226.66666666666666,"video_id":"NA5vT1LooXk","video_title":"Warframe Documentary (Part Two) - The Story of Warframe","views":102240},{"radio_likes_dislikes":197.2338028169014,"video_id":"QJb9-ri3cLs","video_title":"Ruining your childhood! Dan and Phil Play: POPTROPICA","views":685740},{"radio_likes_dislikes":186.32142857142858,"video_id":"BVRvrvCQdmg","video_title":"SUPERMAN KID • Photoshop Battles","views":166397},{"radio_likes_dislikes":154.91176470588235,"video_id":"PpElRBQ-yGc","video_title":"Melix Plays: JUMPSTART First Grade | 90s Games","views":210371},{"radio_likes_dislikes":148.60377358490567,"video_id":"QKn9yiLVlMM","video_title":"The History of Bethesda Game Studios - Elder Scrolls / Fallout Documentary","views":356442},{"radio_likes_dislikes":145.9126984126984,"video_id":"_fQtxKmgJC8","video_title":"The Story of Tetris | Gaming Historian","views":197023},{"radio_likes_dislikes":141.17451523545705,"video_id":"PWwvR6cSH4o","video_title":"Dad Jokes with Kratos","views":2255415},{"radio_likes_dislikes":132.83582089552237,"video_id":"6UcGyTD8twE","video_title":"Rainbow Six Siege: Operation Para Bellum - Villa | Trailer | Ubisoft [NA]","views":186276},{"radio_likes_dislikes":124.02127659574468,"video_id":"FaxqVBYVOVU","video_title":"Mega Medley that was supposed to be 5 minutes but wasn't","views":152289}]}
{"category_id":"26","videos":[{"radio_likes_dislikes":602.8488372093024,"video_id":"o8lSb-UOA3M","video_title":"Dan and Phil Video Bloopers 2017!","views":609056},{"radio_likes_dislikes":291.67329545454544,"video_id":"akNs04ef_Co","video_title":"I Read A Letter From My Younger Self","views":629985},{"radio_likes_dislikes":243.49056603773585,"video_id":"FVwR2zK_Ahs","video_title":"DAILY ROUTINE | Mum & Baby","views":136008},{"radio_likes_dislikes":231.88235294117646,"video_id":"g0xVbwXs9jo","video_title":"HOW TO: YOUTUBE BEAUTY LIGHTING SECRETS | DESI PERKINS","views":224361},{"radio_likes_dislikes":190.74948096885814,"video_id":"f6Egj7ncOi8","video_title":"FULL FACE USING ONLY MY MOM'S MAKEUP Challenge | NikkieTutorials","views":2822642},{"radio_likes_dislikes":149.83703703703705,"video_id":"exYLX9xGoyo","video_title":"PRINCESS PEACH CAKE - SUPER MARIO - NERDY NUMMIES","views":309795},{"radio_likes_dislikes":144.3684210526316,"video_id":"VquESKGqsDI","video_title":"FULL FACE USING FREE SAMPLES?! | sophdoesnails","views":204101},{"radio_likes_dislikes":134.90804597701148,"video_id":"Z7-R881j6UY","video_title":"Nursery Tour! | MOTHERHOOD","views":189504},{"radio_likes_dislikes":133.23809523809524,"video_id":"494VkPnSvJk","video_title":"BEST OF COLOURPOP | My Favorite Products - 2018","views":184363},{"radio_likes_dislikes":127.2156862745098,"video_id":"YemaMEMB8zc","video_title":"TESTING NEW MAKEUP 2018! Full Face Of First Impressions | Sophie Louise","views":102619}]}
{"category_id":"24","videos":[{"radio_likes_dislikes":589.22,"video_id":"nc6pLSQGcHQ","video_title":"Shawn Mendes: Perfectly Wrong #LateLateShow","views":580038},{"radio_likes_dislikes":556.1111111111111,"video_id":"nshmwFK3yd8","video_title":"[Mnet Present Special] SEVENTEEN - CHANGE UP","views":138991},{"radio_likes_dislikes":547.7741935483871,"video_id":"scIrzG3kgRY","video_title":"인피니트(INFINITE) Tell Me Teaser #D-6. SUNGKYU","views":121549},{"radio_likes_dislikes":533.7466666666667,"video_id":"Fy2sbisN7Qo","video_title":"인피니트(INFINITE) Tell Me MV Teaser (Long ver.)","views":314090},{"radio_likes_dislikes":481.95402298850576,"video_id":"YuAA5DEXbG4","video_title":"it me ur valentine","views":179062},{"radio_likes_dislikes":410.72727272727275,"video_id":"eIG1Ix-3gdc","video_title":"#KIISCampus Surprise with BTS | On Air with Ryan Seacrest","views":120042},{"radio_likes_dislikes":402.9166666666667,"video_id":"Er5jqmjaoo0","video_title":"Afraid of Heights - Official Music Video","views":117316},{"radio_likes_dislikes":384.875,"video_id":"ny_RtONZr4M","video_title":"Dreamcatcher(드림캐쳐) 'Full Moon' Promotion Video","views":126952},{"radio_likes_dislikes":354.9932432432432,"video_id":"2YVMusIxisY","video_title":"김성규(Kim Sung Kyu) “True Love” Official MV","views":533963},{"radio_likes_dislikes":330.2536997885835,"video_id":"TM-gCW45YHc","video_title":"인피니트(INFINITE) Tell Me Official MV","views":1044272}]}
{"category_id":"22","videos":[{"radio_likes_dislikes":567.6029411764706,"video_id":"DrApVH3afMI","video_title":"some bloopers from phil is not on fire 9","views":866694},{"radio_likes_dislikes":317.1454545454545,"video_id":"1_OVkSsH4NY","video_title":"Where I've Been? Cancer Update + My Shorty Award Nomination!!","views":147585},{"radio_likes_dislikes":292.3689604685212,"video_id":"BgR_HJ7aGDY","video_title":"[MV]SEVENTEEN - CALL CALL CALL! MV","views":1643096},{"radio_likes_dislikes":282.6764705882353,"video_id":"He-HBXbHT_U","video_title":"❄️DECEMBLUR❄️ ⁄⁄ CatCreature","views":119784},{"radio_likes_dislikes":262.031746031746,"video_id":"KDPG0YEsD5Q","video_title":"50 FACTS ABOUT ME FROM THE RIVERDALE SET | Madelaine Petsch","views":207573},{"radio_likes_dislikes":250.52238805970148,"video_id":"9lH5NgUnPUs","video_title":"SANRIO | My Trip to Tokyo","views":129116},{"radio_likes_dislikes":237.9544468546638,"video_id":"yHHnywiSwIE","video_title":"The Top Dan Memes of 2017","views":1757966},{"radio_likes_dislikes":213.77215189873417,"video_id":"clIvdBfCHOE","video_title":"Tia Mowry and Cory Hardrict Marriage Q&A | Quick Fix","views":317121},{"radio_likes_dislikes":197.95774647887325,"video_id":"3rVFuscWyC8","video_title":"The Old Me","views":163093},{"radio_likes_dislikes":191.03157894736842,"video_id":"59-oYSzold0","video_title":"Alexa Teaching me about the Tragedy of Darth Plagueis the Wise","views":322376}]}
{"category_id":"23","videos":[{"radio_likes_dislikes":324.3333333333333,"video_id":"LVPzYHk5VW8","video_title":"Daniel Caesar and H.E.R. - Best Part","views":274757},{"radio_likes_dislikes":222.72903885480574,"video_id":"bYpItS1jS3Y","video_title":"TRYING ON DOG COSTUMES!! HAPPY HOLIDOG.","views":2180290},{"radio_likes_dislikes":201.4878048780488,"video_id":"nt7b-Qp34hk","video_title":"YouTube Valentine 2018","views":153601},{"radio_likes_dislikes":196.38709677419354,"video_id":"wLZIWQnACjc","video_title":"Niall Horan: Too Much to Ask","views":169760},{"radio_likes_dislikes":196.1195652173913,"video_id":"hkFYWyy9Jek","video_title":"If Talk Show Interviews Were Honest (ft. Chelsea Handler)","views":1192672},{"radio_likes_dislikes":178.13793103448276,"video_id":"rXqh6AcIb-c","video_title":"Ariana Grande Spills All the Tea About Her Album Title and Release","views":166184},{"radio_likes_dislikes":174.0514705882353,"video_id":"eYf1IKFNHgM","video_title":"Panic! At The Disco's Brendon Urie Sings the DuckTales Theme Song","views":309535},{"radio_likes_dislikes":159.3068181818182,"video_id":"UM_3NQtO9BE","video_title":"Kali Uchis ft. Tyler, The Creator: After the Storm","views":184112},{"radio_likes_dislikes":158.09756097560975,"video_id":"nlodY8nMw-A","video_title":"BTS Surprises Super Fans & Their Moms on Kimmel","views":932432},{"radio_likes_dislikes":155.46580406654343,"video_id":"p5N6tFob_Rw","video_title":"MY SKIN STORY","views":1304726}]}
{"category_id":"17","videos":[{"radio_likes_dislikes":315.47515968772177,"video_id":"Vm4Xn5vjqRA","video_title":"CRISTIANO RONALDO E FRED, O GRANDE ENCONTRO","views":3990953},{"radio_likes_dislikes":198.09803921568627,"video_id":"AB_u_kOSP8Y","video_title":"Ronaldinho's most jaw-dropping plays with Barça","views":199610},{"radio_likes_dislikes":193.09375,"video_id":"6F5x2ArbQKU","video_title":"MY MUM TRIED GYMNASTICS! {Wipeout}","views":204263},{"radio_likes_dislikes":182.16417910447763,"video_id":"JtIY1Naxg0M","video_title":"Game of Zones - S5E7: NBA 1K","views":445567},{"radio_likes_dislikes":166.44642857142858,"video_id":"NHrwcQQ38bA","video_title":"Candide Thovex - quattro 2","views":388810},{"radio_likes_dislikes":135.90697674418604,"video_id":"wjy9Jgnjv6U","video_title":"Neil and Blake Push A Fat Bike To Its Limits","views":157595},{"radio_likes_dislikes":134.15151515151516,"video_id":"58sRIu0PUok","video_title":"REACTING TO MY OLD GYMNASTICS WITH MY DAD!","views":202532},{"radio_likes_dislikes":130.15873015873015,"video_id":"_9wK8hVvjAU","video_title":"Lampard Reveals Why England Never Won Anything | FIFA and Chill ft. Poet & Vuj","views":156925},{"radio_likes_dislikes":123.91975308641975,"video_id":"hU_oxkN9wsw","video_title":"Keyshia Cole Would F*** Up Nick Cannon's Car | Wild 'N Out | #Wildstyle","views":625474},{"radio_likes_dislikes":119.7536496350365,"video_id":"r63VBOagGAo","video_title":"Shawn Mendes x Portugal (FPF Official World Cup Song)","views":653114}]}
{"category_id":"1","videos":[{"radio_likes_dislikes":303.5365853658537,"video_id":"WkzmaFnPKOs","video_title":"81. I'm not good enough.","views":128972},{"radio_likes_dislikes":207.65,"video_id":"4yG_k2Zlw7Y","video_title":"GOING FISHING. A Stop motion Animation by Guldies","views":167196},{"radio_likes_dislikes":206.02777777777777,"video_id":"QfmgAmtGXwo","video_title":"MY FAVOURITE FILMS THIS YEAR 🎬","views":100065},{"radio_likes_dislikes":201.0,"video_id":"7FM_MfpYOLU","video_title":"PEOPLE TELL THEIR CRUSH THEY LIKE THEM (vol. IX)","views":621594},{"radio_likes_dislikes":170.3625,"video_id":"jm_mZqqL40M","video_title":"83. You + Me","views":112278},{"radio_likes_dislikes":161.2962962962963,"video_id":"739XDwYBEdI","video_title":"Wrestle in Peace","views":110798},{"radio_likes_dislikes":152.8,"video_id":"caIFNg_JRL4","video_title":"Robin Williams: Come Inside My Mind (2018) Official Trailer | HBO","views":296548},{"radio_likes_dislikes":147.53406813627254,"video_id":"uxbQATBAXf8","video_title":"Deadpool 2 | With Apologies to David Beckham","views":4369014},{"radio_likes_dislikes":135.1672753834916,"video_id":"YFHHGETsxkE","video_title":"PAPERS, PLEASE - The Short Film (2018) 4K SUBS","views":2005280},{"radio_likes_dislikes":129.6153846153846,"video_id":"72QQsWm7yFk","video_title":"Marvel's Biggest Baddie Just Wants To Be Your Daddy (Avengers: Infinity War)","views":102941}]}
{"category_id":"19","videos":[{"radio_likes_dislikes":261.4029850746269,"video_id":"-trTIbE3N4Y","video_title":"I LOVE JAPAN","views":109154},{"radio_likes_dislikes":142.08,"video_id":"MU29Wqg_BVo","video_title":"Brazil's Video Game Gray Markets","views":120526},{"radio_likes_dislikes":132.21428571428572,"video_id":"zmcGIBpgG-Y","video_title":"Nikuman - Magic Japanese Steam Buns","views":182617},{"radio_likes_dislikes":54.28448275862069,"video_id":"_6lGaYh71g4","video_title":"WTF - $300 Toaster?!","views":253735},{"radio_likes_dislikes":27.852941176470587,"video_id":"NNJKWVmK-GM","video_title":"Tourism Australia Dundee Super Bowl Ad 2018 w/ Chris Hemsworth and Danny McBride (Extended)","views":1775039},{"radio_likes_dislikes":27.081632653061224,"video_id":"PM5r8ITZn-s","video_title":"Star Trek Prelude to  Axanar","views":102758},{"radio_likes_dislikes":9.989424206815512,"video_id":"r15_6z9xryo","video_title":"Inside The World's Only Private Boeing 787 Dreamliner!","views":1932429}]}
{"category_id":"28","videos":[{"radio_likes_dislikes":238.9090909090909,"video_id":"UCKC-QVcVn0","video_title":"The Engineering of the Drinking Bird","views":137744},{"radio_likes_dislikes":149.71724137931034,"video_id":"Wzvr_rtI82w","video_title":"The $1000 Smartphone Giveaway!","views":1067141},{"radio_likes_dislikes":99.69603524229075,"video_id":"QpFcf7uBacI","video_title":"OnePlus 6 - The Speed You Need Live Launch Event","views":888741},{"radio_likes_dislikes":90.17857142857143,"video_id":"TdjAJeUy0zM","video_title":"The Universe and Beyond, with Stephen Hawking","views":275436},{"radio_likes_dislikes":89.02105263157895,"video_id":"AvFNCNOyZeE","video_title":"Round Peg in a Square Hole - Numberphile","views":159691},{"radio_likes_dislikes":78.94690265486726,"video_id":"m7CtnR47w20","video_title":"Quality Audio Recording for Video","views":277199},{"radio_likes_dislikes":77.97341673182173,"video_id":"wbSwFU6tY1c","video_title":"Falcon Heavy Test Flight","views":10582444},{"radio_likes_dislikes":77.8984375,"video_id":"c47kn_Y4y8A","video_title":"The Ultimate Paper Airplane | WIRED","views":273905},{"radio_likes_dislikes":76.34285714285714,"video_id":"Up09AUDzLVI","video_title":"I Invented a Real Gravy Train","views":151739},{"radio_likes_dislikes":68.6015625,"video_id":"xe8Id7pDNOM","video_title":"Anti-Soggy Cereal Spoon","views":164406}]}
{"category_id":"15","videos":[{"radio_likes_dislikes":232.51612903225808,"video_id":"3jtjkXSvuJw","video_title":"Try Not to Laugh at This Silly Kitten","views":101048},{"radio_likes_dislikes":222.2608695652174,"video_id":"45tSUnisIos","video_title":"5 Signs You Work With Cats","views":106298},{"radio_likes_dislikes":182.52631578947367,"video_id":"KKwmGuQaMfo","video_title":"EPIC DIY Gingerbread House for Cats!","views":107972},{"radio_likes_dislikes":170.7762237762238,"video_id":"SJsvPv5Q_oY","video_title":"KITTEN and CAT","views":424587},{"radio_likes_dislikes":159.1763085399449,"video_id":"_4_V7ZGCYDE","video_title":"Cat with Short Legs Looks Like a Tiny Potato - GISELLE | The Dodo Little But Fierce","views":1045263},{"radio_likes_dislikes":134.70253164556962,"video_id":"rplCCSqWXIY","video_title":"Head Over Heels (A Valentines Special) - Simon's Cat | BLACK & WHITE","views":404977},{"radio_likes_dislikes":124.7909090909091,"video_id":"OPtomB--3Ss","video_title":"What Cat People Do When It's Cold Outside","views":194905},{"radio_likes_dislikes":106.32851985559567,"video_id":"fS2fsa1fuIw","video_title":"If It Fits, I Sits...","views":655036},{"radio_likes_dislikes":95.47368421052632,"video_id":"DRfniGCgW0I","video_title":"Cat Alarm Clock","views":141076},{"radio_likes_dislikes":89.94594594594595,"video_id":"x8DegXNFOns","video_title":"What's Your Cat's Petting Style?","views":142250}]}
{"category_id":"27","videos":[{"radio_likes_dislikes":219.44623655913978,"video_id":"WrcwcMIYpQg","video_title":"FLOWER BOY: a conversation","views":463019},{"radio_likes_dislikes":150.1024702653248,"video_id":"jQNazsWnQKU","video_title":"Tyler, The Creator - OKRA","views":1476311},{"radio_likes_dislikes":138.05128205128204,"video_id":"GFMyMxMYDNk","video_title":"How Star Wars was saved in the edit","views":152562},{"radio_likes_dislikes":131.20833333333334,"video_id":"fs_eQQZEZRY","video_title":"Can the Emmys be Hacked?","views":105918},{"radio_likes_dislikes":117.44736842105263,"video_id":"MjdpR-TY6QU","video_title":"How to Cure Aging – During Your Lifetime?","views":2120634},{"radio_likes_dislikes":117.14965986394557,"video_id":"w2A8q3XIhu0","video_title":"Why Hold Music Sounds Worse Now","views":306872},{"radio_likes_dislikes":95.73793103448276,"video_id":"MwdYpMS8s28","video_title":"The Queen's University Talk: The  Rising Tide of Compelled Speech","views":235842},{"radio_likes_dislikes":93.33333333333333,"video_id":"L9eFkmjIIWA","video_title":"The Romantic Lure of Moonlight","views":104471},{"radio_likes_dislikes":85.13939393939394,"video_id":"1cUUfMeOijg","video_title":"The Lava Lamps That Help Keep The Internet Secure","views":811112},{"radio_likes_dislikes":79.51063829787235,"video_id":"s_LxZx42sIk","video_title":"What are mini brains? - Madeline Lancaster","views":154748}]}
{"category_id":"25","videos":[{"radio_likes_dislikes":120.2,"video_id":"QfuOtGLfg04","video_title":"What is Happening to Men? Tucker and Jordan Peterson Debut New Men in America Series","views":111333},{"radio_likes_dislikes":90.52808988764045,"video_id":"rgyPpsX2B0g","video_title":"HUNDREDS of Twitter Employees Paid to View Everything You Post, & Private Sex Messages","views":162062},{"radio_likes_dislikes":53.61702127659574,"video_id":"hEUj5Lbb9BY","video_title":"Tommy Wiseau Spills on THAT Golden Globes Moment with James Franco","views":158167},{"radio_likes_dislikes":53.37582417582418,"video_id":"UHh6kJ-HWYw","video_title":"Rapper 21 Savage Has Some Money Tips For Broke People | Think | NBC News","views":578839},{"radio_likes_dislikes":51.609422492401215,"video_id":"aMcjxSThD54","video_title":"Jordan Peterson debate on the gender pay gap, campus protests and postmodernism","views":1486817},{"radio_likes_dislikes":44.44202898550725,"video_id":"tOzCoDvRqyk","video_title":"100-year-old and 102-year-old runners break world records","views":431433},{"radio_likes_dislikes":39.391304347826086,"video_id":"6uBuxJXlWrQ","video_title":"Man saves rabbit from California fires - BBC News","views":142416},{"radio_likes_dislikes":38.80808080808081,"video_id":"C9vVz7j-zV4","video_title":"Hawking 'transformed our view of the universe' - BBC News","views":191063},{"radio_likes_dislikes":36.214285714285715,"video_id":"ao_CJr7-NR4","video_title":"‘Karate Kid’ Sequel ‘Cobra Kai’ Reunites Ralph Macchio And William Zabka | TODAY","views":690053},{"radio_likes_dislikes":36.17131474103586,"video_id":"i6pw07k3GkM","video_title":"How figure skating scoring rewards risk over artistry","views":358375}]}
{"category_id":"2","videos":[{"radio_likes_dislikes":109.60526315789474,"video_id":"muAPJiMho2Y","video_title":"DELIT DE FUITE - le Justicier de Noël","views":2601143},{"radio_likes_dislikes":98.76975169300226,"video_id":"gbRijjvIeyk","video_title":"Marvel Studios' Avengers: Infinity War - Red Carpet World Premiere","views":754383},{"radio_likes_dislikes":72.68,"video_id":"PoNWU2cox9w","video_title":"Inside Keanu Reeves' Custom Motorcycle Shop | WIRED","views":704363},{"radio_likes_dislikes":51.857142857142854,"video_id":"nR3OdeqiEF8","video_title":"Evolution of the Ford Mustang | Donut Media","views":113286},{"radio_likes_dislikes":48.24390243902439,"video_id":"yBXcNcBnImc","video_title":"The Most Expensive Countries To Buy Cool Used Cars","views":235077},{"radio_likes_dislikes":39.4953095684803,"video_id":"NKin_i1pcFA","video_title":"The Spyker C8 Is the Quirkiest $250,000 Exotic Car in History","views":705169},{"radio_likes_dislikes":38.140243902439025,"video_id":"GKBI_bVFSfs","video_title":"Sturm Friederike - Grandiose Pilotenleistung am Airport Düsseldorf bei bis zu 110 km/h Seitenwind","views":1547142},{"radio_likes_dislikes":37.602787456445995,"video_id":"VsRot0p7ObY","video_title":"The Washing Machine that would not Die","views":1530286},{"radio_likes_dislikes":8.061567164179104,"video_id":"_KEN-cxmGw8","video_title":"What Jeremy Clarkson thinks about Tesla","views":440154},{"radio_likes_dislikes":5.968266253869969,"video_id":"mHhZ9jk-DrU","video_title":"The Tesla Model S P100D - Chris Harris Drives - Top Gear","views":481262}]}
{"category_id":"29","videos":[{"radio_likes_dislikes":55.04713493530499,"video_id":"p1DAEZNyJ8E","video_title":"Avengers: Infinity War | Marvel Family Feud","views":2743007},{"radio_likes_dislikes":7.907265929778934,"video_id":"oWjxSkJpxFU","video_title":"Suicide: Be Here Tomorrow.","views":8041970},{"radio_likes_dislikes":7.833333333333333,"video_id":"EW3KD4kqqug","video_title":"Rose McGowan Talks Alleged Sexual Misconduct By Harvey Weinstein | The View","views":178845},{"radio_likes_dislikes":0.8469622331691298,"video_id":"j1oMVG1ZMlA","video_title":"March For Our Lives - Washington, DC","views":115931}]}
