{"category_id":"24","end_day":"17.19.11","number_of_videos":62,"start_day":"17.13.11","total_views":24596814,"video_id":["LgVi6y5QIjM","1ZAPwfrtAFY","ZJ9We4bjcg0","spwqQDCW4TI","xSZnlufFjrA","jEtTDPkjoFc","B16Ic88PyQc","WLkFWX8ewxk","bnr4FIovIec","Zo9CSpCLPVc","SxHThLAyICc","zTcNN-zwCog","GuR5nYMQ9r8","iu05JKNOhxU","PL46RTsQMVA","1D53CK8hyOo","bAkEd8r7Nnw","LXDAu8DnALw","hWHploA0Td8","Ax1P5Q8Kr9g","mnXnLeo54FA","SJJ637152e4","DcdoBrCvS9o","CXZWqVA-pi8","IcqZpTSUcZA","CweLhvhnPYM","nAg6DNWwUkI","o1iu_dPG_Fo","aiS56O2_xzE","BXb9OPBTH3g","d0zd-Lpk5vM","_fpyjYPnEGA","u6u9g0h8kaY","acjnMqeUQVA","p8XP7A7kvzM","8d1KDFaf65U","ToL4iNV8zkw","E0y0u1NsjUw","1DNa9PcsKc8","_GASOjcaFlg","i3lIBd8w4zQ","bGMXMHjz8jQ","Ocr05bj0ncc","GTDtIs_bokU","LVahdnWE8rQ","nC4YWSQHPy8","h33GrBoPih0","IqTkJ72p5Ws","xZBTg8AzhOE","39mivDbyWe8","TetcSIXO_5I","coOKvrsmQiI","VhqmuM28Tk4","3NXYFrknGEw","2c0s4Ix3ngc","TCXjLPtPMec","ek3jU8xiLEk","-6CDZvPexls","By2uZDqHKPo","S8kr0j1xNcg","KGtwd3JZzT4","sILWRPA2TcI"]}
{"category_id":"10","end_day":"17.26.11","number_of_videos":15,"start_day":"17.20.11","total_views":34335614,"video_id":["hhxwpVQi0sM","kcBCqLRSsrg","7mkUB9r0oDE","wJVlulggpV4","w2Es7-c9GAk","hPHffFAogVM","EBt_88nxG4c","0k49-GCgrZo","UceaB4D0jpo","HtCwEuXWRcU","IumYMCllMsM","LgmxMuW6Fsc","kTlv5_Bs8aw","m_CxxQfsfRg","cLvJUsAfMuE"]}
{"category_id":"24","end_day":"17.03.12","number_of_videos":91,"start_day":"17.27.11","total_views":58294674,"video_id":["-aq0_m4VuVM","5j5klRaUDA0","T3rLFimaec0","MT9mYH8Wvvk","4sbm8bB583w","yef_HfQoBd8","d7HqxcRTJQY","TqUIpUEGHK8","g61cvpz7LyU","s9wJ14ciZ3Y","IsM7OLBYRg8","ciP5o_fOHKE","CF89Jbjsg3I","9Qb6wDkUPyY","z7mN3r1ppVk","_TixdNYZuFI","JU0aWDfATPY","LK5pbGywJcs","L-x753L0Wa0","nQwMT6UxZIQ","NzKXSLQR0u8","pjoSl_y7qZU","pAu7PoOEkTQ","0LP6AxCL_dM","8cWKRZXaWo0","N_rJCeZw0ok","WC9doCKb6VE","TRTCHmhuttc","8zzIk9YLWgE","c6PKTYytc5s","wa9ZyarpM2U","cmS8SA1n7Gc","I-RddfgGOcU","Ex0SK_Poir4","MqdH1uvYjjA","Jrpdpr-m744","6tOZ5VKcqL4","ofG-1yOEun8","yq6JRXth780","VUb5yWYww90","fnAdOLA2oq0","wjoeVwJTUTA","xNpcGZzVPd8","L3C-US5djEw","xy2idL0aqFU","k8PMfFzj78U","fvxN29Jzb9g","jfPJ9U2kQh0","3g9j62V1npc","VMsrHhGiCKs","6ZfuNTqbHE8","aknucxb0xSo","75TtuzAagkk","z1FL60aLCpI","Lvn4iiQS10w","yXqZhGL-OKI","K3EzifOE0Xc","3uvRSApoXCc","MrLoxT2dK-Q","yONQCAydn38","0105RVmqhC4","nPeYAsLYALA","INAAyBPtBIE","xHgUsM3GWSs","ucIO5_b9Yt8","XCVhiDdpusM","7MHrWTB43yE","5RkuTcs772Y","R1U8SmSQ8-o","lE1tW1n6h_0","K-3eVI6tvFw","Q5BMVZHXQz4","V1zTJIfGKaA","3BB-DmJex_Q","nh4VKZIlgag","vfL98dmakMY","gJM6BlOXaPY","xCd_WJDvI4k","jZ-TBcMW2pM","JDJyx0KOd3s","foTjlGz-u50","pjagqAGyoS0","JuGbyzRd1oY","lqz_v7Q2w0U","bsM8F79el_E","mtV20z7AeGg","JrAr1hoVAdI","J4pf-OTNCg4","A6QPTrGMy-I","Xuv1crU4U9A","1f0XKUqdrAk"]}
{"category_id":"24","end_day":"17.10.12","number_of_videos":101,"start_day":"17.04.12","total_views":106713533,"video_id":["KC8ftV6HEm0","pLMfhzXSG0A","oU-eDiayPwY","INAAyBPtBIE","gMRIY96SXH8","JDP8OKR9ds0","tXpKNx0qrqw","J2yShlvG7DU","vhSB6Nry6MM","eDdlWu4iwfM","6CDlhXRqrF0","xXHFjE2eUM4","w_Xbg1uZCag","vfL98dmakMY","8euPVkj4NRo","s9gmm-dnpsg","rrSgiOEAzTE","9Z8vLV-NJc4","e77J4g0LMOk","wPnD7yYxI9o","d4X7ENM6Nfg","V1zTJIfGKaA","sR44xCRfvfY","eWO22JC4tsI","FL5QWGe3ZFA","22mzL2rWu30","2rVLXhzoKhE","65nwKX9wA2o","9c3KGxlXgDM","E88VfsuGcro","S492i8nMmIw","fRFa8kNgMSE","NkzFCaWMD98","e6LUntX08dM","B-Tri4OrX1I","5htg81aGO1w","eT-9IYQqouM","2cFSZmaWjhs","VAMWZUBWRfI","CiN8acPXK3Q","-OFiwTE0KkM","8Txptg5ORfA","7icFIMa3Qk8","O-H_Ybmtu_U","Th0fHjvLgrU","eO2oMrI8C2o","MhoUmCSmxvU","YHSyQBzhsnc","1m5hUp_hxTM","htkosKHgRWU","MBeQ3TYL3ZQ","mBaqFp258ko","LmxyIswRN8E","8bbdbdRBbbY","WxuzNP7GSVk","FlsCjmMhFmw","8A4diI2lDIw","RWnoy2573WQ","LQtZ0l4_lBg","jU-P9Zw48Ms","fHWaKx5MnNc","pHcJ0L7tEyw","FHj9PN0SYQc","aNHXYzCXWs8","Hk5bgB77VHM","0-DmVuBQq20","d7R7DQ5tlQo","QD2dAdRJibY","USCFViF8L18","O2pubml1FBI","Ih2UfN7jkzw","ZQc34LzQeZ8","xab4tdnRZhk","XT8bnSK29Ek","T6rKIjZ46zI","7N3ERfi6WHM","djxuceuv_IQ","dqHz24mwmfA","q23qghoF6Nk","vn9mMeWcgoM","F_Q6sjRRZMs","OTxlLT5l8Bk","EhQ-S0hG2D4","XV0krs-ecio","JFUU-NX-K5k","I-jnVhE6UqE","-UUBEANECX4","5Xe6E8HGj24","vKp2Wa2yN1M","stYChhmg-24","qsf_hmBV5FQ","UgSXHJlDgRg","xt9zPLfe8LU","WTIoxtyG9VA","rIwdvTvryDU","S8ibKpOFL2s","fBy2KLLuNp4","Y5M1i3UzkjI","dqzaYuaVvJY","0eKGL0h7VoE","JBDWIGpKnwM"]}
{"category_id":"24","end_day":"17.17.12","number_of_videos":107,"start_day":"17.11.12","total_views":44348111,"video_id":["Uj89P4cPBMs","UEXL7Pn19FE","CQ2ILXOPks8","q23qghoF6Nk","qVxzP0Xrx6c","F_Q6sjRRZMs","d7R7DQ5tlQo","N-k0EgdhJ-c","juZ22Em8od4","OSiLKXISCxQ","vn9mMeWcgoM","VDa4Pw6z7fA","cSp1dM2Vj48","gP6uGOLeG0M","P-9ag9mRopY","j4Gl904Me08","OTxlLT5l8Bk","rCHYmkzA4Jk","y1QUCqwemTw","zGx_48XFIAI","WkOdHked5x4","ttSRJnysfoM","G9kjzTsMlzo","x9fjAOxj6Og","QAkpbE7Ambw","qhQqaLZnGoc","LmCGSOkYaoQ","gBNCZVRpTTY","LD2mVsg4ivM","F5XhtmhvCnk","V0l1NkhEZb4","-H90GPnH1q8","QFeO6lBWgEg","PZAUU4QjRW4","_JlQwzclcSc","-mCPxSHIrPc","ERcgOjAz8n0","Krc71ETM11k","khPLWaBioOs","UH0nTHb6OdY","YWEashQJSSE","r4VJ8o6yqzM","0yk923fa3zY","M1-xWWzUkFE","J4JRe2uxxn8","98UNnmUVw4E","zgsOfOSA38k","llp7HjzUs_k","qF4qaLRHjHI","eL9RB_jG6SY","WDpIsSt4usI","8oKl_qDJHt4","fOhB5JyEkOQ","yi7BMXKljRg","5M_yA9M7yNc","ubzF2qkYbzc","cD08OH60-PU","XXWyjAE_nmE","cpgTT6vpXFA","XfBM4WGKuxA","-608H1yJmlo","UF2BHM1aLHs","LUaaobt4pOM","rjQ3HeqdziI","E-RRGJ4aOfY","csX-7ghJ6eo","HQEJAFc7trU","dYogC6U_49Q","lOD7YF4_LN4","k-9-KR9d3pU","fnJy_7UXiC4","GCK9KGBG_1M","LdPZB9n7lLU","IM7i-nOBMfE","yVnG-4Tw6jQ","8GJM-mCGTMU","h_67XloYXTc","o4PEQNRbC6s","uRGP5b6P8yg","ghcQqda1xeo","KMfmhYg8TKw","eRQ6eh-pxs4","MDOtD8gBaAo","mbzXQK3Q860","aXVipZp06V4","EtfIzNdt9Ac","4puHGQKEkY0","D7sj7L1uLiw","AcjaFczpwk0","isR_334CVeU","AIf61iHwWMQ","5I0-sqLPhI0","BsH26w2iFdI","ufHPhYYb0Ig","u5m5QNusKaM","0odubE5xfyk","E5M4FHcxaeA","K674LKBUukk","g0_EfWp1ocY","o4duS8xz3h0","-K9ujx8vO_A","jnxLt4qJZsA","omLsCSW-ccg","dlBXJVJ5qlk","erfowr2cb3Q","eN6ogSMcblU","6OvVHtwhGZE"]}
{"category_id":"10","end_day":"17.24.12","number_of_videos":26,"start_day":"17.18.12","total_views":48899871,"video_id":["BJpLh9TyaEc","3ScQYM1FHrU","eiDiKwbGfIY","m5JWmB_Q-Yk","3BXDsVD6O10","59da0Zg3aFY","a_2NzDkLkzk","7t8Krts6QLA","6CigQPn9jPc","l_lblj8Cq0o","KG-7yu2GNko","hSOgNCJmQvU","r1z-XOkJL2Q","X8sSXU-J8fI","WS7f5xpGYn8","3s1Kkh7qUHU","t9gy8Phi8ok","hLAIJMTAGFQ","bbRfI2oUmY8","ItL6vcUrpUs","ox7RsX1Ee34","1FIwmSE3XJM","oz-1C-6ZD7c","cZxxtDp8Qd8","hXmBbhGbeo8","BIQK4-9YFW0"]}
{"category_id":"24","end_day":"17.31.12","number_of_videos":104,"start_day":"17.25.12","total_views":28760654,"video_id":["NNUwnNuL3mM","9MqiJbirS2w","sytDEIkxDtA","qy6YSOjInaE","Ud2pBYQ9sis","7OVwntvS0jI","lj7PQfogWR8","KeS_BNbzk5c","-r3XR2ZsPRc","n9APsJhZFqY","aXCL581QYd4","KE0Sw8fwtUs","6DnPmFL33yM","YWzg8wX3c38","BKvIVZo_w-w","gn4BHh_I5Tg","i1k8IfKk6Ik","8bEuFrMsfak","mo067gydEac","Av-At2GMMEw","Zd3dd8DLBpc","WW9RYMntgCs","MMM0T11pl5s","1pXzHZoV1Fo","77pJdK34O54","XmNB6bYjfj0","hSa8WmCJ6lc","V819vqhnkuk","iaYPr9KBSZw","PodYDqCtHyI","ajpsGvAWK58","sH8L4i_CP7U","2PP4nfFBI7U","Bobgt6zoF3s","OaYJjkiaXkU","a7RqWQaNFss","G7sQlvht6cc","-DE3_E0vfy0","peuCWvaszvY","Mk4BdOWO7J8","V7viHPVzbXw","YiT4Bpv2mpo","5dJNS4K6A4Y","HWsylCnYUSA","y0ijxN9Lvj8","TapBX4BDpOo","JK_ytQuSL3k","yJqsPBWbtjk","VrPZCqN4Np4","zA-BTpC-yvI","R_ga-v56Xqs","YLlguNEGnVc","f-JACH8MhkM","ImlXvoj_aA4","JGuGk584FW8","9DCwIU_lglQ","DdomnGA4fsI","9sbKb4W9LX0","HcIghSl6qnk","mfyDvj1XIFU","S36Yq0y3wrI","UNz7AGzoC1s","VwhuiPCGLgo","k0iKmUOA72A","8M_Sevi418k","KxG_10IeGHg","OxZT33_o5Y8","51JIo0eQhHI","PZnIP57WsBU","P7bKXz8EIUE","zQCqRAtOuFY","X-d4r_b50o0","Y-ZvYzwTa9A","YvTezwcTLwE","nDUGgXOQaqE","MMVQrB_xYBc","gwPOwC08M2M","4lM7dKPrWBc","95tGuXXklZo","Q6AB9hD7STA","zgi1OoiUBfs","0LEFjquoTxY","FiD9Qk8OAf0","zTYXX0WBu2k","AGWYuO0qCMY","pHKlrP9Pte4","ZjCfYM6dywM","aQb6JlATjVY","CpGfs2Myq1k","VhsVwqFPfkw","4eWqxlWrx7o","b6FDmbLwikk","2myTRPtA1hI","Lb-aFPXzloI","KhzCjRBQp5A","_bcU9Rw1Xhg","TwDyW-DW3NI","_5YnS314Ce8","CpUnvHn0xcI","h0J4eLMYdM4","jOTjqXi0844","pWldZqMhEyY","Pac7jzcwE6I","cbqcXiqIbxE"]}
{"category_id":"10","end_day":"18.07.01","number_of_videos":14,"start_day":"18.01.01","total_views":34791216,"video_id":["n6eXtBbhpYg","EdetWtZDTsE","tynT8gBA6bc","bVU-MmJZFFA","_088kAE_w4A","LsoLEjrDogU","H4KKMqRDYsI","GfCqMv--ncA","JeX7kYUL1MM","gA-NDZb29I4","gTJWt6WNZto","5t1X1TP_dmo","z2kEKZ6jyQQ","kg1WZhVD78o"]}
{"category_id":"10","end_day":"18.14.01","number_of_videos":13,"start_day":"18.08.01","total_views":26446796,"video_id":["gA-NDZb29I4","h3eYOjlxma4","GYBbUUfMnVc","k5TqNsr6YuQ","xaqEZoWaf3M","8BQqX3bUqtY","dfnCAmr569k","Mgfe5tIwOj0","gu9_m0vm7fM","PLZlHFA7ums","Qv5bFKO0zqg","b7K_lbglfI4","gklE51Oztik"]}
{"category_id":"10","end_day":"18.21.01","number_of_videos":22,"start_day":"18.15.01","total_views":34951465,"video_id":["dfnCAmr569k","Mgfe5tIwOj0","zIK1VL16M4Q","3V4JG7mGJro","shpUE67cH-4","02fRdleMSaA","S0nbOenwCLw","dTta9D3uCh8","ugy11i6Dxco","eACohWVwTOc","kfXdP7nZIiE","tNvmHLtqgtg","M4vnmgZLA8s","X6SaVOLRcF4","LNHkxOU7zz8","HlclFmbnQaU","jcWmC1oa4KQ","liczsmUSMA4","qZoQw9b4uCo","ppB3JnqhDUw","NtccSFkAhrM","l3vbvF8bQfI"]}
{"category_id":"24","end_day":"18.28.01","number_of_videos":97,"start_day":"18.22.01","total_views":25854445,"video_id":["NdhnmWsAhU8","qv_YH3VmZdA","Ksg6AH1z2P4","90XVTC9uuBU","m2bdU6N9pEQ","-8-jSfjrTKk","W1Jl_D9PJFk","0VcvMzucp7E","5UA2gGfw0T0","JpjfAYrZxXU","CY85a4liNkE","zOZN8Ez8ViI","Qt8dG6lwr9k","qCFdU1eC9Xs","GH_NsaWnPyo","Thpaqvmonmc","IrD71tas6h4","Uq4I5RXbQZg","wZFjAiI0288","k9_joNFmut8","2fV9JINoD3A","YnUaOrC9qTU","bBbGioiijDk","vXfnNzBczxs","S98KXAKkhNc","Br5xdYVbcWw","JcO8Ffui2mg","km3TdLm2qR0","FZjmkNBCJss","2F-Max5L8Gk","NkSV_SsXqf4","7bkXXdusfiw","xuFe36i0mNU","NPJZMoq4Lk4","hv2yjQBT3vI","vE4I0DL8oTI","e8Z02pnL-0A","aWAp9pXi_DI","0UE_Z00vFLI","yJKrlI0GWWs","odFpZrojsIA","qOKNU2Fx1nE","evzWEXpW1pM","yNmpnb3IZl4","MN3EBjEtbXA","j7ExsRw4LNY","H3rwLjWxreY","EhL2OWXZ26s","n1tXIo3DIps","uM1wloLsBUE","gOmlAU_wVw8","f23Ak0N--Po","Oaew6rZqrrk","QzIrpHGcsyI","7H4jvc3ERrc","X1g5F7jWvdU","z4hhRN1-ScI","jy_XvOmI-pY","Pcj_4lWphTc","HWXpRGbEzXg","4dJSPv9-Dc0","gjfTSFzzm_o","AKmKjHCYJP0","ltzy5vRmN8Q","h76cs45ZwcU","HIAWuXWWVh4","eNk12DW41js","_hzhLRVyMl8","lcu_06J6tRE","wytRPkKAsNk","5fDsgQ9iMIE","-iF08LZmkC0","ZtlxDFthp00","UTxAkOwVDmU","R6WUBePiFFk","EAGP4_5MqNg","8GdvsLpP3zI","8YVNq21nl1A","xnH3NNgElx4","wiAU6tNUm-s","ZdO7q_ct56s","JGsY0wp0GoY","sKIvVoovkCc","l5EHEKgdBx4","8gj-ymGnFq0","nLpqZEAFnkE","YITNq9mdN-E","wNLAbbnGTDQ","w4mI5z9ffaU","grZlYXoUm4o","atkqGGsF42k","4Uhe7pNqCFo","QLFRGj-PPNI","bYdwUW8Lafs","u_dt-IScsCY","rfLI07tkf7g","qhZtGWZJpWg"]}
{"category_id":"10","end_day":"18.04.02","number_of_videos":15,"start_day":"18.29.01","total_views":27006421,"video_id":["jl8mGTD4KqI","sF4yTDp95Eo","pj2CbBnf7G8","6OcOO1k-vGE","HI-mXMr8glQ","4_MMmEJ2BIc","v7K4vGYL9zI","J_CFBjAyPWE","fY8iLUkZ5kI","rNYduKIyEvA","4EBEHQ9WYLQ","maU5rLgMvWI","IPL_zg_hYnU","K5xERXE7pxI","baj6llvgpWA"]}
{"category_id":"24","end_day":"18.11.02","number_of_videos":104,"start_day":"18.05.02","total_views":66870148,"video_id":["Sl9npEDYeLk","URCvfjG0CYk","WWJtF4PAtY4","DEACezoEv1E","Pa22ZqNEqLs","fMeeITCx9JA","2X9pbO2dFaY","n98cbRXbyFs","gTfQpG05Za8","U4Gc9apl7YY","cJHgTYeXDQQ","oqmKG3EP-Rs","RmKl9fb7KLA","87lKSZ637oE","SGtTgrtONr4","OP7X8zId1Uc","RJFV2XHETRI","vogaUysWZZA","L1immbfAKO4","NooW_RbfdWI","PzwufgPyTCo","QS8bma7LRX4","g4poKgQZX6w","Da5IBhkyNe0","LVi1Az3mBWs","1Bvej14BrFU","doP7xKdGOKs","weYp9zLZGs8","8brYvhEg5Aw","fu_s5dMqJdI","8es8T7AsQD0","dJbtc3dtlhw","rC3zourh1P0","Fz-oCMTLKp8","MEePYLF9Uzs","--I0aj8MUdU","uvg8FWPf_qM","PT5fXUNktSk","LBAP0RP2oQU","pVxOVlm_lE8","THfflcYgaJo","dNW0B0HsvVs","6aGB75hMpPI","NYLqeykiiFU","lCbZrTsSE7w","UzAMTqZYFWE","G3bvBpA0Q7c","lfN3wZDaiv4","o1c-JjwrKbI","TPtqy3vFQ3E","08Ip6CBAPyg","ZY63ZSUdywY","UYJhf9XGN18","ermo0yDkuH4","U9i-KX9jU9I","sYKnj2KxGVA","s0SNEeO8VqY","5nItNLfdwe4","Uz6lzVM8Og4","diCRo8T8vrI","WeirghrvdnY","9Dmcbd293K0","4Gl8Qb_Jigk","8aoHiS-HyFw","rAnw_W5gzhw","GVZqxHb4QMM","jXpl94ksdEM","EU8iF-8zE-Q","ZLFCxQ04Awk","bgJ7MAYLW2M","oaLRyYS9xUY","hSvnepZS26s","sELKjw_XhWk","pmlNxZcBKkA","yP4gEkKwxPI","1Isd2Nyle1E","_H4NSsXIbFs","dzxFdtWmjto","3BsE9pNd5vU","ScFqW29V-CE","5QhYCF6Uw6Q","3CB43DqjWIk","LEbmAplgc0I","7cqYiUmutGI","TnlqTcX7P58","n6MfNYkkCcE","dwrDIj6NVQY","NU_AhaDz5Pc","ogDLdREonWY","XXdpDDtWH3c","VSnn-WAPpCY","XNUSyXLWYWo","g9MbSZRWOiY","75NntVQVrK0","ZJ7YpP2lvGA","y9w-dPxaL88","7fKNp-oc5dM","SjbvrBodBLw","vegjueV2nec","abQ2iJilHMM","-eAeKnHB0Hs","4GB4hBUYLC4","DaAp7p3ZkIs","hgLKuQOpOaM"]}
{"category_id":"10","end_day":"18.18.02","number_of_videos":20,"start_day":"18.12.02","total_views":37987896,"video_id":["H2hGrsExuyc","9vSDfRMrJU4","FQwXp4AStBg","W6aOCchbQCc","8h5niaw2mAM","NV-3s2wwC8c","7R1N-8SoqcM","FzcJxJAxFtw","wfWIs2gFTAM","lzLQP25bTBk","wIimU5-UEPc","VwAnsAUYnw4","QQ_3S-IQm38","cNtnmxw6ak8","UlXPdOuNU3Q","VZBC2pc7erg","_hMQe2U4c6w","jzD_yyEcp0M","fFDS2Ms_-a8","xYtsL9znopI"]}
{"category_id":"24","end_day":"18.25.02","number_of_videos":108,"start_day":"18.19.02","total_views":50354804,"video_id":["uG47g0jvSic","BUR8mWK0Pzk","XTJ5QL-mi8E","hHAlR2UTtqo","t0tQQdupHbg","Z_IEKoN77Hk","k7AENMQpq9w","MbfVyFBH9Oo","m2WRP05nNfs","1uhPYjbPIGg","umv_ZAN4Bms","AnRkugr7r2o","2jM1jhaqYFU","wwC6h3QrGlE","vWR4KJeOC9c","tWL8EuT50BY","39CdpEsuyxk","8_ocCwk5msA","rePTL23pzFo","lsS1GYaDSFE","QXiGbUCiKdA","1a-1KIZ5-pM","6U_5PUPfT0I","3haKMuI2S3Q","i5blSYp_QJQ","QGZmcPA3QsA","RNTokUzrPxE","qA4fA3zOrqo","UE4QbCIVKhY","QCjk_NPsIqU","_3MDMfsk954","Jz50eTT6y8g","bikluCiQWFc","ffmgY22YNUk","Z2Q0KwQQwvA","UU9k6QwKSiU","6TrGKcrUI_w","B4avW0fcIu4","fdNxwW2xjAg","eIoHoQImDrg","14FH3jpKUcw","7HF4ViTOXUc","EQyU6fGDn0c","hAHkLMXo7Z4","0gxecDS-dFQ","nZn379Lo0BY","WkeJ84c5ark","sSmaRXnWaaE","1voCYKcgqcw","RoVk-9w1HR8","6jnDgvBscEY","qbMTukAJskQ","S5dDEULvVtU","CiG3WbsA9fw","PcQSKfgtddc","2f37AwVa2Ck","eS9NJfwqTUM","tT6HpU1nPC4","1QVlKUrjbWw","gsmyNL_-lD0","ad_higXixRA","etDqhyJp-6E","9xxu2PtHPPw","BjwjSwu9Q3Y","J2DgR0ulgb0","CBZxgKSQ3y0","kCFrukRCapQ","iUx6mWX2Cec","799765ztSNE","RjjF5Ogy6V0","f22A1amWmYk","1HQ4TCW-_QA","U-Ph49JuBIE","wIn3u1SrYqc","saefEly2hNM","LOEjc6QRlL8","hCcv2CPEhpk","ZO4CMPCmFDE","hn1rvCgwLso","gSfmq1RNspM","m28762sla5E","E9PpSlwkP0Y","4m09mD7xy8g","9k6F3Q0IFV4","iNvyoh4HKAU","i08KXi7lSX0","cytyAgu9-bA","ygynEjLqhgg","MfGQPtPkz6w","_nrSYQhRxmo","J22nXbA8MKI","Vksflolj05E","kyMorDyvKl0","EjiBQDRyxoM","ShyHhh9OwxQ","BiiuUzFQ2Bg","XMutaJI2-kc","40PK4ohW1eo","mQa97C9hjTU","lFDD57bywq4","rucem5njNVI","0DZlwgP-VMI","QlBm0nEXvKs","QM13bCl1EtE","CpctzKtj0ho","oyQrcmALIEc","Qd8kFkMwIGE","fkfIMoCemsE"]}
{"category_id":"10","end_day":"18.04.03","number_of_videos":25,"start_day":"18.26.02","total_views":70082043,"video_id":["E-u9uo0laA8","MGYJuETPQEg","ZD4hheW4BGU","tB5ZgV1krlU","2IU-3VwGfzw","gq73wvAY9tc","ZGEoqPpJQLE","3ecsXOqHojA","BQ31l1gPGKM","DGhPGH2YROA","T3hXC5yNZOc","ITo09tAjAIo","VUr9JZQ8F2g","LPTlvQ1Zet0","NQpr8MgYEek","xuAH21DkJow","XR7Ev14vUh8","_I_D_8Z4sJE","kton-qrKNLc","sg10aLN4uPo","f0bbDFRYD_A","QdnvoWyoiY0","xo0t0bv7D9c","rrr5PNVRZQw","54PHdAEmJkM"]}
{"category_id":"10","end_day":"18.11.03","number_of_videos":20,"start_day":"18.05.03","total_views":31605364,"video_id":["cZPjgcqHSa8","LJjsm6CVsG8","VUr9JZQ8F2g","9Hi7elAQQg4","RQm0nKoODo4","74W8bgRBX7c","jFBJnbTW_z8","Dif0Sjdphds","b2RHgyH-Nxo","HeF4zfz5WF4","-ccxOY9btlw","37lXjnflt9M","Ph54wQG8ynk","D6ei_jG3_x4","lhnmVSB-Rxc","gw5_d9LD_vQ","fC8gutkCu1c","-BQJo3vK8O8","dGqd3N8OXFo","RHtlUjpuffE"]}
{"category_id":"10","end_day":"18.18.03","number_of_videos":25,"start_day":"18.12.03","total_views":55966946,"video_id":["lhnmVSB-Rxc","gw5_d9LD_vQ","nTPmGJ1_Mto","li95v2oLcLw","zLBykCSDF64","-BQJo3vK8O8","O6By8JeCtQQ","hL7Rt8-Zu1Q","tCXGJQYZ9JA","DmKvSA6RZuI","sS0LCjOiIhc","8OARiNiJ_w8","Txlk7PiHaGk","eyyNwOSQ3Yg","mlf4bidp2yc","GZUhHQ69jG0","1SnWTW6YXbE","XvIpLfV5GKo","mt1nmxW8qt4","_QO4zXwwpS8","Kvxz6zIXdak","JWKJ285bYW4","Qad7-gpGtWI","cBwfsXkIMQM","T_mWpPSrVK4"]}
{"category_id":"24","end_day":"18.25.03","number_of_videos":112,"start_day":"18.19.03","total_views":38732998,"video_id":["ItSNpbZXvOA","QwievZ1Tx-8","x6ckUEJLHSQ","1bpRKNG4fx4","p5d4yjiAP-I","f9g6NCHQrcE","GGTmDYN2nww","X15kJt-P71Q","RfFKHvMsMg0","2B26jWJu3fU","358muWOMUuc","hPW41I-h0Vw","baKFwBsdp_E","fH5SelF_glc","_Na5hMcAvRE","jmzXu6F0pmw","rtR6WKB6QNk","6ojjvi5gUaU","_Hw9Mz6vTaM","XOdaX_zkRMs","_MF0KgVhWvI","q1BiO6Ig8So","NIv1XZJYhmw","ZCPwpcurYns","MWoV0TP4c04","JsAn_w3W130","aE-cHzlLM-Y","6ciQldp4Kzc","UZFQf4zJPGM","QUWIjG4UZZI","rs2RlZQVXBU","DfkurPJjHYM","6x1oo8ZYbCQ","KSOG4-JUVD8","xZed1W1r-pA","8o-2-Sx3MBg","BsKVCOEJTrE","bDkYYmWd2yc","QfRKjZfcltk","rqxbj7Obn7Q","Em3238YsQ0c","GFhDrFL5xlg","DuDdt70KMaM","DnZ0-hcbKtU","bJD3qiXrN7I","Q9vnV1tXs6Q","_6lwVJ6ir8I","tb55BRPIqjk","hoO6P5g3oB0","F_ENaeOBwt0","8EmpCl_Qouo","72xrR3EJCAc","DkiyT-dnmv8","IodKKiKklpw","CW_UQL2gm7w","Lm12f30wJ1I","jksBnPWBMSk","EhpO-R2BPoo","9KvUdem8p1I","zyzuut5pZDg","uLPYQ2gB-yA","COrbfHyR8Vw","GVCPRpIiRaE","2pyTIl5BwgQ","u_gnu1XPNpA","zz2ZSsUUbFs","agnPQet_VyQ","6sGecZAG_cY","bWfMzZfNU_s","-WLBYz1586A","sxHTI4JBi2g","zSodCKWDGx8","DMbWwSOU5g8","VVSDRN8Kh9s","Ypa2xQW6Om0","_KY8Zn-wj3g","i6UkcRNcn4g","llICDjqAC5A","rJCsCr-aMVs","5r-07Lsb2Mo","Dg_zgF7Y2ZE","79wHRmvZKb0","sNuQi0O8nTI","T9KD9xtYOzM","4_pgz5iKlsA","Ku52zNnft8k","PO3YBEJUWGk","4Je8atfvRc8","n1lBhjmn_0o","jzIE_oKG9PU","7DPnpuK39Hw","NRVqq6ah7nc","ikH62qCV5Bo","q9FX3r35kj0","VwWV4JelEzY","VWKcqPQf_ZI","KyYNqndtCSk","AF3q0QHW_qs","XfMySPuPlxU","zZcqgKUKD1w","00fz01oCinw","9bnn5xQrJqM","LNjiBBCNkk0","JDnUSQCyeis","xNYrQcsYWlg","9WFf9XY5rME","nsjPEcRq_0c","gjQ1Brofle8","H-RrCQQAdK4","JnD4KOdsO_w","FwENtwtY0EI","d0zLuC68xvk"]}
{"category_id":"24","end_day":"18.01.04","number_of_videos":97,"start_day":"18.26.03","total_views":23374378,"video_id":["kE2xzxdgWNk","95E4UJCY_gY","UsS7CR7FUos","McXkvzSTLkk","DncP0u3-XRM","4WYnXlWCh2I","PCSAi2Llrng","VVMCz04CmlA","PYX2tS3gB3E","ezmGUtPM81s","rxKOcte2JSs","VK8fwLQJoEY","isZ0k3jDFYc","tKI-Z_o54zA","CIGUWUYU7Pw","1Flq3133Mh8","Yiql8roK3Hc","cJvyOdWK73o","bfqde8ylyik","eboUqs3kNK0","UozlA4KNj_Y","Z0kqm7iSVCU","za5qutRlP0k","eStC5-bhZGw","JXas36-4Bgs","iBOPOPs5vBo","SFiTmu3SbLs","k93yDdzrCy8","PO8dkRmSEfc","K2gMu37FZAA","3kuEFBsXaNg","RxGE-46SGD4","AIvf6r4-EQ8","QsviXswaTAk","VkOSmUF2IQA","KFoaDgkhMfM","OOxhLVujhhU","TkWmK-cplV4","0btSB8ES9sY","vAmCRLU6-iw","xNhNbjJLsN4","A_f7GHjLN9Y","RKqcRcKGv7c","02g9A-9--Ss","xgNTJjUC2s8","2c18PX9acwU","bij6z62f5t0","P62zQv5JNCI","8sGNgHQZ--s","syubN716KuI","5Diyv70aBGQ","iR3m-HWROu8","awYEpuoKYpI","AEJzJa5sBHI","zXEY8j9Z0oI","t3fEYAUAwp4","b7v-otIgo6U","OShVToVhfkI","tUBMQsSNTPY","37XXTu_THg4","FNdyDazu3V4","Tz_ld89nog8","07s3E2Gcvcs","d-_s46Uob5E","JThzjkByzfg","tAtvxvqg9tY","XraaWx8KE3s","JYGNmWwGfig","JNA60SS-qCE","-pvuB8UI5nU","sudG0ziGP7U","mzSQ--M6iRY","NE3dUaGECwE","twjrKnb0YkQ","4xiV_-sVmcM","QYnLBjnO1g0","7ZalJSTxh1s","Ml9v3wHLuWI","qph5Zp_QtlE","W68YfvZ44jw","7rboDk-m1f0","hcybKv5oTQI","NlkfPR8PZSY","hLpKk7Lssog","ZPE3cA7yZ-U","OWvrFhCFR-U","Nrwuntw5LL4","fkmsZFkPAws","G4QByWSQ9ss","kVHllrVjgMY","XiknQ4uRH_0","HUqYRGeOhWI","Q2jSKnadE_Y","kwcF0zKeCxI","YEPdxsAg8Ik","yW46IzghF-M","nOphT8zxFhA"]}
{"category_id":"24","end_day":"18.08.04","number_of_videos":73,"start_day":"18.02.04","total_views":16923415,"video_id":["C3wUOQiVMvk","xaAOiTF-EFY","vxlXOhEE0r8","CIbeYjQ3yGA","TRUguwnzSm0","5vsEdmtwgB0","W68YfvZ44jw","VUAlIgjDXAc","FFJ0J3t2ueo","ohn3zb2BZzg","Dm8X_jhmb2A","NlkfPR8PZSY","8T62hHgql5c","AZUT__JPqos","113davpf-gs","ZTPzw_-XqgY","c-2excR77E8","zv7ttVStG60","NZE_0kYIHE0","7gA63iLM0lg","_h8J6snFB0c","w0E1Im1o-g4","zsNUE5lLuOc","9fB0GBwJ2QA","ijNd7OVd7LA","XFOOI5zSbSU","-_sokgUbQ3s","MZi4QLtqcdw","HKc7uUl3StQ","XL98ybgVJQ0","S8e1yxXiODQ","56ewGBKdQ0Y","FYk7UZc9ZVM","ZzRrihP-Ej0","oB7NE43PjWI","5qPrZ-6ZChg","Pn_S-53vQn0","18yTm_lhyfs","DUsZQa6dZfk","KFQFF796bGc","Ealdqd2Upfw","XA51u52v4wA","lYRUGtSesXk","xC9-30wl1cg","u3UybfWwMTc","vqVjHXz-XOM","Dn7pVUxpUJQ","aSozR1GKefY","5wKh99xBLgw","-NDj_CX62To","csLiDWIqJRs","CkrOE75F_BM","vb97DrNDSfM","m0LSRUTmVvw","1d4OBiC7Bok","PDR4Sqy6Z3M","B6F4ol6Ruwc","dD1YeYV-1_U","osWlgDUJjvM","u6UZyy_yBQM","jbp7iHRtKVM","4qrJuU04osY","nh3Yhvff_mY","ycgvsLVtofA","CrbVArYRozg","dbvOiYC3OfY","yQKtUga2o1w","mP5GKVUEYAE","X9jCmZm9CQw","1SRUFa3zE8U","y7wZJ5Ge-Pk","bM-hQrcONg0","WhZxheIcNDc"]}
{"category_id":"10","end_day":"18.15.04","number_of_videos":19,"start_day":"18.09.04","total_views":25490694,"video_id":["cXKhqqk0RaQ","3lIwWs1dkdA","asDHD-wN3BA","M4ZoCHID9GI","DPxL7dO5XPc","BidS_rcf7UU","88fPrsdPcGo","9TUBf6l7FBg","_NWs7ntMRBA","MaoRf0OwYG8","J-dv_DcDD_A","ZZ6ZhLQJ9tk","caZsVvKE9sw","rzgw0XldTC0","TGvym1bLi-4","JtCy-eI57Tg","BTyhz6DpMi4","eaVSN3coQM4","pQSID3EaIYw"]}
{"category_id":"10","end_day":"18.22.04","number_of_videos":24,"start_day":"18.16.04","total_views":64687770,"video_id":["3lIwWs1dkdA","z5WrgDzNIZ0","cXKhqqk0RaQ","sbf9x33iEUM","asDHD-wN3BA","DPxL7dO5XPc","Lj7il_Lvst0","UCdMwyIy3ks","HS-IGKUksog","lPiIp5QuTRU","R9tGqDgGvDo","ytwq9M1Mq8E","ayb1wJ9_Xmw","ffxKSjUwKdU","yO9snUMvRuU","3RmbF8i5YsI","MgvrkdxG2cc","vUTI4bPdlgE","zEf423kYfqk","tlILlcCE8Sc","3pDKb0Pk0IE","rsWmrGuuWuE","7BpkHXV4Diw","b6DPdaGTTRg"]}
{"category_id":"24","end_day":"18.29.04","number_of_videos":100,"start_day":"18.23.04","total_views":89698719,"video_id":["6ia8dZnUh-M","vHwNvOsaF6o","JFBudC8TEmw","kmctqUnzUVw","182w91bOpj8","JMvkr_SQh6A","DaP-Lp3Tgg4","qR8e13Cu3Sc","3Z8sA8VUnRk","WfcukuhE1D0","38ScUpuO7v0","MKvxo14wYlY","SRfXOD4-yr4","YP18Zg9OzN4","w0ALeewL8Z4","MdiP-FATiCo","_CcqjgSo93E","hVlAs7lDBcU","bHb144Mkhjw","wM0FTIMAu8M","jfWVTO_iO6A","-RwypjAJrAM","h_z5v4KpPXM","0QpLTM0iJYs","Iq6gCapM9gk","zUVwO64cMsg","6R-gTZ-z3hQ","wGDPML1X5v0","VopB3HnOJQQ","lWEhXAmTskQ","tHmAPWOo2jY","K8jLEgPsXKw","X9U4hBXox78","5xnZ_CeTqyM","DM30XULLz6Y","A17_GLxFF90","RJSCv0QOOX0","u9Mv98Gr5pY","KLagR_uBd0o","bNuSXqpycIk","l-pbrYIGGIs","iWhk6DRqGjQ","loTTXvvMkEQ","rRr1qiJRsXk","CosPLLQ_yyY","HrHhmnSJhSk","-oszvKQ3Cpk","baG767jr8c8","A0gRHq_6Xa0","sxdj9j88AkQ","ovIVz3Q0AQY","LB3bJPyTVF0","87T87UPmVfM","oecKB9QZwxY","dAk1pgNg340","KtM2vZRvxnE","gwpDzIjUV6M","YRmmy6NQmlE","f_0duM9EQx8","TkVGSdWZUGA","heNYBivbt-M","WaCWuyHEdV0","WwRwTfI8zv4","fAYjSLtz6wQ","n_1nPovdD2E","53kkwaob8O0","kUwIMBDDJQo","xqLVCuZnhrQ","dnE1bdXbkfQ","NWpA_yuUL9g","52Zoc8ztTo0","wNG9Hcn7F-c","0VlfItmdxmw","4BtPvhvMTP0","R0r5PFB-pFQ","8-P-sAYBT-Q","-NFEYRHRTug","csA3Ie-VIbs","bCys42hGcoc","d4kDR5dresE","nfI5j2ORMVw","cyIftAPf7kM","IjVeLzl-Jo8","HH6M5tPZfdo","KOt5Cd-ZwTA","DpEfsDmMyF4","EoLguI2AH9A","FeCjf_ZxxQc","k2ncBw-Y-Yw","btG1nqRLSz8","l9RWJcYJjw8","EQuPGsDfZh4","4X4ImTkqpxA","5JYqTSSH6IA","uDmv_JS2DDo","RMe_BE1_IuU","h0Z3XZMk-3Q","W5qRRqp10y0","Eh5eWMn9mJM","yRRTHNmIPtg"]}
{"category_id":"10","end_day":"18.06.05","number_of_videos":31,"start_day":"18.30.04","total_views":54635663,"video_id":["CKhLVMqJ7p0","IAuzNXGmkL4","KgMxMavEUVg","iWZmdoY1aTE","XbqPNpyee80","azjyRuSZD4k","uJ9M_7zSa3s","4t6rQDxJwno","E5_7kQpLvM0","0KbqBA-VlRc","qSKOPBVkpJk","tsp7IOr7Q9A","ucVJrja8r6Q","sqCLVS1GgJs","xzHJ2aZR6e4","DkeiKbqa02g","6EBCzYq9DSQ","CX11yw6YL1w","DSRSgMp5X1w","38wsRavv4ns","5GHXEGz3PJg","Bs-Hr-gEJAU","5orrZxSjLQA","dARAN1z2KqY","cag6mg-mZQ8","Wpm07-BGJnE","5nun8qvVWc8","HhoATZ1Imtw","vjI4Alon-3Q","P3iLo_JI9oY","XJT7I0sLdD0"]}
{"category_id":"10","end_day":"18.13.05","number_of_videos":20,"start_day":"18.07.05","total_views":96964952,"video_id":["VYOjWnS4cMY","Wpm07-BGJnE","6rwuqarFZUc","8NtbKpYqfkw","p8npDG2ulKQ","kMM4HIj0BpQ","aoPP6tRYD4g","FRjOSmc01-M","cXQYsW4Jfg0","8w3gL8qPOig","z8ynZbOPPGo","Moa7lrS0le8","UWX5u-g28Q0","l884wKofd54","8h--kFui1JA","wkFMW8s7oCQ","xVGRDPxlS7k","tjA7nAHOAww","HxTYReOlLkc","32sYGCOYJUM"]}
{"category_id":"24","end_day":"18.20.05","number_of_videos":112,"start_day":"18.14.05","total_views":61532348,"video_id":["7hN1r9jksJo","ygv6qrhNEUY","3YWONOIRNg0","nldk98Lz33E","P2mKlngatoM","FmeVHlJOpzQ","InsFhJxALhM","j4KvrAUjn6c","8cQGzbu98HU","C5Rm6rDbF20","D0bT1CZn0sI","84LBjXaeKk4","xS4rK64d-Rk","f6PV2ECcFG0","9flG5EqRPSc","IYfgvS0FA7U","JxlwUCtSOmk","CQy3U05_8uU","DTEtvfKA8rk","Z0IMCK81Ffg","J5hWGBYJRMU","j0fB6Cg5AAQ","1RZYOeQeIXE","TToAcv2q4sU","CDDm6eu3unU","3hBiRvtIRwE","MfOUrcJXORw","mVYnijQaKvI","9Y7X6le5qmE","xBht9TG7ySw","PZqRgT85E0Q","5gy7wSLhJr8","LPX4uBnmzGY","PKffzHbEdac","d3bsd8N_KGo","yXTO67siNGM","atLL2Yzi3bg","t9ZaIT3L4JE","evKZGQ-qwEE","WTMzIDfGpKY","bVeAdzNU2ow","F7n8Szu4m5s","UDlpZJ8EG8c","_MOVYyJqIdE","R3gYYWIAaM4","QewLyBBiTAk","dX4jl1tukvM","EZHYH43PSDE","JbbAJwsMTJA","TdKAwPP3s1Q","DQlgZq-AWsY","Kzwq1RxPcbA","sTT8Zf6-Ugo","dojyx_b5aeA","bWnQevBxYYE","5WeGNZgmIxA","k_mkAs7Gt8s","Gu-nwRUW9ZA","JIJB7cv97Dg","XF4_DvnNeCQ","djIKPBvqJ8o","nKuWFx7lch4","DKP16PZm69c","-C66-6LRVHE","COkL0XPnCOY","syp5Gtin8HQ","OBQJyr_CxEA","vsotoBNs4Rg","-PO2jJjNzsI","_caLZ8DfV6s","gBoUQwFAkGc","Cc4Sb8VZuRA","V3HIXBaAVoc","f_R9_xdhuNw","1jk3oyijQW8","MQSNGUPmVYs","wNovUNlApko","u8Bq1FKWAP0","DG8Vpj3jDMw","GuTYtXN9Tbs","jfyDd2s1uS4","KObL442PWhQ","HTTpDGDAxtg","MWb2vazaD28","vQg6og9PQ5c","_ezMSaHr56I","ej46Gqccens","U6VfpTsqw-s","ZATa3PgnyYI","ZHYr9YrpBcU","tM0EJGhIGas","VDhHa4X9m-Q","3KiU69cu0hI","wswvNZveNHc","mJUdhSm6Lqw","QNZ53Cpl9B4","zXQkZFTXT0I","_AgzMTsNdR4","P1cD0ACAUNA","4o0cU2-IlCE","0MHnYiiLi3w","BWBS6w1kLKg","wSFF-dWv9LM","4oLYsYO_Sp8","AuSVnJJOsuo","CTH_cEmp6Kw","n4cfzZ7_lTw","Wd69L0vmaOQ","QOFFGfPgFfs","Fgd0RrJBXGo","eiudTjsGM7g","o8oYmaasdA4"]}
{"category_id":"10","end_day":"18.27.05","number_of_videos":23,"start_day":"18.21.05","total_views":45123849,"video_id":["ykzxD3sHaoc","7C2z4GqqS5E","_WmNcHQlqP4","uKmA0nHe4no","QgOXIEhHU1Y","8zSRkr1nQNw","SWAXUbqda_E","E6OZEgP-8k8","HfRZ67HSDdA","3Q2j5ApzSqs","voG07pt-KYI","CUgdbEQWVvM","aEM2kOrrNJI","Q-uUyMYs7Do","4KtBBzHWmTI","kFMZUxX6K6o","BMARYltP-xw","5ZKx4fVtP98","WMIDCVupz1M","MYCGz0sMaq0","MFRjnfukHfE","RNlQU-7y9Fo","UW_xEqCWrm0"]}
{"category_id":"10","end_day":"18.03.06","number_of_videos":27,"start_day":"18.28.05","total_views":78637380,"video_id":["fYM5gJcx0po","UC6USOV4ewc","BMARYltP-xw","kFMZUxX6K6o","wS4ESheuHDY","uE1my0RnPe4","xTlNMmZKwpA","lRS3SyD5QGs","aJOTlE1K90k","E5yFcdPAGv0","8JnfIa84TnU","FnaqC2ZH3Z0","VmwOMtkDxtk","2SJ0hgdciNE","Uhe9EHUgwlg","S2rKCq5wN-I","77KU17WfDaM","Iq7E7Ht_jNo","tfmPPxcbBgQ","TEiznYjxbvs","uZwsYdxecA8","zUzBfBqbSmc","fCQDWo5VS1Y","V4l_k2-PNEY","pCTs5naxPA0","D_6QmL6rExk","E20rACXLyFg"]}
{"category_id":"24","end_day":"18.10.06","number_of_videos":93,"start_day":"18.04.06","total_views":68150414,"video_id":["gVob-aLabzY","d8AxPKjgBUk","zQBHTiLofkU","eEos29aQ824","wsuK5tRzCDM","2s4GMLkTNv0","0rUOIbD8jB4","UTVpWVO4vZU","T2YJYVYYhfI","qN62WVR4-r8","Wx8tI7Nuge0","efA-Ql5cfws","G1i9-Rm5vUc","ku7kwR95Sew","9r-_GoSvDAw","Gi-GLqVcyHc","4z1sAH9FZek","YbJaE3OmSi8","nG2pEffLEJo","EE2p7yHpINE","miLRdJlMBuY","KD9NCNOFD3A","JMQCB_5hfOM","KHQhp2cGZtE","IuAOUCF0J8U","DotpPZ2-RIs","bF_naHpa-T4","8In10c9jcDo","O8EMurwA6g8","Jodbdj52Vc0","xK_2RpPiDQs","wPuMf9U-FPE","PALZ9-UBbjc","XvHSlHhh1gk","e_B2GkcUtrI","6IwrvD2Usig","n56h3i4WHJM","rWoePowncz4","44fjX-rgJ7s","VsDUv3Bu5l8","xX3D88GuxoM","UU-gWh8dQBM","4YwphaTJLBo","P38_Wo_8qsg","IO8u-ENHTic","eBW63q4YAI8","0TNVthqZ3uc","wudu7a0J044","QfduarB0n0Y","D3qGajC5jqQ","k0E6NRclHE8","RqBlVrsnhlc","jeILuA7nUKk","njIP93V9qYg","msK6mERh51o","g4Hbz2jLxvQ","0Fko8il7jLk","ARiGrD_EQjs","oTkv1jJ7fkQ","ExJmET8boVw","MoIo7u1PQp4","jzEVw_1CoxI","nuw6TLOEm7Q","lZSYLB8Lbbo","jBDPs5A5L_0","4iRJDDjejCI","ryv6zgz7JQk","b8WcKHVZFPo","nm16268SVzw","3u_wnhWvN0k","cOKCQ9fyqeY","-ceGIszLBoc","xeZSAv3c0Ew","naW9U8MiUY0","KMhnMnhFNrw","1iNy0DMBVUA","iFJdSUMIxH0","5O0N3u9-m7c","r2yYjPsY5Yg","fYIgAmS_qlQ","KyB0zVHm2P0","_Ek_TugNKuc","XWheLZGWqOY","4IEsBP8JKnc","k1H0MdQqHOA","3hHWQMVkFck","0Bp_cJXUp6Y","ek1ePFp-nBI","Ug5tnOK_CMs","8kzj3kNcy3E","zbfWD39uN5c","0VrTsfcTCek","t3j7UJgH1vE"]}
{"category_id":"24","end_day":"18.17.06","number_of_videos":56,"start_day":"18.11.06","total_views":21525004,"video_id":["3hHWQMVkFck","sd4oUYt9uRU","0Bp_cJXUp6Y","1U9vb7LZSQ4","VL7iwC0TAog","M12q9Q_6Sgo","6fqRuHDixtA","hWXnpRRREvc","8InIO2w8l6Y","T1ZhQPfdv80","jqV4s_JrjwQ","ek1ePFp-nBI","nw16ibo5lWA","vzyrYXmetgY","IeX7sPs_01k","jBvb0nR-aOo","Xz1LqTilfpc","TZT4arxhAjc","hOZe-Z3knKE","N-KUZuEIcFw","DVwQuiocBeg","UB1M_nf9M5E","CTwP_K2EC_Q","JsNUHipvE6Y","8BWTl5ZEVWM","HO7yx9UYaak","bQpcE4dBaKE","mOVPStnVgvU","JxbV5wGpXc8","7u9FWjnT4u4","FEBfjqZODs8","ccYF1Tv301g","-GS87f73Zkk","XaMsAumkTmI","BiBPoecxhNw","FL5KAijD324","andQ8XHy6Vw","QG90pfZNiuY","bI-S4oDNLWs","gr3iHCQ90as","4V3Y8Sbz9HI","DCWMU8pNESw","Q3L0gArhmaE","OMhchZeaqvc","TW8zPIwBZPE","TjJPQztFn98","96_JT63g5bY","cdWw_VPglEs","QFWfLAi2e6E","TPzd5fJC_U0","3SyZGE96XzY","qthbOQIUybY","4EyxA3FoF5Y","uwV9cq9DRTY","Gn1s5k5DVlE","cZBAGbQl1Hc"]}
